-- MySQL dump 10.13  Distrib 5.5.44, for debian-linux-gnu (x86_64)
--
-- Host: localhost    Database: PRISMA
-- ------------------------------------------------------
-- Server version	5.5.44-0+deb7u1

/*!40101 SET @OLD_CHARACTER_SET_CLIENT=@@CHARACTER_SET_CLIENT */;
/*!40101 SET @OLD_CHARACTER_SET_RESULTS=@@CHARACTER_SET_RESULTS */;
/*!40101 SET @OLD_COLLATION_CONNECTION=@@COLLATION_CONNECTION */;
/*!40101 SET NAMES utf8 */;
/*!40103 SET @OLD_TIME_ZONE=@@TIME_ZONE */;
/*!40103 SET TIME_ZONE='+00:00' */;
/*!40014 SET @OLD_UNIQUE_CHECKS=@@UNIQUE_CHECKS, UNIQUE_CHECKS=0 */;
/*!40014 SET @OLD_FOREIGN_KEY_CHECKS=@@FOREIGN_KEY_CHECKS, FOREIGN_KEY_CHECKS=0 */;
/*!40101 SET @OLD_SQL_MODE=@@SQL_MODE, SQL_MODE='NO_AUTO_VALUE_ON_ZERO' */;
/*!40111 SET @OLD_SQL_NOTES=@@SQL_NOTES, SQL_NOTES=0 */;

--
-- Table structure for table `Accion`
--

DROP TABLE IF EXISTS `Accion`;
/*!40101 SET @saved_cs_client     = @@character_set_client */;
/*!40101 SET character_set_client = utf8 */;
CREATE TABLE `Accion` (
  `id` int(11) NOT NULL AUTO_INCREMENT,
  `PantallaElementoid` int(11) NOT NULL,
  `nombre` varchar(45) NOT NULL,
  `TipoAccionid` int(11) NOT NULL,
  `PantallaElementoidDestino` int(11) DEFAULT NULL,
  `imagen` blob,
  `descripcion` varchar(999) NOT NULL,
  `urlDestino` varchar(2000) DEFAULT NULL,
  `metodo` varchar(10) DEFAULT NULL,
  PRIMARY KEY (`id`),
  KEY `FKAccion62036` (`PantallaElementoidDestino`),
  KEY `FKAccion918990` (`PantallaElementoid`),
  KEY `FKAccion910670` (`TipoAccionid`),
  CONSTRAINT `FKAccion62036` FOREIGN KEY (`PantallaElementoidDestino`) REFERENCES `Pantalla` (`Elementoid`) ON DELETE CASCADE ON UPDATE CASCADE,
  CONSTRAINT `FKAccion910670` FOREIGN KEY (`TipoAccionid`) REFERENCES `TipoAccion` (`id`) ON UPDATE CASCADE,
  CONSTRAINT `FKAccion918990` FOREIGN KEY (`PantallaElementoid`) REFERENCES `Pantalla` (`Elementoid`) ON DELETE CASCADE ON UPDATE CASCADE
) ENGINE=InnoDB AUTO_INCREMENT=13 DEFAULT CHARSET=latin1;
/*!40101 SET character_set_client = @saved_cs_client */;

--
-- Dumping data for table `Accion`
--

LOCK TABLES `Accion` WRITE;
/*!40000 ALTER TABLE `Accion` DISABLE KEYS */;
INSERT INTO `Accion` VALUES (1,19,'Registrar',2,20,NULL,'Permite al actor solicitar el registro de un actor.','x','x'),(2,20,'Aceptar',2,19,NULL,'Permite al actor guardar el registro del actor.','x','x'),(3,20,'Cancelar',2,19,NULL,'Permite al actor cancelar el registro del actor.','x','x'),(4,32,'Entrar',2,33,'iVBORw0KGgoAAAANSUhEUgAAABgAAAAYCAYAAADgdz34AAAABHNCSVQICAgIfAhkiAAAAAlwSFlzAAAK8AAACvABQqw0mAAAABh0RVh0U29mdHdhcmUAQWRvYmUgRmlyZXdvcmtzT7MfTgAAAkdJREFUSInNlU9IFHEUxz/vN+MuratWGEFE5VUNCqMs6BrRoQ4duwXhpRCiPxTRydBN6VBQUhhIhyDoGHQVghIzFQoiiIKoQ1IZtu7u/Pm9Drujs61rmi34hcfM/ObxPu/3fu/NiKpSS5maRl+zgOHJzemh8aaWmgGsbn1Q5+x+f//VznM1AeT96fbZwjtRmvrvjXdc+O8A39qCb5VfhQ9AfWZwbE9ViERt2jPiNDbXH+xOupuaVO2ivSsIloCfuamTSrhR1SJiqK9rIdC5i6f3jl2vCrg5uq9LSAxaLQBSNXtFKQTfAFt8VkXEkE7sILDZ892dowNxfze6yfnZpB9+RVl68AQQcQFnAaqWmfwnGpLb+28878ye3f/iTvRu/gy80GqoCawml7RQkwTWKbPQJvAtzOS/AKnbvc862ip24AUOi1d+eRIMlpDQfseRxGHgTTnAF6xWr/3y5OJ5Pq6jIwsrJeV9I6v98KmCY9zLA0cmXlYACp7YZe9AKvtMFYwxfbeOTfTG12MlMo+s1VaQxqWSBAitPQo671fM3GSGT0xeqsjlX8py/O6u1xbbFnW0MdL3+NRURfCyHaxEOU+MtYAIjiPXnnRNXqnmK6qKW5ycdSVgNEWmZBIzQpg9cLX9oUmZQ/4Pb2g08/YMsN4pli8EgpLlAtUgAqSBZiAFJGKgCBBdUQgbtjWkN7Q2bvn49PO4QKo0rVFgD5gDpgPVbNkZuCL8kXHULPNNIyAB+KqqIuK6RagSsyAWc9W9/zetzX/ySvQbgysSQJjQz44AAAAASUVORK5CYII=','Permite al actor entrar un proyecto.','/proyectos/1','GET'),(5,34,'Actores',3,19,NULL,'Permite al actor gestionar los actores.','/actores','GET'),(6,38,'Aceptar',3,32,NULL,'Permite al actor solicitar el inicio de sesión.','prisma/access!login','POST'),(7,34,'Proyectos',3,32,NULL,'Permite al actor gestionar los proyectos.','/proyectos','GET'),(8,44,'Personal',3,45,NULL,'Esta opción del menú permite solicitar la gestión del personal.','prisma/personal','GET'),(9,44,'Proyectos',3,43,NULL,'Esta opción permite al actor solicitar la gestión de proyectos.','prisma/proyectos-admin','GET'),(10,46,'Cancelar',2,45,NULL,'Permite al actor cancelar el registro de una persona.','prisma/personal','GET'),(11,46,'Aceptar',2,45,NULL,'Permite al actor guardar el registro de la persona.','prisma/personal','POST'),(12,45,'Registrar',2,46,NULL,'Permite al actor solicitar el registro de una persona.','prisma/personal/new','GET');
/*!40000 ALTER TABLE `Accion` ENABLE KEYS */;
UNLOCK TABLES;

--
-- Table structure for table `Actor`
--

DROP TABLE IF EXISTS `Actor`;
/*!40101 SET @saved_cs_client     = @@character_set_client */;
/*!40101 SET character_set_client = utf8 */;
CREATE TABLE `Actor` (
  `otraCardinalidad` varchar(45) DEFAULT NULL,
  `Elementoid` int(11) NOT NULL,
  `Cardinalidadid` int(11) NOT NULL,
  PRIMARY KEY (`Elementoid`),
  KEY `FKActor872913` (`Cardinalidadid`),
  KEY `FKActor148309` (`Elementoid`),
  CONSTRAINT `FKActor148309` FOREIGN KEY (`Elementoid`) REFERENCES `Elemento` (`id`) ON DELETE CASCADE ON UPDATE CASCADE,
  CONSTRAINT `FKActor872913` FOREIGN KEY (`Cardinalidadid`) REFERENCES `Cardinalidad` (`id`) ON UPDATE CASCADE
) ENGINE=InnoDB DEFAULT CHARSET=latin1;
/*!40101 SET character_set_client = @saved_cs_client */;

--
-- Dumping data for table `Actor`
--

LOCK TABLES `Actor` WRITE;
/*!40000 ALTER TABLE `Actor` DISABLE KEYS */;
INSERT INTO `Actor` VALUES (NULL,1,1),(NULL,2,2),(NULL,3,1);
/*!40000 ALTER TABLE `Actor` ENABLE KEYS */;
UNLOCK TABLES;

--
-- Table structure for table `Actualizacion`
--

DROP TABLE IF EXISTS `Actualizacion`;
/*!40101 SET @saved_cs_client     = @@character_set_client */;
/*!40101 SET character_set_client = utf8 */;
CREATE TABLE `Actualizacion` (
  `id` int(11) NOT NULL AUTO_INCREMENT,
  `fecha` date NOT NULL,
  `comentario` varchar(999) NOT NULL,
  `Elementoid` int(11) NOT NULL,
  `ColaboradorCURP` varchar(18) NOT NULL,
  PRIMARY KEY (`id`),
  KEY `FKActualizac268678` (`ColaboradorCURP`),
  KEY `FKActualizac954409` (`Elementoid`),
  CONSTRAINT `FKActualizac268678` FOREIGN KEY (`ColaboradorCURP`) REFERENCES `Colaborador` (`CURP`),
  CONSTRAINT `FKActualizac954409` FOREIGN KEY (`Elementoid`) REFERENCES `Elemento` (`id`) ON DELETE CASCADE ON UPDATE CASCADE
) ENGINE=InnoDB DEFAULT CHARSET=latin1;
/*!40101 SET character_set_client = @saved_cs_client */;

--
-- Dumping data for table `Actualizacion`
--

LOCK TABLES `Actualizacion` WRITE;
/*!40000 ALTER TABLE `Actualizacion` DISABLE KEYS */;
/*!40000 ALTER TABLE `Actualizacion` ENABLE KEYS */;
UNLOCK TABLES;

--
-- Table structure for table `Atributo`
--

DROP TABLE IF EXISTS `Atributo`;
/*!40101 SET @saved_cs_client     = @@character_set_client */;
/*!40101 SET character_set_client = utf8 */;
CREATE TABLE `Atributo` (
  `id` int(11) NOT NULL AUTO_INCREMENT,
  `nombre` varchar(200) NOT NULL,
  `descripcion` varchar(999) NOT NULL,
  `obligatorio` tinyint(1) NOT NULL,
  `longitud` int(10) DEFAULT NULL,
  `formatoArchivo` varchar(50) DEFAULT NULL,
  `tamanioArchivo` float DEFAULT NULL,
  `UnidadTamanioid` int(10) DEFAULT NULL,
  `EntidadElementoid` int(11) NOT NULL,
  `TipoDatoid` int(10) NOT NULL,
  `otroTipoDato` varchar(45) DEFAULT NULL,
  PRIMARY KEY (`id`),
  UNIQUE KEY `uniqueAtributo` (`nombre`,`EntidadElementoid`),
  KEY `FKAtributo234480` (`UnidadTamanioid`),
  KEY `FKAtributo539266` (`EntidadElementoid`),
  KEY `FKAtributo156815` (`TipoDatoid`),
  CONSTRAINT `FKAtributo156815` FOREIGN KEY (`TipoDatoid`) REFERENCES `TipoDato` (`id`) ON UPDATE CASCADE,
  CONSTRAINT `FKAtributo234480` FOREIGN KEY (`UnidadTamanioid`) REFERENCES `UnidadTamanio` (`id`) ON UPDATE CASCADE,
  CONSTRAINT `FKAtributo539266` FOREIGN KEY (`EntidadElementoid`) REFERENCES `Entidad` (`Elementoid`) ON DELETE CASCADE ON UPDATE CASCADE
) ENGINE=InnoDB AUTO_INCREMENT=21 DEFAULT CHARSET=latin1;
/*!40101 SET character_set_client = @saved_cs_client */;

--
-- Dumping data for table `Atributo`
--

LOCK TABLES `Atributo` WRITE;
/*!40000 ALTER TABLE `Atributo` DISABLE KEYS */;
INSERT INTO `Atributo` VALUES (1,'Clave','Clave que permitirá distinguir el tipo de Elemento.',1,10,NULL,NULL,NULL,4,1,NULL),(2,'Número','Número del Elemento del tipo definido por la Clave.',1,20,NULL,NULL,NULL,4,1,NULL),(3,'Nombre','Nombre que identificará al Elemento.',1,200,NULL,NULL,NULL,4,1,NULL),(4,'Nombre','Nombre que identificará al Actor.',1,200,NULL,NULL,NULL,5,1,NULL),(5,'Descripción','Texto que describirá al Actor.',1,999,NULL,NULL,NULL,5,1,NULL),(6,'Otra cardinalidad','En caso de seleccionar la opción “Otra” como cardinalidad, este campo permitirá describirla.',1,999,NULL,NULL,NULL,5,1,NULL),(7,'Clave','Clave que permitirá distinguir el tipo de Elemento.',1,10,NULL,NULL,NULL,5,1,NULL),(8,'Nombre','Palabra que sirve para identificar al módulo.',1,45,NULL,NULL,NULL,29,1,NULL),(9,'Clave','Clave que permitirá distinguir al módulo, generalmente es la abreviación del nombre del módulo.',1,10,NULL,NULL,NULL,29,1,NULL),(10,'Descripción','Párrafo que contiene las características generales del módulo.',1,999,NULL,NULL,NULL,29,1,NULL),(11,'CURP','Clave Única de Registro de Población.',1,18,NULL,NULL,NULL,36,1,NULL),(12,'Nombre','Nombre o nombres de pila del colaborador.',1,45,NULL,NULL,NULL,36,1,NULL),(13,'Primer Apellido','Nombre de familia con que se distinguen las personas.',1,45,NULL,NULL,NULL,36,1,NULL),(14,'Segundo Apellido','Nombre de familia con que se distinguen las personas.',0,45,NULL,NULL,NULL,36,1,NULL),(15,'Correo electrónico','Dirección de correo electrónico.',1,45,NULL,NULL,NULL,36,1,NULL),(16,'Contraseña','Código necesario para accesar al sistema.',1,20,NULL,NULL,NULL,36,1,NULL),(17,'Clave','Clave que permitirá distinguir al proyecto, generalmente es la abreviación del nombre del proyecto.',1,10,NULL,NULL,NULL,40,1,NULL),(18,'Nombre','Palabra que sirve para identificar al proyecto.',1,50,NULL,NULL,NULL,40,1,NULL),(19,'Descripción','Párrafo que contiene las características generales del proyecto.',1,999,NULL,NULL,NULL,40,1,NULL),(20,'Id','Identificador numérico del proyecto.',1,11,NULL,NULL,NULL,40,3,NULL);
/*!40000 ALTER TABLE `Atributo` ENABLE KEYS */;
UNLOCK TABLES;

--
-- Table structure for table `Cardinalidad`
--

DROP TABLE IF EXISTS `Cardinalidad`;
/*!40101 SET @saved_cs_client     = @@character_set_client */;
/*!40101 SET character_set_client = utf8 */;
CREATE TABLE `Cardinalidad` (
  `id` int(11) NOT NULL AUTO_INCREMENT,
  `nombre` varchar(10) NOT NULL,
  PRIMARY KEY (`id`),
  UNIQUE KEY `uniqueCardinalidad` (`nombre`)
) ENGINE=InnoDB AUTO_INCREMENT=4 DEFAULT CHARSET=latin1;
/*!40101 SET character_set_client = @saved_cs_client */;

--
-- Dumping data for table `Cardinalidad`
--

LOCK TABLES `Cardinalidad` WRITE;
/*!40000 ALTER TABLE `Cardinalidad` DISABLE KEYS */;
INSERT INTO `Cardinalidad` VALUES (2,'Muchos'),(3,'Otra'),(1,'Uno');
/*!40000 ALTER TABLE `Cardinalidad` ENABLE KEYS */;
UNLOCK TABLES;

--
-- Table structure for table `CasoUso`
--

DROP TABLE IF EXISTS `CasoUso`;
/*!40101 SET @saved_cs_client     = @@character_set_client */;
/*!40101 SET character_set_client = utf8 */;
CREATE TABLE `CasoUso` (
  `Elementoid` int(11) NOT NULL,
  `redaccionActores` varchar(1000) DEFAULT NULL,
  `redaccionEntradas` varchar(1000) DEFAULT NULL,
  `redaccionSalidas` varchar(1000) DEFAULT NULL,
  `redaccionReglasNegocio` varchar(1000) DEFAULT NULL,
  `Moduloid` int(11) NOT NULL,
  PRIMARY KEY (`Elementoid`),
  KEY `FKCasoUso589849` (`Elementoid`),
  KEY `FKCasoUso686967` (`Moduloid`),
  CONSTRAINT `FKCasoUso589849` FOREIGN KEY (`Elementoid`) REFERENCES `Elemento` (`id`) ON DELETE CASCADE ON UPDATE CASCADE,
  CONSTRAINT `FKCasoUso686967` FOREIGN KEY (`Moduloid`) REFERENCES `Modulo` (`id`) ON DELETE CASCADE ON UPDATE CASCADE
) ENGINE=InnoDB DEFAULT CHARSET=latin1;
/*!40101 SET character_set_client = @saved_cs_client */;

--
-- Dumping data for table `CasoUso`
--

LOCK TABLES `CasoUso` WRITE;
/*!40000 ALTER TABLE `CasoUso` DISABLE KEYS */;
INSERT INTO `CasoUso` VALUES (21,'$ACT·1, ACT·2','$ATR·4 \n ATR·5 \n ATR·6 \n GLS·6','$ATR·7 \n MSG·13 \n MSG·14 \n MSG·15 \n MSG·16 \n MSG·17 \n MSG·18 \n MSG·22','$RN·7 \n RN·8 \n RN·9 \n RN·10 \n RN·11 \n RN·12',1),(30,'$ACT·1, ACT·2','$ATR·20','$ATR·9 \n ATR·8 \n ATR·10 \n ATR·4 \n MSG·31','$Ninguna',1),(39,'$ACT·1, ACT·2, ACT·3','$ATR·15 \n ATR·16','$MSG·14 \n MSG·16 \n MSG·37','$RN·8 \n RN·12',1),(41,'$ACT·1, ACT·2','$Ninguna','$ATR·17 \n ATR·18 \n MSG·31','$Ninguna',1),(42,'$ACT·3 ','$Ninguna','$ATR·17 \r\nATR·18 \r\nATR·12, ATR·13 y ATR·14 del líder del proyecto.','$Ninguna',1),(47,'$ACT·3 ','$Ninguna','$ATR·11, ATR·12, ATR·13 y ATR·14 de todas las personas.','$Ninguna',1),(48,'$ACT·3 ','$ATR·11, ATR·12, ATR·13, ATR·14, ATR·15 y ATR·16','$Ninguna','$RN·8, RN·49, RN·11, RN·12 ',1);
/*!40000 ALTER TABLE `CasoUso` ENABLE KEYS */;
UNLOCK TABLES;

--
-- Table structure for table `CasoUso_Actor`
--

DROP TABLE IF EXISTS `CasoUso_Actor`;
/*!40101 SET @saved_cs_client     = @@character_set_client */;
/*!40101 SET character_set_client = utf8 */;
CREATE TABLE `CasoUso_Actor` (
  `id` int(11) NOT NULL AUTO_INCREMENT,
  `CasoUsoElementoid` int(11) NOT NULL,
  `ActorElementoid` int(11) NOT NULL,
  PRIMARY KEY (`id`),
  UNIQUE KEY `uniqueRelacionActor` (`CasoUsoElementoid`,`ActorElementoid`),
  KEY `FKCasoUso_Ac644128` (`CasoUsoElementoid`),
  KEY `FKCasoUso_Ac543005` (`ActorElementoid`),
  CONSTRAINT `FKCasoUso_Ac543005` FOREIGN KEY (`ActorElementoid`) REFERENCES `Actor` (`Elementoid`) ON UPDATE CASCADE,
  CONSTRAINT `FKCasoUso_Ac644128` FOREIGN KEY (`CasoUsoElementoid`) REFERENCES `CasoUso` (`Elementoid`) ON DELETE CASCADE ON UPDATE CASCADE
) ENGINE=InnoDB AUTO_INCREMENT=14 DEFAULT CHARSET=latin1;
/*!40101 SET character_set_client = @saved_cs_client */;

--
-- Dumping data for table `CasoUso_Actor`
--

LOCK TABLES `CasoUso_Actor` WRITE;
/*!40000 ALTER TABLE `CasoUso_Actor` DISABLE KEYS */;
INSERT INTO `CasoUso_Actor` VALUES (1,21,1),(2,21,2),(3,30,1),(4,30,2),(5,39,1),(6,39,2),(7,39,3),(8,41,1),(9,41,2),(10,42,3),(11,47,3),(13,48,3);
/*!40000 ALTER TABLE `CasoUso_Actor` ENABLE KEYS */;
UNLOCK TABLES;

--
-- Table structure for table `CasoUso_Pantalla`
--

DROP TABLE IF EXISTS `CasoUso_Pantalla`;
/*!40101 SET @saved_cs_client     = @@character_set_client */;
/*!40101 SET character_set_client = utf8 */;
CREATE TABLE `CasoUso_Pantalla` (
  `id` int(10) NOT NULL AUTO_INCREMENT,
  `PantallaElementoid` int(11) NOT NULL,
  `CasoUsoElementoid` int(11) NOT NULL,
  PRIMARY KEY (`id`),
  UNIQUE KEY `uniqueRelacionPantalla` (`PantallaElementoid`,`CasoUsoElementoid`),
  KEY `FKCasoUso_Pa531997` (`CasoUsoElementoid`),
  KEY `FKCasoUso_Pa280704` (`PantallaElementoid`),
  CONSTRAINT `FKCasoUso_Pa280704` FOREIGN KEY (`PantallaElementoid`) REFERENCES `Pantalla` (`Elementoid`) ON UPDATE CASCADE,
  CONSTRAINT `FKCasoUso_Pa531997` FOREIGN KEY (`CasoUsoElementoid`) REFERENCES `CasoUso` (`Elementoid`) ON DELETE CASCADE ON UPDATE CASCADE
) ENGINE=InnoDB DEFAULT CHARSET=latin1;
/*!40101 SET character_set_client = @saved_cs_client */;

--
-- Dumping data for table `CasoUso_Pantalla`
--

LOCK TABLES `CasoUso_Pantalla` WRITE;
/*!40000 ALTER TABLE `CasoUso_Pantalla` DISABLE KEYS */;
/*!40000 ALTER TABLE `CasoUso_Pantalla` ENABLE KEYS */;
UNLOCK TABLES;

--
-- Table structure for table `CasoUso_ReglaNegocio`
--

DROP TABLE IF EXISTS `CasoUso_ReglaNegocio`;
/*!40101 SET @saved_cs_client     = @@character_set_client */;
/*!40101 SET character_set_client = utf8 */;
CREATE TABLE `CasoUso_ReglaNegocio` (
  `id` int(10) NOT NULL AUTO_INCREMENT,
  `CasoUsoElementoid` int(11) NOT NULL,
  `ReglaNegocioElementoid` int(11) NOT NULL,
  PRIMARY KEY (`id`),
  UNIQUE KEY `uniqueRelacionRN` (`CasoUsoElementoid`,`ReglaNegocioElementoid`),
  KEY `FKCasoUso_Re422554` (`CasoUsoElementoid`),
  KEY `FKCasoUso_Re477864` (`ReglaNegocioElementoid`),
  CONSTRAINT `FKCasoUso_Re422554` FOREIGN KEY (`CasoUsoElementoid`) REFERENCES `CasoUso` (`Elementoid`) ON DELETE CASCADE ON UPDATE CASCADE,
  CONSTRAINT `FKCasoUso_Re477864` FOREIGN KEY (`ReglaNegocioElementoid`) REFERENCES `ReglaNegocio` (`Elementoid`) ON UPDATE CASCADE
) ENGINE=InnoDB AUTO_INCREMENT=14 DEFAULT CHARSET=latin1;
/*!40101 SET character_set_client = @saved_cs_client */;

--
-- Dumping data for table `CasoUso_ReglaNegocio`
--

LOCK TABLES `CasoUso_ReglaNegocio` WRITE;
/*!40000 ALTER TABLE `CasoUso_ReglaNegocio` DISABLE KEYS */;
INSERT INTO `CasoUso_ReglaNegocio` VALUES (1,21,7),(2,21,8),(3,21,9),(4,21,10),(5,21,11),(6,21,12),(7,39,8),(8,39,12),(13,48,8),(10,48,11),(12,48,12),(11,48,49);
/*!40000 ALTER TABLE `CasoUso_ReglaNegocio` ENABLE KEYS */;
UNLOCK TABLES;

--
-- Table structure for table `Colaborador`
--

DROP TABLE IF EXISTS `Colaborador`;
/*!40101 SET @saved_cs_client     = @@character_set_client */;
/*!40101 SET character_set_client = utf8 */;
CREATE TABLE `Colaborador` (
  `CURP` varchar(18) NOT NULL,
  `nombre` varchar(45) NOT NULL,
  `apellidoPaterno` varchar(45) NOT NULL,
  `apellidoMaterno` varchar(45) NOT NULL,
  `correoElectronico` varchar(45) NOT NULL,
  `contrasenia` varchar(20) NOT NULL,
  `administrador` tinyint(1) NOT NULL,
  PRIMARY KEY (`CURP`)
) ENGINE=InnoDB DEFAULT CHARSET=latin1;
/*!40101 SET character_set_client = @saved_cs_client */;

--
-- Dumping data for table `Colaborador`
--

LOCK TABLES `Colaborador` WRITE;
/*!40000 ALTER TABLE `Colaborador` DISABLE KEYS */;
INSERT INTO `Colaborador` VALUES ('------------------','Administrador','','','admin','admin',1),('HESN930515MDFRNT03','Natalia','Hernández','Sánchez','hdeznatali@gmail.com','password',0),('RACS930702HMCMMR05','Sergio','Ramírez','Camacho','sramirezc@live.com','helloworld',0);
/*!40000 ALTER TABLE `Colaborador` ENABLE KEYS */;
UNLOCK TABLES;

--
-- Table structure for table `Colaborador_Proyecto`
--

DROP TABLE IF EXISTS `Colaborador_Proyecto`;
/*!40101 SET @saved_cs_client     = @@character_set_client */;
/*!40101 SET character_set_client = utf8 */;
CREATE TABLE `Colaborador_Proyecto` (
  `id` int(11) NOT NULL AUTO_INCREMENT,
  `ColaboradorCURP` varchar(18) NOT NULL,
  `Rolid` int(11) NOT NULL,
  `Proyectoid` int(11) NOT NULL,
  PRIMARY KEY (`id`),
  UNIQUE KEY `uniqueColaborador` (`ColaboradorCURP`,`Proyectoid`),
  KEY `FKColaborado926222` (`Proyectoid`),
  KEY `FKColaborado523143` (`ColaboradorCURP`),
  KEY `FKColaborado664150` (`Rolid`),
  CONSTRAINT `FKColaborado523143` FOREIGN KEY (`ColaboradorCURP`) REFERENCES `Colaborador` (`CURP`) ON DELETE CASCADE ON UPDATE CASCADE,
  CONSTRAINT `FKColaborado664150` FOREIGN KEY (`Rolid`) REFERENCES `Rol` (`id`) ON DELETE CASCADE ON UPDATE CASCADE,
  CONSTRAINT `FKColaborado926222` FOREIGN KEY (`Proyectoid`) REFERENCES `Proyecto` (`id`) ON DELETE CASCADE ON UPDATE CASCADE
) ENGINE=InnoDB AUTO_INCREMENT=3 DEFAULT CHARSET=latin1;
/*!40101 SET character_set_client = @saved_cs_client */;

--
-- Dumping data for table `Colaborador_Proyecto`
--

LOCK TABLES `Colaborador_Proyecto` WRITE;
/*!40000 ALTER TABLE `Colaborador_Proyecto` DISABLE KEYS */;
INSERT INTO `Colaborador_Proyecto` VALUES (1,'RACS930702HMCMMR05',2,1),(2,'HESN930515MDFRNT03',1,1);
/*!40000 ALTER TABLE `Colaborador_Proyecto` ENABLE KEYS */;
UNLOCK TABLES;

--
-- Table structure for table `ConfiguracionBaseDatos`
--

DROP TABLE IF EXISTS `ConfiguracionBaseDatos`;
/*!40101 SET @saved_cs_client     = @@character_set_client */;
/*!40101 SET character_set_client = utf8 */;
CREATE TABLE `ConfiguracionBaseDatos` (
  `id` int(10) NOT NULL AUTO_INCREMENT,
  `urlBaseDatos` varchar(500) NOT NULL,
  `driver` varchar(50) NOT NULL,
  `usuario` varchar(50) NOT NULL,
  `contrasenia` varchar(50) NOT NULL,
  `CasoUsoElementoid` int(11) NOT NULL,
  PRIMARY KEY (`id`),
  KEY `FKConfigurac864791` (`CasoUsoElementoid`),
  CONSTRAINT `FKConfigurac864791` FOREIGN KEY (`CasoUsoElementoid`) REFERENCES `CasoUso` (`Elementoid`)
) ENGINE=InnoDB AUTO_INCREMENT=3 DEFAULT CHARSET=latin1;
/*!40101 SET character_set_client = @saved_cs_client */;

--
-- Dumping data for table `ConfiguracionBaseDatos`
--

LOCK TABLES `ConfiguracionBaseDatos` WRITE;
/*!40000 ALTER TABLE `ConfiguracionBaseDatos` DISABLE KEYS */;
INSERT INTO `ConfiguracionBaseDatos` VALUES (1,'jdbc:mysql://localhost:3306/PRISMA','com.mysql.jdbc.Driver','root','root',21),(2,'jdbc:mysql://192.168.2.18:3306/PRISMA','com.mysql.jdbc.Driver','root','root',48);
/*!40000 ALTER TABLE `ConfiguracionBaseDatos` ENABLE KEYS */;
UNLOCK TABLES;

--
-- Table structure for table `ConfiguracionHTTP`
--

DROP TABLE IF EXISTS `ConfiguracionHTTP`;
/*!40101 SET @saved_cs_client     = @@character_set_client */;
/*!40101 SET character_set_client = utf8 */;
CREATE TABLE `ConfiguracionHTTP` (
  `id` int(10) NOT NULL AUTO_INCREMENT,
  `ip` varchar(16) NOT NULL,
  `puerto` int(10) DEFAULT NULL,
  `CasoUsoElementoid` int(11) NOT NULL,
  PRIMARY KEY (`id`),
  KEY `FKConfigurac474806` (`CasoUsoElementoid`),
  CONSTRAINT `FKConfigurac474806` FOREIGN KEY (`CasoUsoElementoid`) REFERENCES `CasoUso` (`Elementoid`)
) ENGINE=InnoDB AUTO_INCREMENT=3 DEFAULT CHARSET=latin1;
/*!40101 SET character_set_client = @saved_cs_client */;

--
-- Dumping data for table `ConfiguracionHTTP`
--

LOCK TABLES `ConfiguracionHTTP` WRITE;
/*!40000 ALTER TABLE `ConfiguracionHTTP` DISABLE KEYS */;
INSERT INTO `ConfiguracionHTTP` VALUES (1,'192.168.0.15',8080,21),(2,'192.168.2.18',8080,48);
/*!40000 ALTER TABLE `ConfiguracionHTTP` ENABLE KEYS */;
UNLOCK TABLES;

--
-- Table structure for table `Elemento`
--

DROP TABLE IF EXISTS `Elemento`;
/*!40101 SET @saved_cs_client     = @@character_set_client */;
/*!40101 SET character_set_client = utf8 */;
CREATE TABLE `Elemento` (
  `id` int(11) NOT NULL AUTO_INCREMENT,
  `clave` varchar(10) NOT NULL,
  `numero` varchar(20) NOT NULL,
  `nombre` varchar(200) NOT NULL,
  `descripcion` varchar(999) DEFAULT NULL,
  `EstadoElementoid` int(11) NOT NULL,
  `Proyectoid` int(11) NOT NULL,
  PRIMARY KEY (`id`),
  UNIQUE KEY `uniqueElemento` (`clave`,`nombre`),
  KEY `FKElemento728649` (`Proyectoid`),
  KEY `FKElemento378533` (`EstadoElementoid`),
  CONSTRAINT `FKElemento378533` FOREIGN KEY (`EstadoElementoid`) REFERENCES `EstadoElemento` (`id`) ON DELETE CASCADE ON UPDATE CASCADE,
  CONSTRAINT `FKElemento728649` FOREIGN KEY (`Proyectoid`) REFERENCES `Proyecto` (`id`)
) ENGINE=InnoDB AUTO_INCREMENT=51 DEFAULT CHARSET=latin1;
/*!40101 SET character_set_client = @saved_cs_client */;

--
-- Dumping data for table `Elemento`
--

LOCK TABLES `Elemento` WRITE;
/*!40000 ALTER TABLE `Elemento` DISABLE KEYS */;
INSERT INTO `Elemento` VALUES (1,'ACT','1','Líder de análisis','Es el analista encargado de un proyecto.',5,1),(2,'ACT','2','Analista','Es el encargado de documentar los elementos que componen el proyecto.',5,1),(3,'ACT','3','Administrador','Es la persona encargada de registrar los proyectos y al personal de la organización.',5,1),(4,'ENT','1','Elemento','Esta entidad engloba a varias otras entidades, es una generalización de caso de uso, pantalla, mensaje, regla de negocio, término del glosario, actor y entidad.',5,1),(5,'ENT','2','Actor','Se refiere a los roles de los usuarios en el sistema.',5,1),(6,'GLS','1','Cardinalidad','Es el número de actores que participarán o serán requeridos en el sistema.',5,1),(7,'RN','12','Identificador de elemento','El identificador de cada elemento se compone de un nombre, número y una clave. \n	Donde el nombre es el que le asigna el usuario, el número es secuencial y la clave define el tipo de elemento: \"ENT\" para las entidades, \"ACT\"\" para los actores, \"CU\" para los casos de uso, \"IU\" para\n    las pantallas, \"MSG\" para los mensajes, \"RN\" para las reglas de negocio y \"GLS\" para los términos del glosario.',5,1),(8,'RN','8','Datos obligatorios','El usuario debe ingresar toda la información marcada como obligatoria en el modelo conceptual.',5,1),(9,'RN','60','Unicidad de nombres de actor','El nombre de los elementos del mismo tipo no puede repetirse.',5,1),(10,'RN','61','Nombre del actor','Los nombres de los elementos no pueden contener coma, punto, punto medio, dos puntos o guión bajo.',5,1),(11,'RN','62','Tipo de dato correcto','La información que el usuario proporcione, debe ser del tipo definido en el modelo conceptual.',5,1),(12,'RN','63','Longitud correcta','La información que el usuario proporcione, debe cumplir con la longitud definida en el modelo conceptual.',5,1),(13,'MSG','1','Operación exitosa','Notificar al actor que la operación se ha realizado de forma exitosa.',5,1),(14,'MSG','4','Dato obligatorio','Notificar al actor que el dato es obligatorio.',5,1),(15,'MSG','5','Dato incorrecto','Notificar al actor que el dato no tiene el formato solicitado.',5,1),(16,'MSG','6','Longitud inválida','Notificar al actor que el dato no cumple con la longitud solicitada.',5,1),(17,'MSG','7','Registro repetido','Notificar al actor que el nombre del elemento ya existe.',5,1),(18,'MSG','23','Caracteres inválidos','Informar al actor que el dato que ingresó no puede contener coma, punto, punto medio, dos pufTntos o guión bajo.',5,1),(19,'IUE','7','Gestionar actores','En esta pantalla el actor puede visualizar algunos atributos de los actores y las operaciones disponibles de acuerdo a si está relacionado a un caso de uso liberado.',5,1),(20,'IUE','7.1','Registrar actor','Esta pantalla permite al actor registrar la información de un actor nuevo.',5,1),(21,'CUE','7.1','Registrar actor','Un actor es un rol que va a interactuar con el sistema. Este caso de uso permite al analista registrar un actor',5,1),(22,'MSG','13','Ha ocurrido un error','Informar al actor que no es posible realizar la operación debido a que ha ocurrido un error inesperado en el sistema.',5,1),(23,'RN','20','Verificación de catálogos','Es necesario que exista información registrada en los catálogos al momento de solicitar una operación que requiera estos.',5,1),(29,'ENT','','Módulo','Se refiere a los segmentos en que se dividen los proyectos.',5,1),(30,'CUE','7','Gestionar actores','Este caso de uso permite al analista visualizar los registros de los actores registrados en el sistema. También permiteal actor acceder a las operaciones de registro, consulta, modificación, y eliminación de un actor.',5,1),(31,'MSG','2','No existe información','Notificar al actor que aún no existe información registrada en el editor.',5,1),(32,'IUE','4','Gestionar proyectos','En esta pantalla el actor puede visualizar algunos atributos de los proyectos y las operaciones disponibles de acuerdo su estado.',5,1),(33,'IUE','3','Gestionar módulos','En esta pantalla el actor puede visualizar algunos atributos de los módulos registrados y las operaciones disponibles de gestión.',5,1),(34,'IUE','3.4','Menú principal','Este menú muestra los elementos que se pueden gestionar y que no están asociados a un módulo.',5,1),(36,'ENT','','Colaborador','Se refiere al participante de un proyecto.',5,1),(37,'MSG','31','Correo electrónico y/o contraseña incorrectos','Informar al actor que no es posible iniciar sesión debido a que su correo electrónico y/o contraseña son incorrectos.',5,1),(38,'IUE','13','Iniciar sesión','Esta pantalla permite al actor iniciar sesión en el sistema.',5,1),(39,'CUE','13','Iniciar sesión','Este caso de uso permite al actor iniciar sesión en el sistema.',6,1),(40,'ENT','','Proyecto','Idea de una cosa que se piensa hacer y para la cual se establece un modo determinado y un conjunto de medios necesarios.',5,1),(41,'CUE','4','Gestionar proyectos','Este caso de uso permite al analista visualizar los registros de los proyectos.',5,1),(42,'CUE','1','Gestionar proyectos de Administrador','Este caso de uso permite al Administrador visualizar todos los proyectos, así como solicitar el registro, modificación y eliminación de un proyecto.',6,1),(43,'IUE','1','Gestionar proyectos de administrador','En esta pantalla el actor puede visuallizar algunos atributos de los proyectos y las operaciones disponibles de acuerdo a su estado.',5,1),(44,'IUE','1.4','Menú principal del administrador','Menú que contiene las opciones disponibles del administrador.',5,1),(45,'IUE','2','Gestionar personal','En esta pantalla el actor puede visualizar algunos atributos de las personas registradas y las operaciones disponiblesde gestión.',5,1),(46,'IUE','2.1','Registrar persona','Esta pantalla permite al actor registrar la información de una persona.',5,1),(47,'CUE','2','Gestionar personal','Este caso de uso permite al Administrador visualizar todas las personas de la organización, así como solicitar el registro, consulta, modificación y eliminación de una persona.',6,1),(48,'CUE','2.1','Registrar persona','Este caso de uso permite registrar la información de una persona que podrá ser elegida como colaborador de un proyecto.',7,1),(49,'RN','64','Unicidad de CURP','No puede existir más de una persona con la misma clave CURP.',5,1),(50,'MSG','34','Datos de sesión','Proporcionar al usuario sus datos para iniciar sesión.',5,1);
/*!40000 ALTER TABLE `Elemento` ENABLE KEYS */;
UNLOCK TABLES;

--
-- Table structure for table `Entidad`
--

DROP TABLE IF EXISTS `Entidad`;
/*!40101 SET @saved_cs_client     = @@character_set_client */;
/*!40101 SET character_set_client = utf8 */;
CREATE TABLE `Entidad` (
  `Elementoid` int(11) NOT NULL,
  PRIMARY KEY (`Elementoid`),
  KEY `FKEntidad434647` (`Elementoid`),
  CONSTRAINT `FKEntidad434647` FOREIGN KEY (`Elementoid`) REFERENCES `Elemento` (`id`) ON DELETE CASCADE ON UPDATE CASCADE
) ENGINE=InnoDB DEFAULT CHARSET=latin1;
/*!40101 SET character_set_client = @saved_cs_client */;

--
-- Dumping data for table `Entidad`
--

LOCK TABLES `Entidad` WRITE;
/*!40000 ALTER TABLE `Entidad` DISABLE KEYS */;
INSERT INTO `Entidad` VALUES (4),(5),(29),(36),(40);
/*!40000 ALTER TABLE `Entidad` ENABLE KEYS */;
UNLOCK TABLES;

--
-- Table structure for table `Entrada`
--

DROP TABLE IF EXISTS `Entrada`;
/*!40101 SET @saved_cs_client     = @@character_set_client */;
/*!40101 SET character_set_client = utf8 */;
CREATE TABLE `Entrada` (
  `id` int(11) NOT NULL AUTO_INCREMENT,
  `TipoParametroid` int(11) NOT NULL,
  `CasoUsoElementoid` int(11) NOT NULL,
  `Atributoid` int(11) DEFAULT NULL,
  `TerminoGlosarioElementoid` int(11) DEFAULT NULL,
  `nombreHTML` varchar(200) DEFAULT NULL,
  PRIMARY KEY (`id`),
  KEY `FKEntrada429579` (`Atributoid`),
  KEY `FKEntrada368636` (`TerminoGlosarioElementoid`),
  KEY `FKEntrada546756` (`CasoUsoElementoid`),
  KEY `FKEntrada610752` (`TipoParametroid`),
  CONSTRAINT `FKEntrada368636` FOREIGN KEY (`TerminoGlosarioElementoid`) REFERENCES `TerminoGlosario` (`Elementoid`) ON UPDATE CASCADE,
  CONSTRAINT `FKEntrada429579` FOREIGN KEY (`Atributoid`) REFERENCES `Atributo` (`id`) ON UPDATE CASCADE,
  CONSTRAINT `FKEntrada546756` FOREIGN KEY (`CasoUsoElementoid`) REFERENCES `CasoUso` (`Elementoid`) ON DELETE CASCADE ON UPDATE CASCADE,
  CONSTRAINT `FKEntrada610752` FOREIGN KEY (`TipoParametroid`) REFERENCES `TipoParametro` (`id`) ON UPDATE CASCADE
) ENGINE=InnoDB AUTO_INCREMENT=20 DEFAULT CHARSET=latin1;
/*!40101 SET character_set_client = @saved_cs_client */;

--
-- Dumping data for table `Entrada`
--

LOCK TABLES `Entrada` WRITE;
/*!40000 ALTER TABLE `Entrada` DISABLE KEYS */;
INSERT INTO `Entrada` VALUES (1,5,21,4,NULL,'model.nombre'),(2,5,21,5,NULL,'model.descripcion'),(3,5,21,6,NULL,'model.otraCardinalidad'),(4,7,21,NULL,6,'model.cardinalidad.id'),(5,5,39,15,NULL,'userName'),(6,5,39,16,NULL,'password'),(7,5,30,20,NULL,'idSel'),(14,5,48,11,NULL,'model.curp'),(15,5,48,12,NULL,'model.nombre'),(16,5,48,13,NULL,'model.apellidoPaterno'),(17,5,48,14,NULL,'model.apellidoMaterno'),(18,5,48,15,NULL,'model.correoElectronico'),(19,5,48,16,NULL,'model.contrasenia');
/*!40000 ALTER TABLE `Entrada` ENABLE KEYS */;
UNLOCK TABLES;

--
-- Table structure for table `Escenario`
--

DROP TABLE IF EXISTS `Escenario`;
/*!40101 SET @saved_cs_client     = @@character_set_client */;
/*!40101 SET character_set_client = utf8 */;
CREATE TABLE `Escenario` (
  `id` int(10) NOT NULL AUTO_INCREMENT,
  PRIMARY KEY (`id`)
) ENGINE=InnoDB DEFAULT CHARSET=latin1;
/*!40101 SET character_set_client = @saved_cs_client */;

--
-- Dumping data for table `Escenario`
--

LOCK TABLES `Escenario` WRITE;
/*!40000 ALTER TABLE `Escenario` DISABLE KEYS */;
/*!40000 ALTER TABLE `Escenario` ENABLE KEYS */;
UNLOCK TABLES;

--
-- Table structure for table `Escenario_ValorEntrada`
--

DROP TABLE IF EXISTS `Escenario_ValorEntrada`;
/*!40101 SET @saved_cs_client     = @@character_set_client */;
/*!40101 SET character_set_client = utf8 */;
CREATE TABLE `Escenario_ValorEntrada` (
  `id` int(11) NOT NULL AUTO_INCREMENT,
  `Escenarioid` int(10) NOT NULL,
  `ValorEntradaid` int(10) NOT NULL,
  PRIMARY KEY (`id`),
  KEY `FKEscenario_273215` (`Escenarioid`),
  KEY `FKEscenario_147891` (`ValorEntradaid`),
  CONSTRAINT `FKEscenario_147891` FOREIGN KEY (`ValorEntradaid`) REFERENCES `ValorEntrada` (`id`) ON DELETE CASCADE ON UPDATE CASCADE,
  CONSTRAINT `FKEscenario_273215` FOREIGN KEY (`Escenarioid`) REFERENCES `Escenario` (`id`) ON DELETE CASCADE ON UPDATE CASCADE
) ENGINE=InnoDB DEFAULT CHARSET=latin1;
/*!40101 SET character_set_client = @saved_cs_client */;

--
-- Dumping data for table `Escenario_ValorEntrada`
--

LOCK TABLES `Escenario_ValorEntrada` WRITE;
/*!40000 ALTER TABLE `Escenario_ValorEntrada` DISABLE KEYS */;
/*!40000 ALTER TABLE `Escenario_ValorEntrada` ENABLE KEYS */;
UNLOCK TABLES;

--
-- Table structure for table `EstadoElemento`
--

DROP TABLE IF EXISTS `EstadoElemento`;
/*!40101 SET @saved_cs_client     = @@character_set_client */;
/*!40101 SET character_set_client = utf8 */;
CREATE TABLE `EstadoElemento` (
  `id` int(11) NOT NULL AUTO_INCREMENT,
  `nombre` varchar(45) NOT NULL,
  PRIMARY KEY (`id`),
  UNIQUE KEY `uniqueEstadoElemento` (`nombre`)
) ENGINE=InnoDB AUTO_INCREMENT=8 DEFAULT CHARSET=latin1;
/*!40101 SET character_set_client = @saved_cs_client */;

--
-- Dumping data for table `EstadoElemento`
--

LOCK TABLES `EstadoElemento` WRITE;
/*!40000 ALTER TABLE `EstadoElemento` DISABLE KEYS */;
INSERT INTO `EstadoElemento` VALUES (7,'Configurado'),(1,'Edición'),(5,'Liberado'),(3,'Pendiente de corrección'),(4,'Por liberar'),(6,'Preconfigurado'),(2,'Revisión');
/*!40000 ALTER TABLE `EstadoElemento` ENABLE KEYS */;
UNLOCK TABLES;

--
-- Table structure for table `EstadoProyecto`
--

DROP TABLE IF EXISTS `EstadoProyecto`;
/*!40101 SET @saved_cs_client     = @@character_set_client */;
/*!40101 SET character_set_client = utf8 */;
CREATE TABLE `EstadoProyecto` (
  `id` int(11) NOT NULL AUTO_INCREMENT,
  `nombre` varchar(45) NOT NULL,
  PRIMARY KEY (`id`),
  UNIQUE KEY `uniqueEstadoProyecto` (`nombre`)
) ENGINE=InnoDB AUTO_INCREMENT=4 DEFAULT CHARSET=latin1;
/*!40101 SET character_set_client = @saved_cs_client */;

--
-- Dumping data for table `EstadoProyecto`
--

LOCK TABLES `EstadoProyecto` WRITE;
/*!40000 ALTER TABLE `EstadoProyecto` DISABLE KEYS */;
INSERT INTO `EstadoProyecto` VALUES (2,'Iniciado'),(1,'Negociación'),(3,'Terminado');
/*!40000 ALTER TABLE `EstadoProyecto` ENABLE KEYS */;
UNLOCK TABLES;

--
-- Table structure for table `Extension`
--

DROP TABLE IF EXISTS `Extension`;
/*!40101 SET @saved_cs_client     = @@character_set_client */;
/*!40101 SET character_set_client = utf8 */;
CREATE TABLE `Extension` (
  `id` int(10) NOT NULL AUTO_INCREMENT,
  `CasoUsoElementoid_origen` int(11) NOT NULL,
  `CasoUsoElementoid_destino` int(11) NOT NULL,
  `causa` varchar(999) NOT NULL,
  `region` varchar(500) NOT NULL,
  PRIMARY KEY (`id`),
  UNIQUE KEY `uniqueExtension` (`CasoUsoElementoid_origen`,`CasoUsoElementoid_destino`),
  KEY `FKExtension742233` (`CasoUsoElementoid_origen`),
  KEY `FKExtension285262` (`CasoUsoElementoid_destino`),
  CONSTRAINT `FKExtension285262` FOREIGN KEY (`CasoUsoElementoid_destino`) REFERENCES `CasoUso` (`Elementoid`) ON UPDATE CASCADE,
  CONSTRAINT `FKExtension742233` FOREIGN KEY (`CasoUsoElementoid_origen`) REFERENCES `CasoUso` (`Elementoid`) ON DELETE CASCADE ON UPDATE CASCADE
) ENGINE=InnoDB AUTO_INCREMENT=7 DEFAULT CHARSET=latin1;
/*!40101 SET character_set_client = @saved_cs_client */;

--
-- Dumping data for table `Extension`
--

LOCK TABLES `Extension` WRITE;
/*!40000 ALTER TABLE `Extension` DISABLE KEYS */;
INSERT INTO `Extension` VALUES (1,30,21,'El actor requiere registrar un actor.','$Paso P·30 de la trayectoria principal.'),(2,39,41,'El actor requiere gestionar los proyectos.','$Paso P·47 de la trayectoria principal.'),(3,41,30,'El actor requiere gestionar los actores.','$Paso P·51 de la trayectoria principal.'),(4,39,42,'El administrador requiere gestionar los proyectos.','$Paso P·47  de la trayectoria principal.'),(5,42,47,'El actor desea gestionar al personal de la organización.','$Paso P·54 de la trayectoria principal.'),(6,47,48,'El actor desea registrar una persona.','$Paso P·58 de la trayectoria principal.');
/*!40000 ALTER TABLE `Extension` ENABLE KEYS */;
UNLOCK TABLES;

--
-- Table structure for table `Inclusion`
--

DROP TABLE IF EXISTS `Inclusion`;
/*!40101 SET @saved_cs_client     = @@character_set_client */;
/*!40101 SET character_set_client = utf8 */;
CREATE TABLE `Inclusion` (
  `id` int(10) NOT NULL AUTO_INCREMENT,
  `CasoUsoElementoid_origen` int(11) NOT NULL,
  `CasoUsoElementoid_destino` int(11) NOT NULL,
  PRIMARY KEY (`id`),
  UNIQUE KEY `uniqueInclusion` (`CasoUsoElementoid_destino`,`CasoUsoElementoid_origen`),
  KEY `FKInclusion776033` (`CasoUsoElementoid_destino`),
  KEY `FKInclusion168061` (`CasoUsoElementoid_origen`),
  CONSTRAINT `FKInclusion168061` FOREIGN KEY (`CasoUsoElementoid_origen`) REFERENCES `CasoUso` (`Elementoid`) ON DELETE CASCADE ON UPDATE CASCADE,
  CONSTRAINT `FKInclusion776033` FOREIGN KEY (`CasoUsoElementoid_destino`) REFERENCES `CasoUso` (`Elementoid`) ON DELETE CASCADE ON UPDATE CASCADE
) ENGINE=InnoDB DEFAULT CHARSET=latin1;
/*!40101 SET character_set_client = @saved_cs_client */;

--
-- Dumping data for table `Inclusion`
--

LOCK TABLES `Inclusion` WRITE;
/*!40000 ALTER TABLE `Inclusion` DISABLE KEYS */;
/*!40000 ALTER TABLE `Inclusion` ENABLE KEYS */;
UNLOCK TABLES;

--
-- Table structure for table `Mensaje`
--

DROP TABLE IF EXISTS `Mensaje`;
/*!40101 SET @saved_cs_client     = @@character_set_client */;
/*!40101 SET character_set_client = utf8 */;
CREATE TABLE `Mensaje` (
  `Elementoid` int(11) NOT NULL,
  `redaccion` varchar(999) NOT NULL,
  `parametrizado` tinyint(1) NOT NULL,
  PRIMARY KEY (`Elementoid`),
  KEY `FKMensaje721868` (`Elementoid`),
  CONSTRAINT `FKMensaje721868` FOREIGN KEY (`Elementoid`) REFERENCES `Elemento` (`id`) ON DELETE CASCADE ON UPDATE CASCADE
) ENGINE=InnoDB DEFAULT CHARSET=latin1;
/*!40101 SET character_set_client = @saved_cs_client */;

--
-- Dumping data for table `Mensaje`
--

LOCK TABLES `Mensaje` WRITE;
/*!40000 ALTER TABLE `Mensaje` DISABLE KEYS */;
INSERT INTO `Mensaje` VALUES (13,'$PARAM·1 PARAM·2 ha sido PARAM·3 exitosamente.',1),(14,'Dato obligatorio.',0),(15,'$Dato incorrecto, ingrese un PARAM·4.',1),(16,'$Escriba menos de PARAM·5 PARAM·6.',1),(17,'$PARAM·1 PARAM·2 PARAM·7 que desea registrar ya existe.',1),(18,'$PARAM·1 PARAM·8 no puede contener coma, punto, punto medio, dos puntos o guión bajo.',1),(22,'Ha ocurrido un error.',0),(31,'No se han encontrado registros.',0),(37,'Correo electrónico y/o contraseña incorrectos.',0),(50,'Bienvenido(a) a PRISMA, los datos con los que deberá iniciar sesión son: Nombre de usuario: PARAM·NOMBRE, Contraseña: PARAM·CONTRASEÑA. ',1);
/*!40000 ALTER TABLE `Mensaje` ENABLE KEYS */;
UNLOCK TABLES;

--
-- Table structure for table `Mensaje_Parametro`
--

DROP TABLE IF EXISTS `Mensaje_Parametro`;
/*!40101 SET @saved_cs_client     = @@character_set_client */;
/*!40101 SET character_set_client = utf8 */;
CREATE TABLE `Mensaje_Parametro` (
  `id` int(10) NOT NULL AUTO_INCREMENT,
  `MensajeElementoid` int(11) NOT NULL,
  `Parametroid` int(10) NOT NULL,
  PRIMARY KEY (`id`),
  KEY `FKMensaje_Pa262782` (`MensajeElementoid`),
  KEY `FKMensaje_Pa138078` (`Parametroid`),
  CONSTRAINT `FKMensaje_Pa138078` FOREIGN KEY (`Parametroid`) REFERENCES `Parametro` (`id`) ON UPDATE CASCADE,
  CONSTRAINT `FKMensaje_Pa262782` FOREIGN KEY (`MensajeElementoid`) REFERENCES `Mensaje` (`Elementoid`) ON DELETE CASCADE ON UPDATE CASCADE
) ENGINE=InnoDB AUTO_INCREMENT=14 DEFAULT CHARSET=latin1;
/*!40101 SET character_set_client = @saved_cs_client */;

--
-- Dumping data for table `Mensaje_Parametro`
--

LOCK TABLES `Mensaje_Parametro` WRITE;
/*!40000 ALTER TABLE `Mensaje_Parametro` DISABLE KEYS */;
INSERT INTO `Mensaje_Parametro` VALUES (1,13,1),(2,13,2),(3,13,3),(4,15,4),(5,16,5),(6,16,6),(7,17,1),(8,17,2),(9,17,7),(10,18,1),(11,18,8),(12,50,9),(13,50,10);
/*!40000 ALTER TABLE `Mensaje_Parametro` ENABLE KEYS */;
UNLOCK TABLES;

--
-- Table structure for table `Modulo`
--

DROP TABLE IF EXISTS `Modulo`;
/*!40101 SET @saved_cs_client     = @@character_set_client */;
/*!40101 SET character_set_client = utf8 */;
CREATE TABLE `Modulo` (
  `id` int(11) NOT NULL AUTO_INCREMENT,
  `clave` varchar(10) NOT NULL,
  `nombre` varchar(45) NOT NULL,
  `descripcion` varchar(999) NOT NULL,
  `Proyectoid` int(11) NOT NULL,
  PRIMARY KEY (`id`),
  UNIQUE KEY `uniqueModulo` (`clave`,`Proyectoid`),
  KEY `FKModulo19143` (`Proyectoid`),
  CONSTRAINT `FKModulo19143` FOREIGN KEY (`Proyectoid`) REFERENCES `Proyecto` (`id`) ON DELETE CASCADE ON UPDATE CASCADE
) ENGINE=InnoDB AUTO_INCREMENT=2 DEFAULT CHARSET=latin1;
/*!40101 SET character_set_client = @saved_cs_client */;

--
-- Dumping data for table `Modulo`
--

LOCK TABLES `Modulo` WRITE;
/*!40000 ALTER TABLE `Modulo` DISABLE KEYS */;
INSERT INTO `Modulo` VALUES (1,'E','Editor de casos de uso','Editor de casos de uso.',1);
/*!40000 ALTER TABLE `Modulo` ENABLE KEYS */;
UNLOCK TABLES;

--
-- Table structure for table `Operador`
--

DROP TABLE IF EXISTS `Operador`;
/*!40101 SET @saved_cs_client     = @@character_set_client */;
/*!40101 SET character_set_client = utf8 */;
CREATE TABLE `Operador` (
  `id` int(10) NOT NULL AUTO_INCREMENT,
  `nombre` varchar(45) NOT NULL,
  `simbolo` varchar(11) NOT NULL,
  PRIMARY KEY (`id`),
  UNIQUE KEY `uniqueOperadorSimbolo` (`simbolo`),
  UNIQUE KEY `uniqueOperador` (`nombre`)
) ENGINE=InnoDB AUTO_INCREMENT=7 DEFAULT CHARSET=latin1;
/*!40101 SET character_set_client = @saved_cs_client */;

--
-- Dumping data for table `Operador`
--

LOCK TABLES `Operador` WRITE;
/*!40000 ALTER TABLE `Operador` DISABLE KEYS */;
INSERT INTO `Operador` VALUES (1,'Igual','='),(2,'Menor que','<'),(3,'Mayor que','>'),(4,'Menor igual que','<='),(5,'Mayor igual que','>='),(6,'Diferente','!=');
/*!40000 ALTER TABLE `Operador` ENABLE KEYS */;
UNLOCK TABLES;

--
-- Table structure for table `Pantalla`
--

DROP TABLE IF EXISTS `Pantalla`;
/*!40101 SET @saved_cs_client     = @@character_set_client */;
/*!40101 SET character_set_client = utf8 */;
CREATE TABLE `Pantalla` (
  `Elementoid` int(11) NOT NULL,
  `imagen` longblob,
  `Moduloid` int(11) NOT NULL,
  `patron` varchar(999) DEFAULT NULL,
  PRIMARY KEY (`Elementoid`),
  KEY `FKPantalla491263` (`Elementoid`),
  KEY `FKPantalla768080` (`Moduloid`),
  CONSTRAINT `FKPantalla491263` FOREIGN KEY (`Elementoid`) REFERENCES `Elemento` (`id`) ON DELETE CASCADE ON UPDATE CASCADE,
  CONSTRAINT `FKPantalla768080` FOREIGN KEY (`Moduloid`) REFERENCES `Modulo` (`id`) ON DELETE CASCADE ON UPDATE CASCADE
) ENGINE=InnoDB DEFAULT CHARSET=latin1;
/*!40101 SET character_set_client = @saved_cs_client */;

--
-- Dumping data for table `Pantalla`
--

LOCK TABLES `Pantalla` WRITE;
/*!40000 ALTER TABLE `Pantalla` DISABLE KEYS */;
INSERT INTO `Pantalla` VALUES (19,'iVBORw0KGgoAAAANSUhEUgAAA7gAAAHTCAIAAACC9yO8AAAAA3NCSVQICAjb4U/gAAAAGXRFWHRTb2Z0d2FyZQBnbm9tZS1zY3JlZW5zaG907wO/PgAAIABJREFUeJzsnXdgU9X+wM9N2rRN05XuveikLZRNkbJEBVSWsgqyEUUEeYpPn+O53nuIuH4KuFCQvVRAFFlllFWgjEKBttBdOpLO7OTe3x/Zybk3N2kKBb+fv9rk3nO++3xzc3MuQVEUAgAAAAAAAADAHM79FgAAAAAAAAAAuiLQKAMAAAAAAAAABmiUAQAAAAAAAAADNMoAAAAAAAAAgAEaZQAAAAAAAADAAI0yAAAAAAAAAGCARhkAAAAAAAAAMECjDAAAAAAAAAAYoFEGAAAAAAAAAAzQKAMAAAAAAAAABmiUAQAAAAAAAAADNMoAAAAAAAAAgAEaZQAAAAAAAADAAI0yAAAAAAAAAGCARhkAAAAAAAAAMECjDAAAAAAAAAAYoFEGAAAAAAAAAAwu91sA4B5DKRuvnzh08lJJbZsaIcQVdHty/rRMH4785oYVW25TCKGQUUsX9Pft2Eco544GPKAoijet2FRMIoSCHn/5+YFC7v0WCAAAAADsAhrlvxeapgtb1u67oza+0N4iVVP3USIAAAAAAIAuSscbZUohunO9sKikvKauUdTUKtfoXue6e/v5B4ZGxiV1T0+O8HYhrM7UNJ5Y89XhRrtmI+KnvT4j0f0eSfjQoaw6fkTfJXtEZGR2C+BRvHB3AiGECK4LQiqECK4zLv86d7RO4l5FIAAAAAAADyQdapRJacXZ3387eE1EYt7UyFsbq1sbq0uvnjnoETXw6QkjUnzv+fXrri/hPUXTUlYh1f4ZMGz2rCFBJuq6J+b8699Om8m5owH3ALLp7Ddf/FGHQkYvXdAP7pUBAAAAANSRRplsv7nv+y0Xm/X/u/qGR0cECb34bi4cUi2XNDfUlJfVa9syWcXpbd80jXv+2Z6+NHcp+kTE+vNsX9Il3CIFrO9zdK6EDwOkvFWu/cszOs7v4f5QYC+dEYEPEpSirti+a+sAAAAA8NDjaLNESW7+vlvfgwZkPj1+ZI9wvmUDQanExad+//VoqRQhJLuxb29hXE4Pb9y1Kv9eY6cPCXRqA+JkCR8KKFKju7Tu6v53uNPEDjohAh8s1KKSuxrbhwEAAADA3wkHe0Ky7dapIgVCCCFe4jMzn+pl3YMihAhXYeKQqXOeiNTOoi7Nza9XWx/WKXR9Ce8z0CcDJmjaKira77cQAAAAANDFcPCKsrq5QqT9ixvTu5sXU7vtEtDr8X4XthRxAoKDQ73Uagrdk2uZTpCQbL3w/ad7axBCKOqZ5bPT+NZyU5Kr61buqkQIociJr81J9yQQQohqu/T9ql+rEUK81Of+MSmOpxTdOnvyXGFpZV2rEiGE3HxCo5N6DhjUO9aHzhia9qprFy5dL7lTWSeWKCmEkCtfGBQZl9Kjb5/kYHdLfQzbsblnzFo2IZq6e/HgHyevlDcpEQod88rsyPzVa082mxzfnLf2wzztn4EjFy8c5M+1uaEbpRSXXsovuFZa1dDUIlUhxPXwC4mKT+nZr09ykLuFGra3h7NTQa0IquayKxcuXS+pqG1okmo/0XDdffyDI+KS03tnJgbiT+tsKKW49NL5S9dLKmobWxUkQghxPXwDw6ITUnv2zojxdaUzDtZZ8/v6mGnRyYbSNBxb/fVRkfHcu/s/f38/Qgghv+wXFg0PNikRpOzujYsXC2+VVdU1tsq1X0648IXBEbFJGX36poZ62G/+hygMAAAAgIcQR2+90Kh0X9O6uvFsrUq8iCcWvfaEgxM5zH2UkHBxc9X+pZQpNW039v209YLI9ABFS+2tc7W38i/0mzLjiSTLLp5S1l3Ys3VfYZP5yyqpuPqmuPrm+WNhAyZOHpnsY3qFnOC6chFSI6RWqNVNF3Z8b7oFXMchpeUndm47eltq+qJG1lR983z1zfMnoodMnTw0BvNBAo8jCiJKWZe/e+P+G20Wg2nkLfXlLfXl184ciXhkytTh8Z73tEsi20tzd+w8Xi6zkErWfLe0+W7p5RNHuz06aeKgKA8T47B2VlcylKal6MCWneesbs9QS8XVt8TVty6cCB80ZdoIO0btStoBAAAAABYHG2WuZ4AAIQVCSF52vVYRE+3W1b7Jv68SEhwugRCFEJLXnN5+8oIIIZ/o9JSYYF8PrrKlpvjK1UoJQoiqP7d1q8+LswcFmrhBVX9603d/lWs7J/eQ1J4pUcH+3q6adlFV8ZULxSISqWrObP1BMfX5p5KMzQDBcdH2Xhple+mhQ9rGi+Pu6YEoHgdxhb2fmRmnpNR1J3ccuK1CCPFTnxzfR8hFCBFu/jZuyqYUVbnrfzxep/3PKzItJTbYh0fKmmtLC2/UyhFSlB9bv5H7/OzsEFcWxnFIQUpaun/D/hsS3UnJ6YmRgT58F0ohaRXVll6/Xi1BSFV1ctNWwaJZA/zv1a3GlOzOgXU/nxVr//MIT8tMjQ3x43PVkqaa0qsXi+qUCLWXHPppI7Vg1mCjcZidZeDeGIrj22PCzEiFouLA1tw6hBDy7TfhyWQBByGC5+ent6Sy+uiGbed0n/YEkelp8aFCL3cuqWgXVRdfLaySIKSqztu0VbBo1kB25n+IwgAAAAB4eHG0URampvnnHhMhhNryN2/xfHb8I/G0dxHcF+6rhARB6Brl2uMnEArsnzPz8QSBoQcaPHTgqc3rDparEaKqc/+60WNamkAnmboub4eue+DFjpw5OSvceFNDj36DhxT/9dOmM40ItRb8+kfK4omJhqu4HK72L6r15qlyuVvM0GfHDYo3+dI/ItYPISX3inZ3Y8Tzi4iNC2HlfWXN8V26LtkrY+Lsp9OEBjOOGFl7esu6v8pUiKo58lt+93lZNpsTxxQk224cu6RtjwIGzZ73aLTZrR7DHm8q3LNu15U2RFYeO16ROT7WjY1iHYWSlx3apeuSeXGPz5kyIMS4bUZGn6zsO4fXr8+rQ4isPvzLmeQFgw2/FbTlLITunaEIV9/wWF8kV/F1B7kHRMXFmd8rQ7XfPHJa2yUTYSMWzHok1HR/kOxhA4/9+F3uXYTIymNH72RO7GZ5I441D1EYAAAAAA8zjn4/6RI44Ml+ftq/FWW5Gz9buWbL/pOXb9e1qbrIY97uq4SEyQIePOLZkSZdMkKIcAsbOH5UpPYYVfHZ4jbdXhSU5NbhvAaEEEL8jGefNe0eEEIIcQQJj04eEYQQQkhWeORyk/F7cEI/paioVtB36pQh3axujXUISlKce0775bh3v0lPpgtNP2wQbqEDxj0Wof2n9kx+ncrmaI4pqBbf0Z6FQvr1jbTswwgXv7Qnns4MC46ITUzwUSpxm2Y7H7L1+tGL2t+/8RKfHt8/xGJzOQ4/dtjEYYHaf+pOn6pSGgW26ayuZSh1ezM3ONDPm+/mkza8b6iFooRb+ICRadqmVH77Wr2tIOhq2gEAAAAALQ7vpUt4xD4+ewqxZcfZWg1CCCnqb547dPPcIYQ4nkFR0VFR0dHR0dFRwd5OadceXAk5cY9kBlpbmeOTMjD298rbJEKotuiuMtPbHSFKcie/RNtmBGZlx2Hv+XUJ6Dko+sgv5RRCd6+UtPXHPBoifPCgKNvX9NhBScsulmpF8u/dN4xnrYh38iP9SgraeXy+tz8iKcbtNBxW0LivnUqqxH3OIfgJYxck2KlchyDbbxdUaEXhdx+UiP25qEtAz/7hR/dVI4SkxVfrVNGRVvem4J3VxQzlGjJ42oLBDAfw/KP8UOFdhJC0sVlFRTFvSN3FtAMAAAAAWjry0Amud/Ko+a/2LDx1PC+/qE6uf5mU1Jddry+7fh4hhFz9olMyMvv0TotkfES0KH/numLbDSvHK/XJiVlBrIV2ooSOEpoe7YkblnALjvdHtxsQQmpRbZsm0Z2LVA03a7WNgFdsrA/NTQwEPzIpEJXXI4QaSuqV/Xwtn6YcmBrHuMmHXagab9VoRfKIiMaKxPFKHj01meVojiro6hclRNfvIoREx385EjZlWIKzb6OxOwJVjcW6u7Zdo7oHW3+C0B4uiE70R9UihFB7ZXU7Geln4RkaZ3VhQ+FFcXHTJ6VGpWH+tPTgaQcAAAD8feno09k4HqEZIyZnDFc2V98uKSm9U1ZWVt4gMV7sUTWVXzlWfuXYX9FZT40bnkL7NLj2umo2u7jyg+T2fqHqLAkdwzPY3wO/lHM9/b0I1EAhhCQiiQYFckmZqFHXzJNtpZcu3KVpd1VNOhuomxokmkR3807DNSDEeY+OI+WNDbr9HDwDOjys4wpyfDNGZOZtKmhDiKzN2/xZfmC3tO7Jid3iY8L8nLQXmJ0RSMoaxLp7KbxDfWh/xMgVBHkTSEQhhNrq29TIz7yjpnFWFzUUKa0tKrh0vaS8pl7ULHH4DqYuqh0AAAAAWOOktpDg+UYk94lI7oMQolTtDdUV5eVld0qLiyuatF+xSstPbVtbN3r+1H4B9+fJyfdJQncf2r1lOW58nnZfDqX2e2RS3qbQvScpOvJ7ke3R5S1yEiHzTsvd24ktA6Vo14vE47N4wDMzHVCQ4HcbPWs8teXXS40UQkjZUHIxt+RiLkKEZ3Bct8SUtPTUuCDcI2U6C1Lepv+Gws2LYUcVrrunzsuKNoVVa0njrK5nKEpRm//b9v3Xm2wfapOupx0AAAAA0NAJXSvhKgiKSQ2KSe07BGkk1YUnDvxxpkKOEFKU7t99vtvcAULrhcx/2KIX790DhB2R0EG4rvRdK4ere4/UUBRCCJFqOy+Xa7/mtpyR67xvoym1Uv97QY4Lp8PjdkRBwtW/x7gX4ntfOXP6/OUb1cbfP9aVXq4rvXxinyBm4Kinhqf6O3bLub0RSBl14XCZLMNx0XtZTbJ2VhczlKbp4vZ1+3X3qiOvmMzMlNjwQF+BO4/LJQiEECW9uXv9kXqWw3Ux7QAAAACAlk6+vMv1DO/xxMzIgI2rtc9UqDlb0NBnBLttye4NnSyhRkXfE2j0/QJX24Nqn0OBEMI+oO3+wNW3eUijtHnvqS06riBXEJn5aGTmo6RcXFl6q/hWcXHJ7TrdfTTtZad3rK4aMf+5way2c+4gBMegi7YDprOMoSvkuLL+pNG1DEVJbh04oOuSPVLGzpvQ06oLpdrv0tyljaFraQcAAAAADNyLlpUrzMhOPXTnihwh1FTRqKRCutovcByWkDI8/48GpVRpdXOEDo1SprvJ1U3gRiCEOB4++h/mKdrlJOoCjTLX3SCSvFXWUZGcpyDHXRjdfUB09wGPIo20rqQg7/CRK/UahDSVh389lzp/UOc/a4Lj7m2wTJucRHQPbdHI2nVe9mB/T0zXMpS88mKxVgfXhCeftO6SEUKUUqq0epFWpi6lHQAAAAAw4NAaRSrbGipuXj5zLO9GC3OfqJ/Fw9BVqG10ls7BKRISxu2Q6fphTXs98y/A2uuaaX70pJGK2nTvCAIFumfkBeme+tBc3dQl9qMm3P0DPbR/ttbSacJ+tM5QkMsPTho0ft68odptd9HdyzfZubxjcPgB/rrnWbTWNNM+LlzderdFp6d3iDfbvq1LGUrTXifWHReUGoXdy42S190WYV7H06W0AwAAAAAmHGmUFWV7vv563ZZf/jx68M+zd20/XgBR8saaVu2fPB+fDv8mzDbOkZBwdddfcJe3Ynfb0DQXF7cyD1x3sw57rY1S1Ot7C/fgUO3WB64BieHaXoqsuFwpp+sgKJVUfq96ANeAhBBtjGiqi+5iNZGX7vr0g/fff//9/357ooFZrg4pSCrb8V5ACBG8oPQeumd7SMWSe/GoCdfAxFBtnKgrC2sV+IM0rbdv6X7/5hsX4ck627qSoSiN4T51V3fsNy1ka9GZUjsisitpBwAAAABMONIou0X0TRNo/2w+9cvh21LmBYmSluYevK09xoV+y1ln4iQJuZ5C3ZWvpju1Mqv1nJKUHD9j60Ka7MZpw4P3TCDbbp29o32ZG5ESrL2bkvCI7p2gnVxZdORCI/Y6JSW58ev//e+DlWs37b+IP8KZEPyYXrHapkZWeLyo1UoTSnIn/2arhiRJ0iUEv9OyyWiOKaiqzf3ps/+8/59Pvv7tpoSmraKUEl0b74TtOdhAeMb1jtNZpijvhrVlEELKuxfO3dX+6ZeeZsduKvfFULp/LH90yHEzfNnS3ijBdK4tV/f/VW5Qn8Uv9R6mMAAAAAAebhy69YIXOeSJFN3i2Xhmw9cbD16ualNjli6NtO760S1rN55v0f7vP2B4IvbxG87GORK6+scGav8my3LzKsxaZVJafnzbzqsyNzf9KxR+7Vbe2vvb+XrzL5jVTVf2/1mme5BH94Fx+q2WCX63YVm6K2J3D235s8jy22Oy/c7RLTuvyRCS3K1odXfv/HswCUHSsL6+CCGENHf2bj9ebvqhg1Lczf/ttxva1iSw3wDMk/ssRnNIQRefUA+5EiGkKPrtl7M11pcgKWXd+YP5Whd6xnZz8l7YNBCCpOH9tc9IV5X8/uvZuxbPitO03jiwM097Pdk1YVhf9s/JQffBUISL/uuTlspGM004gogoL+2fjfnnzC8AU8qGS7/9+MtNKqZvN126td5tsfnx7WEKAwAAAOChxrG1hOPVfWyOqH390Uo1QkhyO++X23m/uAvDwwL9vPhuLoRGpZS1N4nqahpNrvx4pjw9bWjYPfolulMkJDzjByS5ld9QIITEp3/8qiq9R0KYjxtStNaXFV25LdZwo0c+KTz9S0E7Qoi03qkNIRTYtxfKv7h/9eeFGZnJ0UE+Hhxlc82tgrNFupsUXONHDo81eYSxS/CgZx+7881f5RqExOe3fVYcm9kjMcLf04WUtzVWl1y7UtasncYjefSoZME9+dARPnTCoJJ1eY0Iaapyf1x1NS4tIcLPHcmba0qvlzToLuAFDxk/EPOobiscUZDgdxv5aFzJ77dVSF7y57cfn43pnhgdIvTycCU0CklzQ1XJ9Vu65y7yEkZmR9yD7yy0k4UNmZh9+/vjdxFS3j6w9ovrPTJTo4O93ShFW2NV8dWC0iatKoL0cU+l0f3aj457bCgXv0ghKqpDCCmKdqzf2TvBn6uUoOghI1K9XUP69gs+d7gOIdR6bv13bY8MSA334WkkoprSwguFNXLkkTJxXJZyR35JNUJIeun3A6FDE33chNFxgbTx+TCFAQAAAPAQ4+hFF8I9csjMl0KO/77/eLHuYqxcXH1bXI09mhecMXzME/2i+PdwHwdnSEh4Jo0Z26N2++UWhBCSVF49VXnV8CYnNCtnUl/+qXztv6Qat30aNyDr2fGqDb9crbhysuKKxZsuEdk5z2T6mhvFNWjgtPm8vdv2FTYhhFruFBy/U2A5aFCvsZNHpd+rXTEI96gRs5/jbtt2vEKBkEZ0+7LottkBbtHZkycNCWP5VbcjCnKFfSbNUv+y9cDNNoTIprKrZ8uuIit8UkZPGdfjHm4WQrhFDHtutuuu7YdLJQhJKi+frLxscYhrWP8Jkx5LsbdNRugeG4rr231g/NFfS1UIIdXda2fuIoSQP3/AcIQQN3DAM6PKvv+jVIEQJSo6YfaMEK/kMdPHp/m6tPaO4VaXaRCi6i/s335BuzG1dxfRDgAAAAAcoyPfTrr4Jg3PSRgkKrt+7UZpWVVtg7i5zfDrG4LH9/ENCAqLjEtM7Z4Y5nVfdoTruIQcr9RxLyzsdirv/LXbVSKJBiFEuPuGRidnDszKjPF20TTqv7FWK3GXlCmS49djwqKI9POn868WV9xtUVAIITefsJiUXoMeyYzCPcCYcAvp88xLyQOuXbhw5WZZdV2TTHf1WRAQEhmXktG7V1LwPX5gL8czbvjsZek38s8WFJVW1jbJSIQQ4nkHR3ZL6zOgX3IQw7PprHFEQcI9fOCUJd0rCy9eLiopr2kUt+l+0UXwBP7B4dEJ3TMzu0d43fP9wAh+9ODpS9NuX8ovuFZcXtPQpjSqEp/as09mQqDjvrqXhuL49Hh2lvLPP04WVrWqEUKugsCIbsG6LztcA/tPWxx84XjexaKyu20qpM2CqIT0vgN7dxPyCISQT8+JU5v3/HG2WKRAhJtvZLcQmme33xftAAAAAMAhCIrm1lqgAyiKN63YVEwihIIef/n5gc570B8AAAAAAABwr4DvJwEAAAAAAAAAAzTKAAAAAAAAAIABGmUAAAAAAAAAwACNMgAAAAAAAABggEYZAAAAAAAAADBAowwAAAAAAAAAGGB7OAAAAAAAAADAAFeUAQAAAAAAAAADNMoAAAAAAAAAgAEaZQAAAAAAAADAAI0yAAAAAAAAAGCARhkAAAAAAAAAMECjDAAAAAAAAAAYoFEGAAAAAAAAAAzQKAMAAAAAAAAABmiUAQAAAAAAAAADNMoAAAAAAAAAgAEaZQAAAAAAAADAAI0yAAAAAAAAAGCARhkAAAAAAAAAMECjDAAAAAAAAAAYoFEGAAAAAAAAAAzQKAMAAAAAAAAABmiUAQAAAAAAAAADNMoAAAAAAAAAgAEaZQAAAAAAAADAAI0yAAAAAAAAAGCARhkAAAAAAAAAMECjDAAAAAAAAAAYoFEGAAAAAAAAAAzQKAMAAAAAAAAABmiUAQAAAAAAAAADNMoAAAAAAAAAgOH+NcrindmEBQEzj0lkF5Z1i196Xnbf5EIIIVKU99OOYgXbw2TnFsfG3W+ZuwKq8k05vUa8sb9WjX/faCiWFrY4/Z7HhmHGezg12Zz/1cyB0UIvvpurmzDpsdd2lysRY4w5ZEx7scMC0lMLwkPnnJTg39XU7MiJ5XGDJ+4VU06VEIul3WyFKCtUtQf/N61/pCdBEAThmzDipXVX2jpDF0py+ZNRvSZ+eraJRAgZTTf67ZyYh7TgdLBE6AZxXrbe97zDYqxLBvGcFxudkjL3CqPrO3OJub9dCsb7XQn2UnWJZo8dLvdzcn73lZcLXu3mavqa7IL941AkRXAIZ0mFEJJc/PKDn2dNeDbBjd1hmf/JP4d8PZwoQRfAbqtS0tKL3EUHDmQF0kWVh8FQbews3KmYKuisEOr4ONIz/xz/bsObR+4838OHkBRvf3HoczkJvXMXMMQYy3DtIshu7D7s9s9LN95PZxTXSR7xMLOb7RC1DdV0ZEnWU38MWLnhyp9ZUTzxtf2rFswa+pzX9Z3PhnA7LK92Cq3uZNO1oviPc5ele+uuZxhMl6xsXPJgFhxbbr0XJcKe0PKwK++cvhLZwiheu9Niw/kpc194sKqiAWcF5/2ja0qFUMfSk7pfiHYM5ndfWay0eFl6/pX4uCX5UvMXzyyKjct5Y87IfplJ4eH9X95To6Ioaf7ShKQ5/3w6Rtj34xvy9qvfzMgMDQgOCQpNn/T5+RZSUfRRqnDUrgaSoiiKavp9fEDSO1flsuKNz2fFhoWGBEcOWLi5VK4dvuiHmb1CfDw9fBLGrjzbcPOrRwMQQsL40auLmyyHNcikLDYctmrz8zGxWpkx48vOv5KQNH/FsrGD+6ZGBKfP3lqhovBHWljCTKpmDUVa6agdPHHO+4ueGtQjOihx0tpD614ck50Z5Z+Ys6lcRWFP6ZBVac7CTkS2nv9kXHKQf4C/n3/iU/8700xKz74UE7skv6WYlYW1qOsPvDYoWOAflTJ4zhvPRsXR2tl6Oopsyf9kfHKAr9DPJ6jnzJ+K5ZS5ggV5tpTVR6MxLG2NeUOhE1xyakFUt1cvysz+pgkGI2TdxizPXmvK1br/NW0VxZUtKkpnOqmVmg23jMYsacWHH1OEYNRxwPhmSPLmh4XMPtGOUVZx84uRYQRCniGp03+vvGJtcBNLXjrlgOSWWWOwG236WLmD2UeqstX9+EnvXJYZX9K0lt+ul5M0lsHmoLr+r+WPhHr7hycOX7rqhaSYhackFqlnpZ2J6Sb+OydaV3CsqwSjQymKUtf9+WpWsMAvNG7g3H/PSYhZeFqCj1WbjsaXAtxZ7N2KKxGNjBrhpsMuImZJilMN6xQWebdq6yLmMmKNI3Ubl4w68Zo7EhtOSBkj+GXX6AS2i5rVFNblHRu0OtfbET+OVDmT5YDVwmcza9gEJ6337RfDgUWBfRtjIhUu3rDWdpIZseNgV2d7eUAa5fylESggZ2+DhtKI9ueEhC/Ik1CyguWxrhGTt1WpKEpR+H5336zPrklJSlGydphvwhuX5MqbKzL8dSnbejgnLOW9a+03P870Sn/7dLOGkl77NCvwkbVlKkpR9J+eQSO/KZaTitJvh/slvHlZUr66t3D0/hbssEap1PrDDJGhxI0vK1geQ4TN2d+gocj6naOEqR8WKfBHmmItVStOGFnB8hgicuEhsYYU7RnriRJeO91Kko27x/inr7ilZJbfIaviz8IdSdZvHeaf9V25iqJUVbsXT1ye2yzRG0rNzsJaIaOFo3+uVFGqml3TglEEnZ0x0ylLv+glyFx5XUZpRAfmhPpN+LOZMlPQtrJWjbLK1pgG8I0yLhjMUJauGSbwSJv23k8HLlVLNAY76EyHUVOlNyZ9+NFGCFYd+41vroKhUcYq23ro2eCMlcX44LTwjr2SW2dNkz7k6KazlpDZR837RnnHv3nZ+oMthbcMPq7OLY7yG7WhQkVKrqwa4o0il+RLzXTH+0VvOkPBsda3ndGhFEVJ85dE+43aUKGiVFXbJweiiCXnpPhYtelobCmgC0KWbpValQjmEMVOh11ETGXAn4VzCpu8s1lGrHGgbmOT0diUOBobTkkZM4dYLbuG9+1Z1CymwNi/naFRZh0/lENVzjALy4WPNJ+OednFByej9+0Vw4HSyr6NMUiFHQeriLPMaHNNcZj7+mM+6bXXEnjGW5QjXzwtpTmSILj+Q2cNCeAgjrD/hOSWU6dqVAghxM+Y/li4C9LU5v5SnrZoWooHgXhxExdm3N1/rIaImzg7+vwPJ0QUkl7dliec9mxs07HtxenLF/Xz4SCPlGkvJhZuPiVW1+XuLE2aNyHejeDFzdl7+/zbafrvarDDMtyopanDjE8hhLiZCEgyAAAgAElEQVSB2TmDAziI8IpN9WuraFLTHmkcylKqFDGNMNyQYVMH+HEIfkRiSOjAJ9O9CMIzKtG3vapZYUN+R6yqxp0lxx2pcfMP4dzatWFfQa0qbPyXO1cM8bH61sOmhdV3846K02eNCndBLqGPzR0WyKWzM7KezjXupbya40uS3RFH2HdMorqiok2DTBREtpW1woXNmIxYBYP5265xz++7tGOmT/6Xc/qHewoSHl+2qUhiDA2C3qr04UcbIWpadewzPu0NuvTK0hvcxJJ2Sm6dNbZzGSshvdiUXNyk8QrzcUEIIbJ20xNBfD6fz+cHDF1bWo0rL7h55bV5x5oz546JdCH46XNeG+JjGF6vO6NfjDa01tfTxonq2ryj4ozZoyNckEv4qAXDA7iI5rtIFo7GlQLas9i51VoORlPYF42GZMedpaJ1CkKMeWc2Mvslw866LcclIwMsY8NpKaPH1WrZ7cajFYl+UbOcwpb96bGVSh2pclgT2Vr4bC272OBk9L4jYjiwKNjbxuDGwVvbSWbE9iGWa4pj3NdG2eKKcuXqgXzaY7leId5aRV0Fvq7yJimJEOJ6hfrxEELq1rp2XkCAB4EQQoSbnz9PUt+mcYkeNyfm/A8nRNKinbk+U5+J57bdbW0/tSA5QCgUCv1TXjivltW2KNrqJS6+3jwCIYS4fF9vd4NN8MPS66PBja9GCBFuXrpROVwCURT9kcahLKUi6YThuAncCO3YXB6fRxinsS2/A1bFnaXEHuk9fO2hzzIKPhwTIwjIzPnyfAtpZTGbEmraG6Wufj46O3gFCri0dsZMpyjb+8HUganJqd3TshafaKcovdZaBU3/Zu1rFmMyYxUMVgfw48e8unrvhSqppCr3nYRD84a/fLzN8C69VWmDij5CaNWx1/j2K8sQXUZL2im5ddbYzmWshPRiEx6BQa7NZSIVQghxgidsulJaWnpl/WPcZqmyFWMZOW5epaRR5hbgq9XSLTDaT/8zDaPuTH4xOgijr40TNZJGmfEUQZAXbb/FytFWpUBFdxZbt1rDGKJ2RaNeBuxZCjqnaGGuZnaXEbvrthKXjAywjA2npYwBq2XXUBbtWNSsp2CxmtBgKyM6UOXwJrIpKuOyiw9ORu87IoYDi4LdbQwu3nCKOMuM+D4E2bM60/HAbA+naatrVSOEEKVsEas8Ajy5CCGkuzXbxSfUS9nYKKMQQoiSi0RKQYg3F7lEPjWv28Ufj5zbdVAwZWI8z8U7zNdn6PoSkVgsFovFrfK2c8sS3L1CBCr9ueqm20VlbXqH0AxLC3Z8V4eO5FpJJfOyTxhW8jtiVcxZbvgjOd4Z01fsOl/TXrd/WuV7M7+8obRbQi5f6K5salFSCCGkaqppUdNbz3K66+Xb58zbk/Z5XuH1a1ePrxroaRjV9I5+W8qaQ9ayGVP/CiI1JIUQQqS8Tc6qsFPy8qPb9tzQXkLm8MP7Tf/3v/q05Rc0GMsPrVXZhx8LdRCyz/h2Q29wVr+3wEpunTUO5zItnunjMxp2bLwsQQghjod/SGhoaIi/O4fGMh64eV09fN2UTe0qhBBCSlGlcXHR6c7sFwPW+rZU2ziRyxe6K8UtCp1P9ddwMbHKytHWpYD2LAd/RsNsCjujUZ/suLPcaJ2ihbma2VdGmMEOwsMlIwMsY6MTUsZy2WUQyZ5Fzdr+rAqszVTqSJWjMZGthY952cV2KYzed1AMGlgWH5tWwpdorLWdZEaaPgQ5XHyMPDCNMinK/f6vWjVS1xxYX+g3ZFCY6XV0bsiwZ+OvfbXxmpRC8uLta65GTxgW5oIQN3zMvMT8D9/e5jZ5Qpwr4gRlT0649n8br0sppBGfWjH9hc3lKm7w4AmxRWs2XZNSyjubpg8Y991tNZfHUbc2yTk0w+ogdIcZPqFix8dqY/NIa6nK/RmFwUFnlg5a1fosN9yR6qsfjRj61gmxBrkK47tH8ymN8bM8wc7CCLmEDhjkc/nH3ytVSFn225pcMUlnPbnVdGpJgxgFp8T7upDNZ7/7plCmaJHRdqu2bYUQQkgjZT2mq1+UV3PRnXYKkaJTm483MHwVYYRATQffmTr+9V03WzUIkbKqo6u/vCLM7h+sF8VaTQrpjEmwDj+W6rA3PhvVLGBpcLskx+SyXrQOTmcid9gzKxcL1oyb+vHB0ha1Ri66eeDTefN/QWmJfqG48oKb1yOkX1+Pgp+P1JGU9NqGT483WV5JZRlm1voWt9g40SV0wCDfwvV/VKkpRcmO/8vVbjyHi1VWjrYqBTwnhYehRKgZTeFYNGLPcmV0CkPemR5HE2bqupObN+Wy3V8NO4g7LhmZBmEXG52RMhbLLoNI7Bc1jP1dGAssu/hBHatyWBMxLXxaGJdd7NRYITsqBg3s1zhmK2HHwSriLDNi+xDnbNbSle5RJoikfxfS7XvIixoSf2Baz5iQpCX1z619q7f55iO8pCVbVyVvfjwyMCBs6LrYFVuXpfIQQogb+sTcpKKT/CnjY10RQq4JL27+NGXz41GBAYGJM4/EjH80whXxkpduWRH709AAd6+MD1yW/7w83SMga1LPKzlR3V9vno8dVgtHf9grZ3X3VmPHx2LzSGupvGh0ZIDOLB20qvVZuCPdU2Yv6X1yRpyfr69/ytLGuV+/lGzYqIfDzsIIIX7fd1bPaHglURicPO14r3EJLgo1hbWe9XTpiZPefqbx5aSwuIxx68Pf+WhE1Vtjlpxsd9RWWr9Fsx7TNX7GO2OrX+qd3jd71r6YJxJ4uosfzLj3fPfPjWPvvDso0IUguF7pC4/3+vKPFQMMn+oxVjWE63LxLJbhx1Id1sa3rZc17Axun+RKq6wxhFzHpjOBEPT7MPfQP/33zO/h6+riETbo5d+9l/xV8OOTAW7Y8oKbVzDwvS/G3ZofHxTTf3n1E0/FWBqQbZhZVYleNmOe3/ftr6fVLU3wDUyYfirziRgeQjSxysbR1qXAWeGhLxE9P4/+B4NGjk2HPYvRKUx5Z6j/iC7MlKUbXl227hbbTX2xg2CTkWkQdrHRGSljsezSi8R+UcPYX8BYYFnGD+pYlbN34dOdxbjsYqdm9r5jYtBgzxrHZCX8OCROEWeZ0WlF3poO/BDw3oH9FTM7Wg5Nj+73RWlHfvD4sOKYVTvgCwAA9GjU2h9xt5+YHZH01hXc3gidTQdz+SEsBZ3lFEXRJ5Pfx+5/8XACyy4tD2HWmGPciaVTZ7m3Znxgbr1wCKq94Ou3jvX4x6SYB2yzdAAAHl7Ud1ZnBQ38pFBKaRpOrD+ozBwc9WA9FuFhpBOdQkpawnJmpPxNfAzL7t8aZXO91NXL7eFqLR8ubcyQ5C1KDs7emLbqq/EhD7GaAAA8YLjE5Hz+euh3jwR6ecfOvfHMd6uG+9g+CehcOtEpHL/+U5+Kcda3wF0aWHb/1rQfnZk6al/k5HFxD9enQoJieYc3AAAAAAAAAPydgM98AAAAAAAAAIDB7kZZdmFZt/il52UsDhXvzDbZ0cIjZviyXeWsdvIjRXk/7Shm+xNh+49nh6Oauof3n/PtVUkXvFDPrBH+XXMnEgRBEAEzj0kw57P2gh2Gdews8c5sghCM32fykKDWQzl+BJG9U6x/QV3zy/y+Q17ZTReRsnOLY+PsFtJBKOnVL8b2m/DxCRGrPeQ6G8cchB+KwYydk7Z2CMB+EL1BOj6a5Qiq8k05vUa8sZ/t1mE4qWxDtV/5ZlbfUA+C4Pr3nPFNYedXp3viXAdg70EnZoEj0K2eFgWZ65828X8nRPrtu1Q1B/83rX8EnyAIgh81cPrHh++qrUYzX6HoTkFkc/5XMwdGC734bq5uwqTHXjMUS1XtIdNTZqw8cleNENJUrOnlOWD9XcNeYmTdzwMFfb6t0tizjtyr2uvEpGaFpmZHTiyPGzxxL8OjI+3BzhRzYuX5G9LJV5QNz95TtxZ8FL5txpTv75i4haLZL0ty8csPfi5hX2RZHk83nVPQa6qRFH3d89DLs36489DEn8UDFKnG9UNwe5Db67XOhOMpcD/7/TGR3uEtp388TvGMD51C8oqLsul7Dn02IZrmxkGPzP/kn/ugpwf+XedCtZWWJa04smv5YH9HHoFxr7Enj5jMaB0wnZChzvVjx0czH4GSll7kLjpw4L+jQzvzd0/ySx9MfOPO5D01KlXd7ifylz1n3Cy3s+hK1cCUe5nX9mEd/HSrp7Egk4rafTPF/31m2bE2hBAp+mvRwKe+I2ZsLGySy5uurp+q/nrMwJcPa/fKxq5QDKdIz/xz/LsNM/bcaZYqFOKz74Vufi7np3I1IsWHX84yO0X19ehBrxxttpW7LNeRe+4jJ09HV8RkN3YfdvvnpYpdTwmZHn7BvgbamWL3pfJ0LTqwvnSgUaZaz6+akBLo5y/0Dc6ctZ7ZY1yv5GffXBhVuOtSm+z8K4nJc98YG+vff9UthaTw2+d6hQWGhAaHZUz+4kIrpSr5esK07bf3Tu81Zk1pW8mmhYPiwsNCQ6IGvrDltnYK2Y11s3qH+gr4vonjPjnXeMt4fEmz5WgImU9nS2ZNw1/LHwnxCohOzX5pV5V+NZHjxMDD4cc+OmWwd2OpSIUQZaUdQlTbhVXjU4IDAgOEAUlPrzjbQiFN/YHXBoV4CcPis+a9Nzcx9oUzUiQ9/Xx0wmsFcoSQ6d8YSTADOlUjLJaTNhabeEGEMTJWDJx9nCI85Z4yrlvBt0caSIQQoppP/XA2ZmyyG2k4fcSjz786JTNed7q88D+9Qx77sVKNkOr26uzgrM9utRS82bff25dkyDLeWkjbYhvlwMSbtb8IV8XhRU++c9HimgareeUXliUmzf3gpacf6RkTnDT5m8M/LnpySK/ogKTpmyvULCzMOhLM8kiJO0vTcPD1wWE+ARFJI1759MXk2BdOS5FMb0aGgPl020tMBcFUCOWN/3T3H727Ufti8/4JgcnvGrdeV978b5pwlO5dSvTrkwHpKy6doxGghcKnGGNZ06ujvPnpkDChUCgUCv08CYI77JcmmhMtnWgwCKIkhd/OfGT4gqUT06JMvZm84ON/jMvu1z0yJGPOtkrLj9uOZYTfsHfX//BSXz8Xl4B+Ex8PrC+8a/lFitUIOGPeVGEmwshsWsNxNZm5ZNkKaYydaeyGkdbE/jh/sS5TzCrIzr4UFz/9zbmP9e+VHBExYMneWjXNOOZpZek3HSarp/kbBC9owHNzu7dfvtqoRqrb65dvFLy9d91LQ+N83dx844e9/NPe13k/Lt9gdtHGdIViOEXVfudqc8zTT6b5cBHieCZM+vrMpa1Twl1Ud9a/tt7jzT2mp/z2GveH13526NKQ5MSskNA5J80uLRt8RONWq8KIczT+XJx/zVPSPkcbZWYuj8pbX06Ysa3u5qeP9Zqxv+qqjTBgscrbXHCdW3mYCy9twONTzHqZuP8pZhN795MzbF+nKv2ilyBz5XUZpREdmBPqN+HPZotDRTsGm36IVBT+O9H7sd+aZAXLY10jJm+rUlGUovD97r5Zn12TkpSiZO0w34Q3Lskpdfnq3sLR+1so5c2PM73S3z7drKGk1z7NCnxkbZmKUhT9p2fQyG+K5aSi9NvhfglvXpboj8eOZjqdTZml+UujhaN/rlRRqppd04JRxJJ8KV4MOk017cWbcyKj5x9pJrHykPVbh/lnfVeuoihV1e7FE5fnNkvyl0T7jdpQoaJUVdsnB6KIJeeklOTUgqhur16UURRl/BsnCWZA0iGN8BsTWjhRB2ZSld4LWCNjxcD6yynuyBY++uP6sZEjfq7RUBQp2jMh7snvv8v2HbxDRHO65OJb6dE5++pqdk6M7P3hVZlxM0jreGu1JbYBnClw/pLmL4mLf+W8melZzisrWB5DRC48JNaQoj1jPVHCa6dbSbJx9xj/9BW3lDYtzD4STPMIf9a5xVF+ozZUqEjJlVVDvFHkknypwYxMAWOzIJjJuyLDf9SuBpKiqNbDOWEp711TmNrso+6B4/aJSYoixfvGBWWsuNlCL0A7LsXw0as3iNUWoeqa7ZMikl7ObSKxJ1o7sckQV7TeDJuzv0FDkfU7RwlTPyxSmKrvaEYYArKpcOPM2MjpvzdqbIYBxpgS3ERYmdVMNdlGyWIOaaydsTLgo1Rv/46VKdtVNwIF5Oxt0FAa0f6ckPAFeRLby5MZNKunxeuK2mPvD/CKXnJWQpEN24Z4Jn1w3Sxg5IXvJngO297YiF2hGE9RlK4ZJvBIm/beTwcuVUv08UI2bBvqmWiWdRQlv/pOgmD4jrqy1Zn8/j/VGmJLc3fDAM/e31Sq6dYRilI3Xvzjj4uNatPXDD7CutU6p9pYhyXWv1KmlLThaNOgZS6PVOuhZ4MzVhbja7Kt0+1ecJ1deZgLLz7g8SmGWybuT4rZg+ONMkVpZK1tSpKiKEq8a4hXn28r1eaHmuaGuvXGphnhPiM3VKllBctjfUbvbaIoSl32VabgkU11JEVRFNmwLdurxxe3Vfoiq678to8g6+e7GoqiKPLuxkG+2ZvrVBVrenkN3tZAUhRFqSVNLTKN4XjsaCbT2ZRZdfvzHl5DtjeSFEVRbYenBEYvyZdixTBPFtGOwaYfPoKf/r+LLRoa7VoOTg0MeOKDXy7WSLWDqEo/zzCZdHJA9JJ8fKOMl8RqQAc1om2ULT5aRbxwSkJZT2pYGnFGxouBtY9T3JEtHPnbnd+fiRqyrkpNNv4yNn7cryW7h/oO3iGiO51sO/2P7rFDB0dn/OuChDIWa7VVvCltiW0KJt4w/sI0ymznlRUsjw997lg7RVGyi68Z/jz/Snzs4nNttkS1IxJM0xZ3lrL0swzv4TtFFEVRVNO+p3zMGmWmgLFZEEzFUJV81itw9O4GkpLkLYhJs1jkFdc/6B4y5WALRTX/+Wxoj49vKRkEwH4WxbqMrlFWlKwdGdrrvYsSGl9bO1FjiCtabwZNOdxGURQlu/CP+MgFpyRm2juYERRFUZK850MRQi4pz++utOhX8CNYGVOGPQwrM3NNZixZFGNIS7EOwslAE9tGD3aoTDGrID3/SrT/MwdbKYqiKNGuoYK0lcUyFsuTCTSrp1VBDhq08IerbSRFqe78X09+v3U1Zh+BNNU/9OVnfl1Wj12hGE9RU6SkZN/KF57sFe6GkEe3x17ZeL2dVN35sgfdKaW3GRtl3DqCxbRRtnardWFkHZZY/1LMKcnsaAO2yiOpb5RthgHbVZ5xwXV65bFReHEBr8SmGG6ZuE8pZg8duPVCUbb3g6kDU5NTu6dlLT7Rjt1mzvCQahfv3m/Xz9q2YWo4FyHE9Qr14yGE1K117byAAA8CIYQINz9/nqS+zfB7Jk3b3db2UwuSA4RCodA/5YXzallti6KtXuLi680jEEKIy/f1Nt54SjuafjqbMmvaG6Wufj66wb0CBVw6May+ZTIpaqU/JHw7cvTXpTKsPN7D1x76LKPgwzExgoDMnC/Pt6gkjTKjRoIgL9r7VPGSWA1o+lz2DmhkrZqWytUD+YhpUoyRsWIwe7+jwnN8B83PuvPDvsq63B8KM+dlCzkMNkSIEPReOFuQe8JvzpwMvpnNLeONtCW2Cbh4Y/SXI/Ny3ARuBEIIcbhcHp+n+5NAFGXbwnZFgj6P8IkpaZS5Bfhq88wtMNrP/ImvzFqzKwgIIeQSPW5OzPkfToikRTtzfaY+E292jzkvfsIk4clNl9pbL/x8OmT6OJPHELMzO7uypkV2ddW0f6vf3PrPTD7NidZOtF2sCDcv3VFaH5pN2ZGM4GetrVG3lR+ec3vh8OVnzb7rxo9gZUwO3UT0MuPVtOkL+pCmdZCVDLbM0rEyZVMFrleIt/buT1eBr6u8Saq0vTxZQLN6GgqyquzbIX6Bj74wLU1AIMQVBPsRTWUis7vPVeLyZq5/iBcHu0KRzKcQ/Pgxr67ee6FKKqnKfSfh0LzhLx+Xegb5oKZysVl8qZsqWzh+QQIuQZjfB0pqSMThEtp7cnHriE0wbrXMKYp1WGL9a9TCMUcbYCyPauZZbJ5u74Lr7Mpjo/AiTMCTWMFwy8T9SzHWONwok7Xb58zbk/Z5XuH1a1ePrxqIvy3fJDfaS//88PEQ3Y3jBIdACCEXn1AvZWOjTHsfnFwkUgpCvA3B6+Id5uszdH2JSCwWi8XiVnnbuWUJ7l4hApX+FHXT7aKyNr396EfTTWdTZi5f6K5salFSCCGkaqppUdOJgXvuu24Mr7jH5k8LKthxUYqXh+OdMX3FrvM17XX7p1W+N/PLYhehu1LcotBNWtWs1pkIkbqH15PyNjlJL4nlgDdM7sNxhkZYaCfFGhkvBqP3Oyw84TNg/pDq9Zu3fn+j77xBfrpIpzudrN/31teuc2aoPn1zX71JRnKt4k3mZUNsAzTxxuQvp8xrwKaF7YwEfdriznLz8HVTNrVr11ylqNKyVWPWmlVB0Ioc+dS8bhd/PHJu10HBlImW5ZrXbeIkn2Nbz5zaeDIox7RPxgmASTF2ZQ0hRLXmvT356/BVGxYm8BDdidZOZFGsmHAsIzTiC9t/+qNShRBXEJU9/+XM+oO51abNEc0IlsZ0oG7QqMkqBbCwdpANs3S4TNlSQdNW16pGCCFK2SJWeQR4utlanqygWz0NGkbnfDJP/vnSTRVqhBDh23t8cuWWbTfkxiMUxbu213Sf2NvbdALjCtVGf0ovXsXRbXtuaLfG4PDD+03/97/6tOUXNAoyx8SVb9lx0+QUZelvO6oSx/YSeoeHuNRfN97/rqi8WMuLjPRy5pYBmMIoYBuWWP8a6HCsMpVHVxuz2DzdzgXX2ZXHVuHFBDyBE4yDWybuX4qxxuEQ1kgbxCg4Jd7XhWw++903hTJFi4z2sxYd3JBhz8Zf+2rjNSmF5MXb11yNnjAszIXg8jjq1iY5EZQ9OeHa/228LqWQRnxqxfQXNperuMGDJ8QWrdl0TUop72yaPmDcd7fVuuM52NHskdkldMAgn8s//l6pQsqy39bkikmEEAcnBr1OlKL25M9by4L7x3vj5FFf/WjE0LdOiDXIVRjfPZpPabghAwb5Fq7/o0pNKUp2/F+u9jfKrn5RXs1Fd9opRIpObT7eoKGTRG41oOlnQWdohAEzKdJ5QY0zMlYMvPed6A7vfvMerVn5YVHW3IG++tfwp5Pig//8R+GUb7/8+ttx519e/pdhuyVkHW/l/lix1XUnN2/KNdtrBxtvzP5Cds/LhE0LOxYJ2LNcQ/r19Sj4+UgdSUmvbfj0eJP5D7ToA8b0OJsCI4S44WPmJeZ/+PY2t8kT4qzWQ163iRMFf63876HA6eOiTd7FCOCCSTGWZY1s2L90+u6B3307JUInHfZETLHSW5eNptY4lhEcqmrLspmvbL4lpSjprV/XXeCmZASxCQMLY9oRLQRTTbaugeyfesV+3WGWFjsO+zJlWwVSlPv9X7VqpK45sL7Qb8igMDeHPM4Mv9erHw+7/K9/HRJTCLnEzvhkHvnJ2Nlfn6xo16gllXlr5o79mHr+k2lRZtMYVyhP+lOiXZoOvjN1/Ou7brZqECJlVUdXf3lFmN0/2KPb7P9Obv3vhEXrL4lUCKnFlzcunviRZObK52JdvLMWPSX7ZvGKg3daFLKGa7v+tWAdenZxfy8GDTSigj//LLBjW0zrnCrzYxuWWP8aR2braEypN4U58ByryfYuuE6vPMhW4bUOeAInGHaZ6MoppsfeezWMP+ar3D4n1ccrOLb7kIU/HfnqMV9ewgsn2kwPpbl/X1awvFvk/DztHTCktGjd7N5hQn9/v9BeM78tbCcpipJfX5ntjdxSlp4R3fp5Qb9wf39/P/9uj/3rQJ2aoihSUvhNTrq/B48niH965dlmjfH4043Wo5lOZ1tmVc1vi/sI3QRBsQPnvT83IWbhaQlFUTKMGBaampiUH95/7ndX2ki8dqrq35YNifbx8vHxDUh44t0jDWpKVf3rot5CN0//yP5z3poao709VFW5bXZ6cGT3PoOeXPzh3MQE7S2sGEkwAzqkEdt7lBFKfPdqu/Wkei+8tPMnjJGxYmC97wx3ZAtH7m2mKEqStzAiZObRVoqimn8d6jt4hwh3Otly/KVusQuONJEUpWnclxMWs/Bo7Rn9vYzW8YYVW5I3PzRoRm67mfi4eGuyNh3ux3ws55UVLE+IefGMhKIo2aV/JkbrLHTx1W6xL52V2rYw60gwS1usC5QV2+al+3n6R6WNfv2T52LMb+rFRKk+YBaufclGQbBAU7NhiAtKW3nL6qdBFEVR8itvxSPU47MSFUVRjALgUgzrsnqLe5Tba3/qjxByF3hpEaa/eq4VW1usnGi8R5bGmwZTmBu8Yxmhqv3zX4/HCTgIEZ6xI9/YX2t1Tz3NCObGxB6Gl5mxJjOXLOaQxjqoAW83XGwb4gHrL9ZlilkF6flX4qOeeXP+0O7R/p4BfZf+fldNE9t4L1P0v36zfF1RtKKnR+IbF6Q6Rx/639Q+YW4IIeQR0X/6J7l1Kt1Z2BWK4RRKfnv366NT/XkIIcT1TRjx0k/6bJSV7lz+RIK2/yX8Mya8t79Sd8cq2Xblh4XZcT5chJBXt5HLtt7S3V9Ks47I24/PDA6ZfcKsbJreo4xxq3VhZB+WOP8ypyTG0bhSb7s86n/MxyIM2K3yzAuu0ysPxVR4sQGPTzHcMnF/Uswe4BHWXQvZhWXpk8ithZ/36YI7fQJMKG+sem7Ho+vf7vFwPeTeLkgNxeESCElOzkmeF77/8gfpnWKM1sMzMt7seyTv5bi/zx6ggFOQnVucOoW741rnFti/RxmX5M1PGC/bWLpxONM144eQv22ppy289gW8M5aJe5xi8AhrAHAGpKQlLGdGyt+tdBpR31mdFTTwk0IppWk4sf6gMnNwVKcYg2ov+PqtYz3+MSkGumTAXpTN9VJXLzdY95yAZ4/nxrjs+WDjra73XJlO5Vs8j1gAACAASURBVG9a6p1TeO/VMuFkoGAAgDPg+PWf+lRMx35a+0DjEpPz+euh3z0S6OUdO/fGM9+tGu7j/EkkeYuSg7M3pq36anwI1C7APtqPzkwdtS9y8ri4B2Ft7voIsj5aN6/9jSR+0JgttXb/QumB5e9Y6p1WeO/JMuF84NYLAAAAAAAAAMAAV2UAAAAAAAAAAMP9aZRl5xbHxi09L7PvrU6R5MKybvGW0zkiAynK+2lHMc3NWthZ2CC/9HpC1IJTUtvisZ/C8khV+aacXiPe2E+73U0nOUW8M5uwIGDmMQlOEbI5/6uZA6OFXnw3Vzdh0mOv7S5XMkvF6A4nwtbs0lMLwkPnnJTg39XU7MiJ5XGDJ+4V34PvdyztxiIAzFDVHvzftP6RngRBEIRvwoiX1l1p6wyxKcnlT0b1mvjpWe2GiQYrjX47J+YelgibGO2pjzqGyLRUqmtjCO9OKst2LAT2RqlhHHYZyrp+4muRtpoJxu8zSeDWQzl+BJG9U6x/QVn0UQpBRC0zm4Uum2jKI6uJ7KLjpVJd88v8vkNe0RqCLY4vWHQw19jOWBHox2Qbdcxp9WCtCw7jgGtYVFon06E9M9hAajAbPClbGxpa8Y/9ZXirE8DvieaADK1/TYp7an+LPbOwAL+zCU48zBRYy1seSUqKdm/Jq7ehbGc4hWb/I4wikrznw4Wjvr7UrKYoTfutLc+FeQ76pkzFJBWjO5wIW89K8uaHWe6CZKTt8JTgpLevyG0MQuNQuzGzG7sAMMogPvxCjFvMlC+PlIjlyvaagu3/6Mv3G7e91nJHMsfRqakRnd2y+0qL8Vm5Bivd2xJh2+wGeQxRZy0hnVL3BkcjxxjenWRztguBnVFqAssMZZ/I+Fok2jHEU+AfOnZ3g97SzX9Oi/DhuQ/ZIdK9ICt4PSU557nUuOdP6usAQzbRbw9ncyL7sC6VdkaLrHTvptwa7FaNDLBfE51TY1muCHbpTj8mW5mZ0+oBWhc6ggOLNUOl7RzsbpTJ1vOfjEsO8g/w9/NPfOp/Z5pJipIVb3w+KzYsNCQ4csDCzaVyiqKk+UsTkub88+kYYY+5MxP8ntilTWuy8Zcx/mn/Kzip39KPkhb9MLNXiI+nh0/CWIvd/tqvfjMjMzQgOCQoNH3S5+dbSPzspsK15H8yPjnAV+jnE9Rz5k/FcoqiZOdfSUic8/6ipwb1iA5KnLT20LoXx2RnRvkn5mwqV2l345v01rysuCCBm7D3ol+qVSb7OGJVk51/JSFp/oplYwf3TY0ITp+9tUKlLP7q0QCEkDB+9OriRmsZTNIGMyCDUrKC5QkRz3y4dFhcgKerV/e526vMxFPXH3htULDAPypl8Jw3no3SbvVqsHzfj2/IMTY0CoOzMKWu/2v5I6He/uGJw5eueiEpZuEp050mrfzliJu0sG6UybqNWZ691pTrWzFNW0VxZYvKKJXldA23jO4oacV7kD4ksFFkBs7sWM8a0RdxTPAobn4xMoxAyDMkdfrvlVes/WXi0EunHJDcvhTDSGiih6psdT9+0juXZcaXNK3lt+vlJI0F2MeYWdxaKWJipYn/zommjUYbvpOeWRQbl/PGnJH9MpPCw/u/vKdGReElZ292nT1bjEVg1ebntRa2oZRNwexwkA0VbigM6eRIeNPmWjPJXnLMufSFpSNR6kCGmlRFJvvQ1SJKtCPbv+/cwVFPbKvTUBRFkU37n41/5LkMn8H6/lVyelFCrxWFN77sHz3jUIvNbKJvlG1NZAWDRiYr16qtixgT8MZ/uluu4zeU9i1njlRO1q5hqrGmCzRuRbBMdjb5ZTYm/SrGKLNxx+gHfF3A+l1yakFUt1cvyiiKogx/My3WuN6J2Zu6StuMC06FrUJnD/Y2ymT91mH+Wd+VqyhKVbV78cTluc2Kmx9neqW/fbpZQ0mvfZoV+MjaMhUlK1ge6xoxeVuVilIUfdQ9cNw+MUlRpHjfuKCMFTdb9C5RFP2nZ9DIb4rlpKL02+F+CW9ebjK8Vfh+d9+sz65JSUpRsnaYb8Ibl+SY2U1bMFXpF70EmSuvyyiN6MCcUL8JfzZTlKxgeQwRufCQWEOK9oz1RAmvnW4lycbdY/zTV9xSSs+/EomET/1YKieV5RtG+4U9n2fSFyppVIshwubsb9BQZP3OUcLUD4sUlLp8dW/h6P0teBkMaYMbkEkpWcHyWE7whPWlclJV/v0Q79SPihRG8aT5S6OFo3+uVFGqml3TglGEbpN2veWxNjQKg3/33OIov1EbKlSk5MqqId4o0myZtPZXq/1u0sH+irKydM0wgUfatPd+OnCpWmK4GqeXCjOdSu8Oeg/ShgTWg2YS4syOnciIoYjjgsewFz3WI6YOdUByO1MMH94GmveN8o5/8zKu5mAtwD7GTNXEu0BvJYZobGfhuwgUkLO3QUNpRPtzQsIX5Elog4Sl2Q3yGIqA6RMTbCjFKBh7B9lUgblI2gxvhlyTsJUcd66DC4GNKHUgQ40P0mK2D00tokQ7soWP/rh+bOSIn2s0FEWK9kyIe/L777J99f1r65FZ8YPXlqvV1etHxEzcJyaZs4mpUWaeyApmjQxBaytWMeu4xM7lzJHKyd41jDVWbWtFME92VvllGNMaljKbFooHel3AdobtmEaZabGm799ovak3ICY4pbYKnV3Ye48y4eYfwrm1a8O+glpV2Pgvd64YIqg/tr04ffmifj4c5JEy7cXEws2ntHfU8DOmPxbugnhx46cEndl4oQ2h1nPrz4ZOHx+rf/6hpi53Z2nSvAnxbgQvbs7e2+ffTtPv26Opzf2lPG3RtBQPAvHiJi7MuLv/WI3GanYf00d4u8S9lFdzfEmyO+II+45JVFdUtGkQQogbMmzqAD8OwY9IDAkd+GS6F0F4RiX6tlc1qxFCHL8hL06IcyNco0bPSm/JO11jeNykpo5GNW5gds7gAA4ivGJT/doqmtS2ZaAfEDErRQizXxwf50a4BPXsHdBWbjKX+m7eUXH6rFHhLsgl9LG5wwIND2zXWR5rQ8P52HfltXnHmjPnjol0Ifjpc14bYr51i7W/UsT2u8mI9NprCTzjPXiRL56W4g5zjXt+36UdM33yv5zTP9xTkPD4sk1FEuNNW9YxaZiO3oP0IcHoQTqz005kDX3w0PtL51Bkv+T2ppiaUUJKLm7SeIX5uCCEEFm76YkgPp/P5/MDhq4trcZYQG1fjOnVtOUCvXOtVPO0eSJBcP2HzhoSwEEcYf8JyS2nTtXIaX3HzuxYLxthqRROMNYOog8/ExW0OBTeRikxucZWcoay4Nwo7VCG2rAPUy0ihNkL+hd//2ethhIf/+Fyxryh/vr1lWo6vuZEwovjIrjc0NEv9by45nAjyZRNZWrEUB4ZJsLALpsQQsyxar2OR4ntW846WjnZK8JQY1klO/v8soVTZO7y6wJiXIXZHkbbvzHNqwXTZHqwD3sW2P1jPu/haw99llHw4ZgYQUBmzpfnW1Rtd1vbTy1IDhAKhUL/lBfOq2W1LWqEENcr1I+HEEK8+AmThCc3XWpvvfDz6ZDp42IMzwnXtNVLXHy9eQRCCHH5vt7uBnnUrXXtvIAADwIhhAg3P3+epL5NYzW7+S9iFGV7P5g6MDU5tXta1uIT7fqd7zhuAjcCIYQ4XC6Pz9P9SSDt+1yfcKFWIp6P0E0ulhrG1NCpRrh56SQ1DmNDBoYBmZXiePh6aNcqrgvHbC5Ne6PU1c9HZz2vQIF+SdNbHm9DRgsrJY0ytwBf7R6RboHRfmbPdLf2F+mImwxYXDKpXD2Qjz+Q4MePeXX13gtVUklV7jsJh+YNf/l4m+Fd+uloPcgUEkwepDM77UQYXWiDh9ZfhlSyX3K7U4xRQsIjMMi1uUykQgghTvCETVdKS0uvrH+M2yxVtmIsILcrxoxq2nCB3rnWqrE4kesV4q1dW1wFvq7yJqntCmbD7IywV8pKMCVrB9GGn6kKOhwJbyPYXGMpOVOeOjNKO5ahttzEUIs4voPmZ935YV9lXe4PhZnzsoV6LciGQ1/tK/1zagiXIDiB43+9c/DrP+6SDNmkoRBTeaSdCAurbNLaiilWrdZxjp3LWUcrJ3tFGGKDTaawzy/bOEHmrr8uIMS0CrM+jMZWzPNqwTSZrC3PBvt3veB4Z0xfset8TXvd/mmV7838ssQ9zNdn6PoSkVgsFovFrfK2c8sSXBFCiODoPivwuk2c5HNs65lTG08G5Zj0yYjrFSJQNTbKKIQQUjfdLipr05vNxSfUS6l/i5KLREpBiDfXavYbJj+0JWu3z5m3J+3zvMLr164eXzXQk51Cmvb6NjVCCFHK1hYV32RlcPGmU40WZhloBmRSigEuX+iubGpRUgghpGqqMWauzvI0NtQLg3vX1cPXTdnUrr2orhRVmlcDa3/JvOx2k71Q8vKj2/bc0F624fDD+03/97/6tOUXNBhFo53O6R5ENGZ3YCJr6P1lSCW7Jbc/xRjxTB+f0bBj42UJQghxPPxDQkNDQ/zdOTQW8LAvxnRqskxka9VaqlmcqGmra9Xle4tY5RHg6UbrO1ZmtwVrpawFY+0g+vCzVMGx8DYBl2tsJafNU+dGaUcylNk+tmoR4TNg/pDq9Zu3fn+j77xBfvrVVVP7x+rCx34TGX5+d2B86bd7qzT02WQLmolw2LMsMseq5Tpu73LWwcrp4PpuDvtMYXeWDZwjc9dfFxDCVQaCg0gNSSGEEClvk5M0hzHJyRrL4HSK5U2Us/N4+dWPRgx964RYg1yF8d2j+ZSGCMyenHDt/zZel1JIIz61YvoLm8tVFmfxuk2cKPhr5X8PBU4fF20SX9zgwRNii9ZsuiallHc2TR8w7rvb+lO5IcOejb/21cZrUgrJi7evuRo9YViY2mp2sw+L0gYxCk6J93Uhm89+902hTNEis7kHE0VpGg9/+1etGqlrDvx02W9IVqjhi0pOkG3VdBBcHkfd2iRXM8qAHdDapCw/+7iEDhjkc/nH3ytVSFn225pcsaWyWBu6ML7rEdKvr0fBz0fqSEp6bcOnx5vMRLH2V7k/Szep7x7fvPlEnQM7zRCo6eA7U8e/vutmqwYhUlZ1dPWXV4TZ/YP1mmAMiHTuINh7UI/NKMKa3Y5QoYfZXzbBSm5vitmYjhv2zMrFgjXjpn58sLRFrZGLbh74dN78X1Baol8oxgIOxBidIhhZrFQrbmFxIinK/V6X7+sL/YYMCuM5w3cIGYsA/vq3TaWsBHNj7SD24edYeBvAFyt2kjNUb+dGaUcylNk+NmsR8u4379GalR8WZc0d6Kt/TV356+rr6TOy/PRdjXffGX1Kvtl5h6TNJh+bjQluIoTUdSc3b8o129DLhsdxQUt3isU6bu9y1sHK6dD6bqmmAysCrZBG02HM7gSZ9TwA6wK2Mrj4RXk1F91ppxApOrX5eIMGfxhi1TuZgQtai+B0iuWN2Nsou6fMXtL75Iw4P19f/5SljXO/filZkPDi5k9TNj8eFRgQmDjzSMz4RyOsPmu5JTwzFv11XJjzdLTZe7zkpVtWxP40NMDdK+MDl+U/L083PFuUl7Rk66rkzY9HBgaEDV0Xu2LrslQeZnaTZ5G6Rk96+5nGl5PC4jLGrQ9/56MRVW+NWXKynVkhjcq125MpB6b2iAlNeaVx1tp/9fYwGZGFalo4AVmTel7Jier5efQ/GGTADcisFBP8vu+sntHwSqIwOHna8V7jElwUavM1GmdDG+8KBr73xbhb8+ODYvovr37iqRhzfa395cXSTYridcv+8aPFZokWN+ERRNK/C623U3Tv+e6fG8feeXdQoAtBcL3SFx7v9eUfKwYYPiJipvPQuaP7cvEslh40uMhmFGHNzj5UGGD2ly3wkivtSzFbkxCCfh/mHvqn/575PXxdXf6fvfsOj6Lq/gB+Zmt676Q3Qgkl9I7oi1KUJiJVRAQVEEXFyvva/aFiVwSVKkgTRRQBESnSSygJNQlpJKQnm2T7zv39kWSzSWZbSAiB7+fh4YHdnbnnnrlz52QyO+MY1O/ZP9zm705cOdJHLpSBRowx23fkBqMxIdaGBWWhg6J2TeoSHtB2fv60b9/o5tg0245qJ4EOzx9reK299U41DMz2DWRzFxo5vGsIT1a2RW5porPzQGBlQ9zEHmolP9bmIiKX7o8Pc5EOfryXW80rurSNy67ETxvgZTz7x3n0ntY94/sNKTqze5OIrE2PDRsiIm3qmhcXrLhiOola6ZHQoDW7SL3juL2Hs5ubORt1fG/QTfuPCGSmpyapO3i+QdqbIGajVnBcEKwMo6b+d9T1ud3iewyc/nv4AzEyA88sHKyt1E6mBGfauoOzaTJvhEdYQwO8gYnEHFHlvzPiZrbZcfadeBsrdwAbtdAYU51aEP8IvyHps+6O1j98K922gVnVeiO/E2kvLZm2+b7Vizpjyr6VkPY7HB5hDXXor33T16/Px0lKZig4uPovbdcBodj3oUlhjAE0C76yLGjy1HbYnW4tpP1OZ/uVLnBXkIRP/uzlXVP6+76l49wTnvxu4xB36wsB2AFjDKBZiDx7TXywpYO4+yDtdzpcegEAAAAAIACXXgAAAAAACLipQll1akF01HMnVU0VjE1tqY7Pi4i8qUZvfg02tdJ0AVtnyNk8OUIm9h+33bbnBVnFFx1atflqw2/xmnFrUnqXs5DkW5l/wb2+MQFYHGONnlvUZ16OCZ11uO5tJwTDs72J+p/UZaybnHDvqzsE7gdlscXbUGuJ05KagWSpL00+Q9a4FQdBGzp467ejjR23ElizbRebgrFhRxZej8W+m31Xl/vX/03qFeLMcRzHecTcO3fFuXJzvW6yabZR7O5g8ZaBXD0+j+2vFFjY5tKicXtWM+2Pt8c1yoxnNt/b37Hr+yeOk8dNfMP65tfQYs2ZS5Tq0ta/5a+cufS25XsH2J7nytNfvLN2+tjxMbZ9P+EWp7QVsGdI27i4hSS3eP4bE4CdY+xm2BqeTVuNKVNPi+fs2tXX18Ls2eJbxEYCcd7k0LVRE7ZiHEgWcm7jDGmjW5MiIxs6eNuONyuBNfmRy45gbNqRmwwr2Tu/74N/9v5ozbmdfUNlxck7lsyaPnia64Ut4wNseJwHETXxPNbUnDp8dDbxxWhrN9u7hdN+E7L/jLKhYPfC/gGuPmHtB879ObvmJtXqlHVP9YtsExQYENrn6Z/S6v+8oDo2NzJqymtPDO2VEBcc3Hv+9lw9kerk87FxT7w6KsK715IrWqE1CLWlSnytR89FZ1RErDJp+bSEIN+AQP+gThM+P6VgRKz81JIx7fx9fH28fNo+tPhYmcAPbMY1qE8tiI2b9eELowf27BAS0GnGxiw9EZHq0orp3QI9XJw8Ykd/fLyMF+yd8LLNFLDlRGmvfDF26sa8y58MTZi6I/t8gyas5rl+DIVXvx47aVPa9ikJI5amFJ1cMradr6e3l4d/1+mrU6q2bP0UWe6jmTzbEIlpNrSX3u/gPXxrYdVLpTvG+sb9z3hbUcEBRkwhELyh4K+XBwS5+wS3vff5T56Ji3j6iFI4bMujV3CRuqmuXYNQvwS6X7t411mPx3oNq+4sK/p1pE/84jPHa5JsZ/4tZVUoRepTC2LbPvHO3If6dwn3bzth2d8r54wclBDm03bK+syqUy/63G3P9ovyd3Xw7j731xy96SC3cWfRpVgbY0Z2jhMijpX88/qQKF8XmVvHmZuv1wlPcA813WoaSyOBWGXS8sf6D5n13LiOocZ3hUaUSUIazCeNmAcM+bte6hfg6hUU1XfmW0/ERjx9VEnKI7PDYl5KVBOR6b8tTcUNWzHGaXnsXdZZWq3te1/dVAvtnhajFVinyUD6ZMtLVX2pv2DBZZMZMuOEDROald2z7t5tYVeysFmFk9awXaEOtswMTI05+ls62tpz5Dp3xOKkJDjVW8lS/R3ZTJYa33dT+swNr66Wv7xt5bx7ojzlUufALuM//PviqeUP+YvNHn3snGbrp6thXywe5m6yg4LsLi0EY7AcdvNE3qAndlKeeC7Ma/jaLB3T5fw8yZ+C559QMu3lD7u6xi86UmpgyuRP+vr2/zZdV3+pYPKZvL3AwAxFOyYHtJl1qJKpEhdGSIMnbMzWMeE1CLalPDY3PGL+CSXTJL3dwaPvp8lKnmlSvr3HI+bVM2o+f8M93n2/y9AxpsveOm/cwn2lfMMu1KxBlbgwnAuasaPAwPj8LcO82r97UcM0F9/v4vefZVfVvCZ1+RDPmNfOlgvFJrhsMwVsNVFMsWe8f6ePrmqFmrC6uEAMuoxvunkN31HGdKmfJ7h0/eiCihmKds0I9By7s5QJpKjEUh+Fc2VjJCbZ0F5e3Ml72M8FPGNM8ffkoHZvJWssDjDB4JXH54V6DluTqeMrzy0Z5EYhZsO2PHqtptqEQL80ZgZVzeKai+918B39ezHPGF/8+2i/TosvlxmTbF/+LWVVMEWqxIXhXMhTe4oNfNFvo5wp5qUjCp4v3DrCO37xFa3y5PMh5PXgylQ1r81YM9wzaPahytpBLjg+BQeA3uIYU558PirS3Aot9UiVuDBC5D92daqa12V8P8it/XsXNbXhCe6hpltNcLMagxF+V2hEKc1vLIX984DyxPwwz2FrMnVMl71pgi8Fzz+uZJWHZ4VGv3haxRir/bfFqViglUqTydDC2Ku0OMPbvveZplrwA5b3Gq3QIsaBVJNzoWTWzJA2Tmjm5vyGe7dxbAit2dJmFUya4OZr0MGWmoEbc/S3fLS1/chleVJqvuNUI/puHBKmSn8f5hb12lk1a8jcnNOIabZuuhrUNtYOc43vYNHmAU4dPrqqrdszu0sLwRgsh924YWkve88o628c+qc4fvqwNhKSBA594h5fMREZ8vZvuhq/cE5PdxE5tpv0TGzS+sP1rjjiOLH34OmDfEQk8uo1Nq7s8OEcHRGRU6cpQ9tIhNegE2rLyJC775eMjnMmtXPkSBY57qlON3bszzHIvQNEV35e83tiri5ozBdbFg9yt/wLCLHvwMkDfETEuUa09yzPLNEb8vZtSW07c2yUnJNFztiednJRu1IzvWuwrGBymihgS4liFpvQW1ucLMQgiZx7KOfA/DgHEnn1GBGrz8wsNzRMUUe5tQAE8mxnJETSyHGPh5384WARI+X5jYe8Jo2Prn1gkNAAEwpen3tof2nXJ0aESDin+BkvDXK3nDezK1dbS3Wd0d+gXy755rZj9eKyyDGP+h398VQ5keL46mOBU8ZE1PxOy978WxpjQikiIhIH3DOxt6eIcwqODQjsMzLeleOcQ2M9KrJL9UQk8hz0zNhIOScNHT49vuzQkRzjQ2DNjs8GA6A2O+ZiML9Cy+OEOK+Bz4yJlHMSvy7dfMozTNoyv4fW7CAWR4Lgu2qhEWUSf4P5pNjueUCfe+if4k6PDw+WkKTNsFlDfMRkZlqzPD80HId1ZxuzYy+02PIMb+veZ9qK5e0uHK3UyiLWu2nbhGZ2zhfauy2s2WLChWYV60fSqq3cMjNwY4/+NcxPAlaPXEQWJ6VmO041Vd+ZurjE4BrkLiEi4nPXPeDn5OTk5OTkM/jb1CwzwTRimq2TrgZb3OLkdrMbt/6DJEOeOaK0d08UjsHK0fnmI7eBvYWyoaJQKfV0l3FERGJXXxcxERnKbygqDs+K8/Hy8vLybvf0Sb0qt6z+5fFi1wC3qg0odfGQqkuUPBGJXQM9ZebWoBFqy0ivyKuQ+fg4ckREnNzTW1aZX25wG/Ltnk87Jb47ItzFp+vkL06WWXm8Nyd3dajKgUjMEWNkKM+vlHi4VTfq5OHmwMz1ruGyzRewxUTpLTdhdXFLMWjSt78zsU/7uPYdOvadd7CCMRJIkchqAAJ5tjcSIknY6BnhJ384WKS8uGWf+8SHo+o8WFNggAkFX1mokvt4VC0p9w3zlFoK2/zKtdZSXUeDfunMbUfj4rKosY94/bvuTIXi1NojAVNG1z7o2e7827l9iYhEchc5V7W5xDInGWey5YhI7N7GqyocmbuXXF2sNK7Q7PhsMABMmInBwgotjxORo4dj1a4nlojqtGV2D61Ju+WRIPiuVmhEmcRff2Px9s8DhspCVe1KXPxczV7TaGUqtpw382NPZHWGt23vq9OKxe1uJlpri1jvpk0Tmtk5X3DvNr9mqwmvlzSz00JdLTUDN/7oX8X8JGD1yEVkeVJqruNUU/Wdc/T1k5amF+mIiET+Y9edS01NPbd6qLhUqSkz13f7p1nTdDXoi+XJ7WY3LtU7o5z1TR8nu/dEoRisHp1vOnIb2Fsoi528HLQlZVpGRKQrySnTE5HELcjDffDqlKLi4uLi4mKFuvz4gpj613QbyvMUeiIipi0r1jn6OIuJiKovORdcg4NQW0YS90BXbWGhqupKOnVRkdYlwE1MIrdOUxb/fDKnIm/HpKy3HvviUsNrySx30DXARVezWn1J2sV0lYsNvTOfnCYK2FKipFaasLq42Rj43E0zZv7W8bNDSReSzx9Y0sdZOEXlvNUA6rM3kqqFQh6cGX165d7jP//l8ui4unVywwHGCQUvcvSQa0sqqn421xZlVQ1gq2E3WLncWqrrqt+vFAdz29G4uCx63CPu+zccPfzjv36TTerkRuTfvu1rnaEiv7w6G4oynZPJT4Q2TQV1WY6hUePELPN7aM0OYnEkCL4rFRpRtS02nE9c7Z4HxE5eDtriMk112FWn9Yk4EfEGnhER8epyNW9D/i3nzezYs75Zbdv7TFuxYezVj/ZCho3D9WYnNPNzvtnvSJnpjsWEN5xVbNt9WmoGbvzR3xqrRy7Lmu841WR9d44f06lg849nK4mIRI7eAYGBgQHeDiILwTRmmrWULsu9bp6Na+eeKBiDtY3VfMPSpB92fl4S2Luf+9mVf2TpSJu+bem+Yp6IRH4DJ8Qkf/njBSUjOj54iQAAIABJREFUQ/HhxVOeXp+hq78kX7Tv+925etLn7Fqd5DmoX5Dp768E1yDYlpE44J7xUclf/ZisZKS+umnp+bCx9wTpz7937+A3DhYbSOoV1SHMiRkY0+f9u37dPltvACP2HzA24uLSdclKpr22bkrv0d+le9rQO/PJadqALadasAmreVY3jIHEMpFeUaLWKwuKyb9dlIeELz323bIklaZMxTdMUZrO1gDsjqTuKSNxmxEzY0+8u2ijfMLYyHqjvsEA44SClwb07OGYuHZvHs+UyWs+OVDCbAq7wcrlNveUiBr2i/O1Pqhk0ePGuez+6IM9vlNGh5l01t78C42x6s8bhFJkphNGjBkK/15enY1VZz0H9Q00dtymqaAKZ2mMkcUVWh0n5ljeQ80lUGLxXUehEVW7wgYbK8Pbvm1UHbZH0uo/s/VMk7L5y30lPBGR1DPUtfTitQpGfNHh9QcKDFbzb3ve6o0965vVtr3PdAmrY69htPpKoUVqBhIzv6DlAX8zc77l7lhJeIOkyQTz3KCDLTUDN/7ob43tYQuycbM2IktN1ndx0MMfzXNZOnrih3+llukN6qLLuz6Z+eQv1DHWq41gME00zZqGYLHXzbFx7S0tBGOwurGab1iasPuqZl3OtnndveQufhF9Zr79REz4U0cqGWOqK2tn9Wzj7e3t6R099PVdefq6CylPPh8V+vBrTw7uEObt7NPjuT9u6BlTJS6MDnnyUGXVR4TWINSW8Xp2xisvrni8W5CXt7dnYMJjy5MqeMZ017ctGBTm7uru7uET88D/9hboWeWhJwP9pu6rqA3G5OsFxgBq/81XJi2bHO/tKJO5RD300bFSg2Bswss2T8DWE1XzlQjBJqwuLhCD+sJHA91I3m7ullUz2ru7+kd0GPTUqr1fDfWQxTx9sLxBiiz3UThXNkZSjyFnzSAJdfzoSt2vDQgOMF3WJoHgtZkbZ8Z7OnuHdhz+8sfTwiPNhm155Tak2mSnEeiXlUHFGGPqc29EEXX+NEVXZ9w2HKJ2jzFjYEIpKkhcGBP+zNFKxpjqzCuxYdW7+OkXoyPmHlMqj86JiH7sf08Oah/m4+rXa8GOG3rT2GzfWSyOsfza74vYN04E26oNT2gPrZN2oQTWfnlFcJwIjSgLG8vebVQ1gH6d081L7uwd0mvGGxOrB60ua+Pj8f4hHbr3Gznv3SdiY54/aSZdFsah4GTYcOxZXq3te1+BSSvCu6fFaIUXqRlIs7+YUdUXgWQav8wnuAb75/w6fa/6Mp/QmkvMb1bhWUUwzw06aO8M0GQzsP1HfytHW5uPXCqLk5KNm7VRWbK774Jf5mOMMX3Bv59N7xfmTEQk844d8uTn+3K1zMyc01TTbJ3axtJh7qY6WLR5QIPaMvZ/5yvsLS0EY7AcdqOGpb1u0SOsVacWxD/Cb0j6rHsL3OhRe2nJtM33rV7UubXcuK/VBXwrKf6e2um1HnsPPRtp+kOlfQOMNzCRmCOq/HdG3Mw2O86+Y/kmni06eqE1sHNE3YzbcDTehiHd/pA0gNbiLniENV9ZFjR5arvWU3S2uoBvHVaR+PUb+zu/8Eh4o28Rr7/2TV+/Ph8nKZmh4ODqv7RdB4Qi03ATMKIAAO5gt8eT+ZqVyLPXxAdbOgh7tLqAb5HKQ3MShq6RTFqxc0xA43/Ak4RP/uzlXVP6+76l49wTnvxu4xB36wsBmIURBQBwB7tFl14AAAAAALQud8GlFwAAAAAA9rO/UC7eMpDjXMb8bvKUE8WeyZ4cN3BLcc0L+pxfnuwx6PmtGWbubqo6Pi8i8rmTKvvjvTX4okOrNl+14dngjeiI6tSC6CgbFrElzza0Yl+E2ovvteO40AU2fl6wL43ZuDYnHAAAAOCWacwZZZGzi8Ox7/cX1VRwZUdWHmCy2sfekDrztGrKb3s+HRtm5iFGjl3fP3H8nS637bd9K09/8c7aFKt1G+MdmrMjVvNsC7tSrb6weh1Nnua67fvTlXYG28gWq9mYcAAAAIBbqDGFMnNoNzo6cfneAp6IiJUe/uFY+Kg4edXN4tUp6566977ZLz7aNarP0z+laYjUSe93Cxi6MktPpEv7ZqB/30+vlCW+1qPnojMqIlJdWjG9W6CHi5NH7OiPj5fxxCqTlk9LCPINCPQP6jTh81OKutdQq1PWPdUvsk1QYEBo9fpJfWpBbNysD18YPbBnh5CATjM2Zpk+q0N9akFs2yfemftQ/y7h/m0nLPt75ZyRgxLCfNpOWZ+pJ2KKk0vGtvP19Pby8O86fXWKhnQpX4+dtClt+5SEEUtTyxs2pzr5fGzcE6+OivDuteTssZqONFyPKUPB7oX9A1x9wtoPnPtzts58X+zKc/1lhVpRGVNtJbFEpDzz/VbHx1997SnfncuOKmzJHhHpc7c92y/K39XBu/vcX3P0pi3auLGsJRwAAACgZdh95+WizQO97lu5elTIvWtzDIzxRb+NjRz5/XcDPQZsLmLayx92dY1fdKTUwJTJn/T17f9tuo6xytNvxIdN/j0vZ8u4kG7vnlfV3jdbc/H9Ln7/WXZVzWtSlw/xjHntrCLp7Q4efT9NVvJMk/LtPR4xr55R1zYuuH5V4sJwLmjGjgID4/O3DPNq/+5FTe0iqsSF4VzIU3uKDXzRb6OcKealIwqeL9w6wjt+8RWtLvXzBJeuH11QMUPRrhmBnmN3ljKmz/imm9fwHWVmm4uQBk/YmK0zuQG44HqMlCeeC/MavjZLx3Q5P0/yp+D5J5RmcnUTeRZspTbVFhPLGGOKvdOjBnyboddfX31v+Ljfi3mr2VOefD6EvB5cmarmtRlrhnsGzTZ9uIPtG8tywgEAAABaROO+zMd5DZzV6+r3O3MNrPjAD2c7zRzsLSIiMuTt33Q1fuGcnu4icmw36ZnYpPWHixk5dXl5+cNn5k2Y8MLVacuf7+hgXI8hb9+W1LYzx0bJOVnkjO1pJxe1K973S0bHOZPaOXIkixz3VKcbO/bn6Gs/L7h+IrHvwMkDfETEuUa09yzPLKn7+GdxwD0Te3uKOKfg2IDAPiPjXTnOOTTWoyK7VC+JnHso58D8OAcSefUYEavPzCw3kNXmyKnTlKFt6jxF0dJ69DcO/VMcP31YGwlJAoc+cY+v2OLKG5lnnVArtX3JtZRYImIlB5YejHlmdLBYHDh8bpfTS/8u5K1lj4hEnoOeGRsp56Shw6fHlx06kmN8TGQjNpYtOQEAAAC4RRp5H2WRR78n+157+/esYT4/JHV9aqCX/jMiIkP5DUXF4VlxPs9yRER6pT4ut0xPflKXbk897hLzovizVZ2cTFZjKM+vlHi4yTgiIrGThxtpMvIqZD4+jhwRESf39JZV5pcbauI0s34iTu5afe2uSMxR/TveieQucq7qTbHMScbVfE7HiDTp29+Zv3j7VaVIwkovVgROqhOemebEroGe9S6/trieikKl1NO9upuuvi5iS7lqbJ41Qq0Y6RWWEkvEF+z56vfUnZsDxBOrXpCV/nlj7DQvy9kjEru38aoKWebuJVcXK3mr2TO/sWzKCQAAAMCt0dgHjnDuvZ8cdP2N9RvcL/V4rp+naH/V2tyCPNwHv5uyd7w3Z/ppPv/3N76Wzpiq+eS13yeuH+1X87rYNcBFV1ioYuTGkb4k7WqZl2ugq/afQhUjV46YuqhI6xLgZqz4hNevPtPIThDxuZtmzPytzx+Hf+nvJS7YMCDyY9N3zTfHiTg71iN28nLQlpRpGRFHupKcMn2w+VzVZUee9akCrdT2xd1SYsmQ++c3SUO3Ff3ykBdHRFS2+9H4t7dnT37MWgYNFfnleiIiplWU6Zx8XcSktpY9s2zLCQAAAMAt0fj7KLv1nHlfzkfvXuz7RB8P49r8Bk6ISf7yxwtKRobiw4unPL0+Q0d88V+vvJD06PIvvl4++uSzC3cXGU86iv0HjI24uHRdspJpr62b0nv0dxne94yPSv7qx2QlI/XVTUvPh429J0hief03waAsKCb/dlEeEr702HfLklSaMhVPnFgm0itK1JzNzQmvp4YksHc/97Mr/8jSkTZ929J9xbwdfbE5z4KtGIkDLCVWn/XrNxfip/b1rKlP3XpM7Z6ybMs1K9llzFD49/LduXrS5+xaddZzUN/AxmwsKwnX3ziwfv3BPL3wwgAAAADN4yYeOOLS/fFhLtLBj/dyq31NGvPM+k/arb8/1NfHN/axveFj7guWKA79b+6+/3y5MMHZtfd/Px/419NvHCir+XW7LO65nxZHrBrs4+Da6R3JwrUL413bzt+wJG79/SG+PkGDV0Qs3rCgvczi+m/q1/LSsEcWPVz4bNugyE6jV7f573v3Zr8xYv6/Sp++j3Q5Nzm0w8Li6bY1J7yeipq3nXr895upBc/HevnHTTqQMDpGotEzm/tiY56lwq0YySwkVpe2cdmV+GkDvIzncTmP3tO6Z3y/IcXMnbCrGXTS6JHtdk3sHB7Y7vnC6d++3s3krnC2byyR5YRrrq5Y8MJK3GYZAAAAbi08whoAAAAAQAAeYQ0AAAAAIACFMgAAAACAABTKAAAAAAACUCgDAAAAAAhAoQwAAAAAIACFMgAAAACAABTKAAAAAAACUCgDAAAAAAhAoQwAAAAAIACFMgAAAACAABTKAAAAAAACUCgDAAAAAAhAoQwAAAAAIACFMgAAAACAABTKAAAAAAACUCgDAAAAAAhAoQwAAAAAIACFMgAAAACAABTKAAAAAAACUCgDAAAAAAhAoQwAAAAAIACFMgAAAACAABTKAAAAAAACUCgDAAAAAAhAoQwAAAAAIACFMgAAAACAgNZYKKsvr3nrzTeXHi3hWzqSO5f6ytq33nzz60NFhpaOBAAAAKCFSBq/KK/MSTp2LPFi2vX8ci0RkdjJKzA0Jr5n324R7hKuqSIkMpQkH05iHfp29BITEZHIOSg6lDw8pE3XRBPilTnnjx5NvJCaXVipJyKRo2dQeFznXn26hrk1ZVYAAAAAoFk1slDmK9P2/vTTv9k6IkffiHYRnk4Sg6o0LyPt0rHsS8dP95ky7T9Rzk10tppXXD7w9wGvoJ41hbIs+L7JM5pm3U2MV177Z/36g9k6IgffiHZRnk5inSI/I+XikeyLR0/0nDj1gVjX1ngOHwAAAOAu1KhCWV947Kcf/83mnds+8OioniFOxtqPV10/8ev6Py8f2fhrwNyJnd2apCjUFqQVEXk1xaqaADPomVgi2DFD8cmNPx7MNjhE3ffomD7hLuKaRdS5p7av/z35+IZN3nOn9/ISCy0MAAAAALeXRhTKrPLK7r3ZPAUMmTa+t3+dFYgc2/QcN4X/83hFoAtjJm8Yyq8d37v/5KWMIhUjztE7vH3PwUN6hFWfdGa6ogsH9hw6m5qj0BKRzD0ouvOA+wbEeUmU51Z8tDWLiOji2g/eJKeuM54bFcpfXrP4pzS/B+bP7u0pImK6kiuH/z6YePV6qaZ65b3uGdI9tGrl6itrP1yfGjL++RH6wzv3n0kr1hA5+MT0GPrg4Fi36pLVUHHt+N/7T17OLFLyRGJnv8hO/YfeE+8r44iI1JfXLP4pLfThOf2vb/vlSLYqYuLLj7V1aJgWZcpff2cYyGfAtAn9g2Qm73AOgd3HTFFVbL7sqlVomJcTZ6VF8wmR1rxvqctWF29IX3pp3x97Tl4tVJPIObB9vweG1P/BxPIWbDhGzq34aGtW0EMLZiYYf1xSXVi5eFNG0IMLZnZzE91sHwEAAACam/2FMlNeO5GiI1ncPd39BJbmZIF9Ro2q8xJfnvzLt5uTlJ4xPe/tE+jMFNeTj538c2VKwdSnRkQ5ckx5Zdv3m5M0vu37/CfcS85XFlw7c/zAxmvFj84dFx1+3yP3H/9jV7IyaODofgFOXj4SIq3pyg0liRu//S1F4x7T+74BAU68Iuvc4VM7VqQVPjZrWIQjR5xIKiYqSfx5fblHz/sevceFL75y4I9/D2742ePZx7p5iIhpMnd/v/pYqUNI1wHdAl3E2pL0xCNHtmYWc3MmxLuJiDixVExUcfnP7RnSuP6DPHy8hZLGVOnHr2hIGjOkd6Cs4dsS/wGPzx1Q/VErLVpKSJwzZ63L1hZvGLo6fdfKDSfK5MHd7u0S4qwvTDm16SdnqckPOla2oLUhI5Sum+tjI1oEAAAAsJP9hbK++Fo+T+QfF2RbvcLU6Xv+SKr0HvDk7CFtqs6Ydu3Wuc3aL7ad/PNEr6cH+upzTl9SUcCwyQ/38qg6W9irR+yuTftKbpTq4tqEtY1O/3tXstY9LK5DlLzBylWpu3elaORx4598pIOLiIioa5dYt+Xf7jv+56mes/v7iEkk4ogUWc6PzBvd3kVERCFt3Msvf7Un40yGMsHDhTOUZpY6B4R1GD7pP6FV6+8R77Pi098uH7pY1qGXp4iIE4uIii7zI5+Z1t3D3PlMfXF6voEosH2Ik7W0WGtRaykhzlJrXbaYT+eGRTxffvHvE2Xk1mvy1AdC5RwRde0c8dvXawts3oKNuJbkJvuIq1cAAACg+dlfKBtUpUoiuZub3LbzetrrJy8qyatbjIumolxT/aIoOL4Ndy3zYnp5f19HkVhEpLh+Q8l7VBVFnGPUA49F2bTynDOpGnLs3DvGxVjBSv06d/PftzMv+Vp5Xx+PqtfkMT2ijJ8QuwZ4iqlAWaLkyUUs8e8/8cn+1W/xBj3PSOrp40TZFQUVBvIUEXFVEfds727ht/58VVrc3a2nxWqLFhOisdZle/OpvXEhh8i1XafAmtA5x9Ae8W6JRxTVH7C2Bc3+9GDBzfWxMS0CAAAA2Mf+QpkjjiNirM41yHzJ0WWf78wz/Vz19amGyrxCLVHxwRWfHmywroqCSgO5B/fvE3Bx/7kNS9JD2sVFR0ZGx0QFuZu9nNYUrywo0hIFBnua9kPk5OslozzFjXIDVRfKzt7OpichRVIxEW+o7gKvzDr1z74Tl7IKyrUmnXLiTbvoGuApsxgSx3FErM4yFuK21KLMUkKsd9nOfBqURWUGIlc/V5MMSdyD3ImqCmXrW7ARZetN9hGFMgAAADQ/+wtlkbO3M6WUl5SoeZLX1Cuc3K99t84BeiIiMpRdSUpX1XxerzUQkVevMfc3vJpV6uElJk4UNHjG3KDjh46fvXDheNaF4/8QuYb3uf/BIR28rZTLTKfWE5HEoe4NijmJXEykV+uMRSgnEplZE9Nk/vX9iiPFkoDOAx9qG+juLJdw+vx/N/5+pe7nJHLLN0EWOXk6ESlKi1R8lNxiGWe1RU5mISHWu2xxcYE+6DV6IpLIxCbvcWJp7ciwugUb4Sb7CAAAAND87C+UJV6RQdJjl/OSrlUkdKm5owHnFDnowcjqT6gvr0lOT6v+DydzlBKR2LVNdKzZS0s5mXfb/g+17f+gviI//eqFs8eOnD+yZaXGae6DkQ1vL2G6nNRRQkR6tZ5VXyFBRERMr9ETyRykHJGVooopU/YdKybnrpOmPxTpUL0KLW/jZSUmJJ6RgdKjihvnU8u7dxO6RsNQmVdEPn7OIltaNJ+QcOtdtpzPBj0TyyREpNcZTFbIdGpdbSw2bEEbMJ6vszFuso8AAAAAzcz+X2FzDmG9OjgRn773QLrK+rk9kZO/nwNR8bU8temHmbZSpW+wNCdx8Y/ues+4GVO6u1DFxXN5uvqfqL9yX185Uen1Er3Jq4aKG4U6Io827tbLOl5ZWMYT+cQE1laQ+uLUbLXVJeuH7hDas50jsax//klVNkyLvujU5uXffPz9vwU6e1psmBC7umxLPsVOXq4ioor8cpOnVetKMktq/m3XFqxpmBNzRMTrTZ4yziuLKpuhjwAAAADNpBHXenIO4UOGxTmQ4uS6tbsvFtf5RTjTl107sn1nGiOxk7zqd/mywC5tnciQuu/EDeP1uHzFpd++Wrx41YkSA2nSdyxd/NH6cwretA2OiKRVv3rnOI7IoBUsymRBXWIcSHXx6NWKmsWZ9sbpkwVEbTpHuFjvHSdzkRORslhZXSYyXd7xP08qiMigNVhasmFaIu69P0ZGFWfWr96RVGhy7TGvzD66ZeWOdIM8tk8nb4m1Fq0kxFqXreazPrl/W38ixYWzuZrqmPmKlCMXaotaa1tQiMTZw4FIkVtmLHW1N86cKar5z032UbBJAAAAgKYlfvPNN+1eiJP7xUY7FVy+ci01+djhMynXr2elp125kHh0387te06kFKi9OgybPKZL9RWxEvdgj8JzF9KvnrlSbDCoS3Kvntqz7a8rSpcODwzr4ieTOEjyE0+cP3PuWomqUlGcf/3aheN7diUWGYIGPDQgwlnEsfJLRy+UlOaX85qiErFfgBsVnT2UVOIc3bt7sKPUo43LjTPJl89duKEjXUVB5sUjf24/WcgCBz86LM5NzJGhJPnI2QJ5RM8e4cZHVRhKLhw5WyAL69Ez0lXuaEg7fvVGemaFRKwpSj+7b9sfV4KGD5JcSikuV0pcnZw93bSXG6xBOC0O/rGR0pyLadkZF44fSryanZ157Wryyf1/bj9woVDrGD102sPdfKQiqZUWXQN9K8+dNJsQscRyl8VW8ikQtodrUWJSVkZSSrFWo7iRdmbfH/8q2vioiyocI3t1D3USWdmCQtW3yEFWcOpcdtZ1pYunI1+Zd/XIjp3XnN2UJZXOMb27tXFytBiktT7i2gsAAAC4BRpVKBNxYpfgDt3j2zgxTUVRbmZWdk5Obl6JVuYT0bHnPQ+OH9Erwr327CUn94vrFOqgLs2+fO588uWr6cXioPiBo8bfG+MqJuIknlEdQx1UhRlXkpIvXr6SknZD5RrR/b6HH+rhL+OIOKm7nzj3Slp2ZkZagSgqoYOfyKRQ5jiHgHYdgyQVuVfPnz6XfDnlutIlqsfQ8aN6Vt/szEqh7CJxDIgO4guyU5KTL1y8mqf37/bg+HvjAj21aRevZaRmKAM7t3NIPWpToUzESdxCO3Vv5yfVqSqKc7Ku5964ka8gj/AOvf4z9uEhcZ4SjohE1lrsNqB/9zDzCSHLXbaWT4GoZd7Rbb00hTnXLl+5mpKWzwf1GTu6o/LsmVxxaPce4c4iK1tQOBOe4WEOihup506fOn367LUKjy4jR8Wrzp3JlUb27B7iJLUSpLXNCgAAANDsOGbT/cwAAAAAAO4uuNwTAAAAAEAACmUAAAAAAAEolAEAAAAABKBQBgAAAAAQgEIZAAAAAEAACmUAAAAAAAEolAEAAAAABKBQBgAAAAAQgEIZAAAAAEAACmUAAAAAAAEolAEAAAAABKBQBgAAAAAQgEIZAAAAAEAACmUAAAAAAAEolAEAAAAABKBQBgAAAAAQgEIZAAAAAEAACmUAAAAAAAEolAEAAAAABKBQBgAAAAAQgEIZAAAAAEAACmUAAAAAAAEolAEAAAAABKBQBgAAAAAQgEIZAAAAAEAACmUAAAAAAAEolAEAAAAABKBQBgAAAAAQgEIZAAAAAEAACmUAAAAAAAGSlg6gkXJzrleUKyrKy1s6ECIimUweGNTGy8enpQMBAABoMmWlJReSz5eVlCiVlS0dC4AVUqnUx8+/c5duTs7OTbhajjHWhKu7BQwGfeqVK3qDPjg0zM3NvaXDISIqLSnOuZ7t5OQcHhnV0rEAAAA0gYL8vCP/7o+Na+/p5e3o6NjS4QBYUV6uKCkuSktNGTZylFQqa6rVtr5COS83V6Eoi45ta4yc4zgiYozV+0fVv2+mLeN6jKsyfcX4OsdxBoM++fy5NsEhPr5+N9MiAADA7eDv3X9Gx8SGReAEELQmGelpOdez+/Qb2FQrbH3XKGdlZYSEhVODKrZeCduEPwAwxoxVMqth+joRiUTi8Mio7KyMpmoUAACgBZWVlnh6ebd0FAD28fX1LyspacIVtr5rlPU6rVwuN/63qng1lrDG15ukUDYWxPVeN23U+Iqbm7tapbr5RgEAAACgEZycnZv2kvrWVyjzPE/VxWtVZcxR7XURROar20YzXbkxBtPSnDGuSlVsAAAAAHAHaK2FMhFVla/16mHTKrlpL7+uuzKO56vOKBOZ1NAolAEAAADuGK3vGmWe54kYY1UlKTP5w1em/vbW5HEv7izgjS/qC4+vfXP2hDFjxkyc897Gc2WGuovY8YcxnjFeqVQuW7ZMpVJWfW+w5g8xxhMxFMoAAAAAd4xWWSjXnEtmjFHVH11Z6r7V78x7YcUZJW98kTFt+pZ3Pth6PWbii68tGB14ZcM7//dnro5MPmDfH6VS9fXXX5eXl3/11ddKpcr4OlFVPDijDAAAAHDnuNlCWXvliwe73/9/59U1/7/02YjuIz67pLW+ZOY//2RZ/1gDxmLU5JyuLv/vpStPyB948ZkEGdWcb2akuvzrH5leDzw/Z1Sf7v0ffnZuH9mlX/5I1zTujHJOTs7XX3+dk5Nz/fr1nJycr776SqVSVp1Orvn7pgrlykMLp316QVPv1cZmCQAAWi/tlS8e6tnvPw8MG/bA0KFj5i0/rcBpGIAWcfPXKIscvSSJu1PU8R0diLTX9p4wuMrr32tYgP7Gvp/+jOp5T0jNLaEb3uHNqM5bptco15zNlQSOWrxitIiUZxYb3yLSFSRfrpDH9AiVM2LEOcf0ieCOJF8u1Uf5ie3vZ1BQ0AsvvFD177r3aa4Nz0yhbKFrtZz7fbimX/0X7ckSAADcORw6zF/2/SOBYr54z4uTl/47btlw7yb7HTAOJQC2uvlCmUlD+nme3ZWq6dhBrk3fe8p7QHg+I9Jc2/rO/zalcxKtKO6J91+5P5DP3Prm6xszOLGOD5/49kz6+sfEEx6LfvB+PWbp7J89ghQVfV6cXLnsw91FYlI59H7x4+f6eioPzJ/+s0eQoqLvm//3aJi0qr2au17wxnsZ1wTCm14uzBjTK/IrycXXRVR9QbPU3ceZbuQp9MznJmYbjuNqvybIGNW5UE+7AAAgAElEQVT8l3GcuF6hXGGM/7U5zuvf35LBGypZ2+nvvTIsSKw4vfSFt/dpfIPjYhWnNfPWvhF9Yt70Q7NWTL76fxaz1PfV2bI175pN7PtvjgltsqfRAABASzMoFWqX0ABHESn2zpl5as7al9rLFX8/8/jJZ9a9HJtfd/4PuLHt3TfWXVbpxTFTPnhzjPelH157X/Co2uvJzruWFLyy/oX2cusRANzNmqBQJpf44Q6bd6VoOsRk/XPK/4GHytem8YX/LPmRnlq1tq9L/m9zZ39zesAirx1b8kZ/vnacv/rKn3sUXvdO7b+O3fvOE3HsX74wO+D99U9HFP29+T/vrn4wWnThkymf7J/Se7STqPqtWJM9mfE8Y4w3GG8SZ3J3CwNfXSnzjIh4A2NEzMBXfZgMVd/x43mDnVdIcBwRcTU/gxvvfmH8r0hEjIjjRKzeiqvjn+2z/8V5LvO++6GzQ8nfC2d9c3rg22F7vv4r5I11/01Q7X7xkQPeouqf7HWZVrI02/ufZ5+0kNhiJR8qa30XngMAQF3qC9/MHLtOrCnK1XRa8H17R6Ly+h/R1jlkFFcUXvpknWzeig3dDEc+fm9X2tCRBU7mjqoS5f1L9e44rwJgTVPcHo5z6zwicMOu1HLHQyd97x/p9vNa0uYm5vj0jXPliPPq2NVpy+VCblzfvrpXnl2QMmzo/SMe6OxhOGtcXuQW0y1YTmLXADrx8ZztnFx/PU/lo+bJqeYtU1V3vaDqk8rGOxkTEaOqM8fMwHgDIxK5eLtQRUGFnjEJETFtaYGSnH2dRYy3775xjIiIZ7X3gyOqvvyC5xnHVZ1XFgnd9aIqfm3qqUvphxbPPiMm0lfofHIVKsdLJX49I51I5NTjgVjHEzWflwRZyZI21VpiUSUDANwBHNo/8/n3jwSK+fKkFfNe+bzd6pcj639EWveQ4XTpg0yPhChnTsT1XfhhX+LLDeaPqk4+fi3QKYBWp0nKKs6ty4igszsO7j7hNbSLa9Uqq579QdV/cxzn1Gnuqs2fTOvEjn40ff7P1/Umi0vkEo50GZve+8Xz6S+XLf1i0agQqelbdVTd9YIxnq+plHmer/4vX33JMM/zPM+LvdvFOGuunkhXGgwGg778ytF05tkuypUMtuJNGFfLG1s1tlvzWOsGhXJ1/JzIIW7W56vXrl279qdftn05OlBMxgvE6nTPapbsSiwAALR2ItfYe3pLzp8trJ3dq04GNTxkGERUfVkiEdl8VAUAC5rm/CPn2mV4wOEfdrvd39VNREQkC0oIztt3townviQpUR3d3pu/tm3FziK/hGEzXprTpehsjo4TMb3epK40VBaq3SIDHUmV9s/+LLXe3FlfnvE1NzXmGc8bDIbqmtVgYHz1xRXVNa4scsT9bUr+WvrDzpNnj21f9t0xTfTI+4MlrKq2teEPXxer/mPgDYaq/9a+yHhijGeC13TIghKC8/acKOSJV5xe8c3uXL3UJ8o179Q1FfGFx3Zcrn3utdZalmRtrCUWt8gAALiTaHNOnizzC3MXix0ctEVlOiJVRmK2lhocMop8E4KLDl8o55niyAfPfHiiwMJR1aAszFfomvKpXAB3piZ6Mh/n2mVEhO7nYV3dq35SFXkPfnHGv288NW2lWO/Qdd67nZ0kygi288WJa2QOxIJG/6+ju2dxRMp7T/2f48fVt3pwiBo1XPzS7Ol/hHUcPmkY++qTrfe+2UagKZ7nGVH1eVyeMUas5lplYmT8gp+B5zlO0mbki89rvlu74bN/dfKALmNenHmPr5i348ILRlTzjb3ExDM7/vxTo6m+gZtcLp8yeVJ4RETVE7SrQjBz1wuR16CXnjr0+jOT1ksNorjHP/CRiMVDZ/d99o0pj4VGd44Nc6q5uR5JfSLYUktZEnlZS6yjzZ0DAIDbljr5q8dHrZEQz3P+/ee/18+dE3cY33fph3OfjQ4N8fF15HmS+NSZ/+PbhC2Ysu/Vxx7+hMnaPfZBt3iN2aOqIW/bgnk5+DIfgFVc0z7n+Rb4ZcuGkQ+N1Wo1PKutlHnGc8RRbZ1cdXOKJmqy5tdUeTdubNi42cPDvbS07NFHHwkMCGTEOI4Ti8ScSCSTyn7/beuYhx+1ZZX6/ON7rrQZ0r8NXV02/T3XD7+fFNz6niYOAAB3rK2b1t93/3A3d4+WDgTAPls3rR/7yKSmWlvr++oXz/PVN1CuultyTZXMGF/zsGniiLP3C3sWMJ4RI8Yzf/+ACRPG5+XlPzphfIB/ACPGEVd1QrvqKYG2P3BEJBelrn124qMTJ72a2G/uiCBUyQAAAAC3mdZXoDk6OlaXwzVPHOFqrrngiBjPuJpTwJzpneMaxXhDdq7m3wF+/vOfnSuXO1S1azzZzHi+tKTE0dHWCx9E7t3nLPt5zs0EBwAAAAAmlJWVTbvC1lgoO507c7pdh46s5vbGnFhc/cgP4pi4ujjmqjRJk9U3hmNVK3RydCKOqq5aqX76CGNiseT82cTomLgmaRAAAKBlSaVSvV7X0lEA2Ke0tMTHtynvfdj6rlHWarV7/9rpHxAY07atVCKjerVw1Vne5ugTV3f9xnYZ6fTak8eOqtXqB0Y81AwNAwAA3GoZ6WnpqSl9Bw6WSvFgEmgdlJWVB/7Z061nb18//6ZaZ+srlImosqIiLfVqWsrVysqKlo6lWmRUTO9+A1o6CgAAgCaTkZ52LvGUTofzytA6SKXS3v0GNmGVTK20UAYAAAAAaG6t764XAAAAAAC3AAplAAAAAAABKJQBAAAAAASgUAYAAAAAEIBCGQAAAABAQCMfOKJUKsvLy/V6ve0PbQYAAAAAuGVEIpFUKnV1dbX92cn1NOb2cOfPn9dqtW5ubjKZTCTCOWkAAAAAuO3wPK/RaBQKhZOTU/v27RuxBrvPKCuVSp1Ol5CQ0FTPhwYAADAnKyuLiEJCQlo6ELh9YZCAZQaDITExUaPRyOVye5e1+3ywQqFwc3NDlQwAAAAAtz+xWOzq6qpQKBqxrN2Fsk6na0Q9DgAAAADQIuRyuVarbcSCuMIYAAAAAO5kYrG4cfefQKEMAAAAACAAhTIAAAAAgAAUygAAAAAAAlAoAwAAAAAIQKEMAAAAACAAhTIAALQYrY7/fWeh3mD3M2Lh7sHzfGFhYSMeJAx3j+YbJCiUAQCgxRw9rjh2QnHyVGMeBAB3ibKysrKyssY9LQLuEs03SFAoAwBAy8gv0B45VsbzdOhoWVGxrqXDgduRVqstKysjotLSUp0OgwQENOsgQaEMQKwi+ccFw9r7SDiO45xC+z7+xZHixtyW3Baa829EcVzEq2fVzdQAQCvBGPv3cJmi3EBExSX6I8fK7qrfrauOzwvi6nF4cKe582H66zs+/fiXDFtKgDtpkmGMlZaWGgwGItLr9WVld/ogUZ9aEMJxHBe2MLERm69q00f/N0nT9JHdvpp7kEiacF0ArZIu/fsxPWbtUbl3Gz/n8RBN8vZVq+YPuKhLPvBCW1lLxwZw57qWrk6+VGn876kz5R07uISHOrRgSLeevPvsV0aHSKv+wzm3b2um+9qrqxYsWNKr29NjwqS3LrqWp1arKytrB4lCoXB2dnZ0dGzBkJqVKunHzdki/wDK3PjTxbe7drVzb5CGTvx6YyfqGIpB0oSDBGeU4W6nOvPpm3tUssHLzxzZ9NVHS7774/TRt+9N8ClMKzEQX3bi0/EdPDiO4zw7T/vuopKIyJC3a9HwWDeO4zj3mOH/3Z1nICLS39j91qj2HhzHcW4xD7y6Pdv0zA9fevT9B0KlHOfeecb6LH31q5prG58dHOnGcZxn18dXXq5z+qBi/1RPjuu5Ioc3PT/UiKYBbksaDb/3QIlaXfurG62W7TtQotff0ecLG/Du88TLr9d47bkxETKBGUZ18rnI9m9cppI1g1w6fHhVIzQvCU8yrXty4Hm+uLjY9LHDjLGSkpI796SyKnndlmznkR99+JBz5safLhoPCtrMX1+8N8yB4zinqGH/3Z2nN/OiLvOnORMmzN2QqRPa9KpTC0I4LuH9FS/29+M4znfgooMlvPCRSPhYczu6BYMEhTLc5fR5R/fnkGTA3LHVJ2o4l26L9hz//YNh/mL1uQ8mLNhy477l//zxv6iktU/N2nTdQJVHX5/y7h7P5385cGDrgqAjSxZ8ckZFumvLHx7x5m/8I8t+37Fimnz3/40a+3WK8ZCkSfp4yuu7cju/tHHr/6IPb80kIiLtxU9GP/rlibDXdx/ZMrVy1Yzxn13SWom1EU0D3J6SLlRmZqolYs70T9o1VfLFSusL30F0ZdnX0qpdyyxQM6HdnLV/fs1/2xE5P/DN/k2P+V0QmJcEJ5nWPjlUVFSo1ep6l6eoVKqKioqWDq15qJJ/3Jztcv/sESNm3u9SWynrUr55eOySg37Prf9jzSzn3e+Mnr7lBi/4onFNgpveIHWUESV+vkr81KrVT0cXHnz32TXpSqEjkeCx5vZ0KwYJs1NmZmZmZqa9SwHcrtTnF0UReU7dV9HwPYPiWtLZ86mlOqa58E5bopAFJ1WsfN8UD6KgB1//7vfj6Qo9Y4wx3bUvuhDJh28rZoyxkj8eciTq/MU1Hat+98suRE6jdpQyxir+nelLFP7KyaQlHYncJuxRMKbPWJpA1HFJitbYdFUrPX64bmBMfe71SKLwV84U2N00QKt3px50lMfmBtY7HruM36MQnGGYIXdVLyLPafsrhOcl4Unm4l0zOdwZg0R5fH4bchi68nxGxrkf7pNT6EunVYwxXdoXnYnkI34rZoxXXjvw26+7zhSphV7UVx0sohYlXhLa9JdOvx5J5PXY/nLGtFc/7kjkOXXPWaEjkeAgbO0aPUhwjTLc5SRugW5E6dl5KkbOXNVrvM4gkoqJ+PJzK+Y/u3xfRvVPpm0MjJFL3/e+n5f2zJfvPbn9PSK3Xi9s3LZ4cHFGEZFHqJ+ciEjuHeJBVJJVoqdwCREZyvMURC4BHlIiknqGehJpSV+WU0ak2Hif28bqSLyTcrUUJXRpWc1vkOxvGgBua65D3186M7rq2xCcY3gnR8Hd/AFfk0WE5iXhSaa1Tw7l5eX5+fkcx5m+yBjz9fV1c3NrqaiajSrpxy3XSX398fiw6leqrlOmkoxiIrcgbzkR5xg+4MFwIlKfFniRNNerFjS36WVE5BnqKSUSu/g4Exl02lKhI5HgIPQX38ps2OoWDBJcegF3ObF/3/vDyfDvl5vSqn4lySpP/beLZ/iYpVdLT7z95Cf7tBP/vKFTn1sUVbOENHTcZwdyNUVXD295Z5jo2JLnV6QwrwhvotKMPDUjInV+egmRd7hXddErdvF1JSrLzFczInXOpXwiIolHsAeR84iVJ5KrXDjyboKTMSxOJBERVRZWGoh0xZkljWwaAG5rrm3vGzu+2sMje/hKBHfzmsslGCNSCs1LwpNMa58cXFxcHB0d653ec3BwcHFxaenQmoHq/Not16n9i6u3/vLLL79sXf1SB6q6+qLqYFGWla9mxJSXtnz16bI/s5jQi8bLaixvetOa0syRyMIgvM3cgkGCQhnudvKOz3443lv375xufR+d/+qrc8f27PfehQqv7v1DJJoKLZFBWXh133fv/ZhNVHzxTEpB6ndDXMRRM9cmFnKeQf7ORG6eDtLg4bP6SzR/vvjSst9+W7bwxT/U0oFPDW9T/fO3JHDA0DDS7Fr05urfVv33lW2lRMTEwfdPjKfKgxv3XivK2vvB1HGzvzOdiORBnYOJLixb8tOOH996Y2cJEZE+w+6mAeC2VnTkh8XvGf3ft3uzhWYYjhPLpUQlx37ZduBSgaLhvFTuKzjJtPLJgeM4T09P05OFIpHIy8tLJLoDSxfV+R9/zqGOM2ZPHDN69OjRYybNnhFfVSlLgodN6Uza3YveXLV93aJJj857dXM+JxN60ZgWic2bXiJ0JBI81nANF74d3IpBcssu8gC4fanSfnljdGc/KRGRPKjXY58dKtQzxpTnPxsZLCZyjH3kq382PRZG5HzfmuySxK8md/EVExFJg/rMWnmxkmeM6XJ3/ndErCsRkXvcQ2/9dcP0QkBD4T+v9fcmIo+EmR8uiCMKfu6Ekqmurn+mb6CEiGTBg1/4JVNrGpKhqHoR797PLnunK1HIC6eUCvubBmjl7tSDjsA1ykRB845XCu7muswfxwcTkUPPxadOCcxL17WCk0yrnxx4ni8oKEipkZeXx/N8w4+1/kGiPDYviCj8lTOqmlfUZ1+LoOrrlFUpP83pGyglIofw/7y2I0fHmOCLNdcon1cLbXqTd6uvend7dG+50JGIFz7W3Kaae5BwzM47aGRlZRFRSEiIXUsBAAA0Ag46dzmdTpeTk6PX68VicVBQkEwmcH97DJK7XLMOkjvw9xcAAABwZ5BKpR4eHkTk7u4uWAABNOsgaSXffQUAAIC7kpubm06nc3d3b+lA4PbVfIMEhTIAAADcvjiO8/Hxaeko4LbWfIMEl14AAAAAAAhAoQwAAAAAIACFMgAAAACAABTKAAAAAAACUCgDAAAAAAhAoQwAAAAAIACFMgAAAACAABTKAAAAAAACUCgDAAAAAAhozJP5Onfu3ORxAAAANHT27FkcdMAyDBKw6uzZs41bkGOM2bVAVlZW41oCAAAAAGgpISEh9i7SmDPKjWsJAADAXlVnZ3DQAQswSMCqRp/nxTXKAAAAAAACUCgDAAAAAAhAoQwAAAAAIACFMgAAAACAABTKAAAAAAACUCgDAAAAAAhAoQwAAAAAIKCR91EGAAAAgNvT8XPpS/epmVjCEQk/Wo5xHMcY4ziDfs4Qx+6dwqpePnL1/MLc0zqxWEocX7OghOPkxJUzvoQZtIxJiCQikTdPSwITesZ0vGWdahEolAEAAABaGUNFUcX+P1yHjBY5ujV8d+k+9aqKCE5GRMQMRGIiTmgtHJGOKnelbupU/cLLOaf/DZBwJCIixngijkhETEd6NYmkJHEksQMRRwY1GSrGZx/LQKEMAAAAAE1Lr9erVCrGmIODg0wms2tZptfmvDlXlJ7MXTrgPPNdsXtA/Q+IJSQhRjwRkYQjNblUMiKSMlKJmIHjxIw58pxKxHw0ok49vYwLaiViYhzTM+KIiCPiSF9JUtflvp26Ovk6SWQcJ3ITyxxJfFFb/Jvy7E0m4faHQhkAAADglirIz8/Ly9Pp9UQkEnFeXt62P4KbMZZ27qhaofBhTH/+dO4LE/zfWy31Dzf9DMcYVV03wYlIyx7240bFiJ0cSMSRTk9anhzFJBITJ6Jgby62jZ9xQRkjIkYcR0TEERnUH/p2muQTd0VZsqksNVVbmWnQeogkT7pHPOLbLqGjd1Mk47bWbF/m09/4e/HkXsGOHMdxTiF9H//iSDFPRIbMpQnOvVff4Gs+x+et7ePSfXm2gYj40hNfPdYnzMvVSS6Ve7Ud+tLWDC0RFW8ZyNUV+Uqi2qQtTfrW+QlyUcLSTINwMNqL77XjuNAFJ1UCb6pOLYiOek7wrTofOz4vItLsxyy9yxcdWrX5qsbK+hvPkLN5coRM7D9ue7HQVUj2szNgy5lpOpWn3uzV6dl/Sgrrjgexd8dx/3ewiLe+gltLcFxZGmx8yd55nXq9ebryloQHcEdpeJjgfB7bX2dnMu59Fqas+m/pMtZNTrj31R25+mbvAdxVCgsLrl+/LpZIQkNCwsLCXJxdigoLMzIybFyclfzq4bbD+dVP9D0HKvI0FWmFZUcP1/8M46pOB5OBkYh7/QHJyN7iXnGSzjHiod3FkwdI+sSLu0SLEqLEro6iv45fNy5oIKq+SoMTkV69zLfrTL/4L2+c3Vx2zU/iuFVZcFJdvEeZP+H6gT3FaY4ODk2SkNtZ8xTKrHT/gn7Dv9I8uiapRK0qOv3tsOtv3Tvsk0tai0spj74y5n8FU3+7VqrUaIqPvRW4ftrkVRl6IiKnDh9d1TKjtP/ratw0uvTvxvznM12/tk6CV98QEakvrF5Hk6e5bvv+JooQx67vnzj+ThdH+9+tPP3FO2tTTOtOxlupaAU/YG4p1aWtf8tfOZP584NeZlNgS6NGDQO2yHJmmoomacmTazsseWuwp8h0PPCa3N8fK/7g4QX7y5u3/eYn8rzn7Y/br535aVLz/VAFcOeqd5hghasHOQt+0MKUVfctpkw9LZ6za9cHwwPxy1doOjzPZ2dny2Sy2NgYL29vT0/PqOhoNze3wsICpVJpdXFWeZoVbfGU5QfziyXTnyq7dzzXsav3yPFmF+AoyoGtOaifs1I7YZUm8jPNlRxepadFm3URS3VR32l7fqn95nC96ogRI2I8icSBcrdnsg8tLk5+K6jnbL9OJHUkiYSkTiSW39BZj/YO0CyFsiFr0yvfs+d+XfP8kCgPuYNX3IjXN/759cx4B4ulGqu4dr40/KGRHd3FRCLnmEe+Pnpmw6NtrM1PnEuv9/bv+eD+ALMfVJ75fqvj46++9pTvzmVHFdUhFuxe2D/A1Ses/cC5P2friIhIfWpBbNsn3pn7UP8u4f5tJyz7e+WckYMSwnzaTlmfqSdV4ms9ei46oyL1qQWxcbM+fGH0wJ4dQgI6zdiYpafad1n5qSVj2vn7+Pp4+bR9aPGxwqtfj520KW37lIQRn2ycGxv3xKujIrx7LbmiUZxcMradr6e3l4d/1+mrUzREpDr5fO0Han6oqPuiOmXdU/0i2wQFBoT2efqnNA1pr3wxdurGvMufDE2YuiP7/PJpCUG+AYH+QZ0mfH5KwawuTpYCXppS1DBIItWlFdO7BXq4OHnEjv74eBlv7DuxyqQGAQimi8iGSMpMRgsr3vPWt/zsVwZ71vtZgJP59Z72RIeKs+cL9bauVnVsbmTUlNeeGNorIS44uPf87bl6siN4gTiZwNYkItLnbnu2X5S/q4N397m/5tQ9JyUQKud5zyuz+G/e2VvSNL8aALjrCU31tVOWldnssf5DZj03rmOoldkMwD4qlUqr1Xl6eTHGNBq1RqPWajXePt6MkUKhsLws0+YYsj5iTr6srJDjpF7cZqcHO0d+9D0nlgp+niOOOErV0qdX2fpSOlRJ5MgFe4rKlWxHIXESTiemMi8uwq1+CcWJqk4qSx+6cWJDRRY5BchF4iuVhaSv5DgpRzwxvoOzD6/VNUVKbmvNUihXJG274Dd2Qgen2mY8ez7+5P3hDpbOeHKefab2vLJgxLS3V+8+m6PkRS4h0cENtl0DEp9OXYMsXQNffmzZzoBZj8ZFj3sm+uDSgyWMiFSJ78/6wf3jizcyzm0ckfH/7d13YBTV2gbw98xsTzZl0wsESCEBQu8oIFxBBBVQUYqCiKKgKChYQMFCVRFRwIYCAiIKV66KUkSKoPTeexKTQHrdze7OnO+P3eymTDZFEPB7ftfr3cyeM/Oembmz7549c2Z7kiMrFdW2s5tSByzdfvDA5wk/PfX0yUe+3rr/wGexv8xadbHMqSCqbWd+Ov2fz7fuOXZgQeS6N5edc/eU88z1E2defWFvekbm1cOzGuxdezx49OI325juXn7gpzGNvewXNl4c+vuVPROj/1oyetqlx7enZWVe+Kr1xvEvbc0jYiqNq0Dj0iaVXdjo0oeDnt7Vc+WJlLSLvww68tzwJZeFuHFrlj0Q0nzajkOLo74c/NL5RzcnpaUl7xibMW3wrCMl1VW3ewr4CWFF5SCtp+YNfiV19I4rBbkHJhbMGDbH3f9pPTH34UoBKO4u25kaRHIo350u5u9ZvM308H0NK18JrOk7Pl1wLKh7xxBVjVcrqm0XNiQNWPnHgRNHPotZ/fS0PcU1D15hhbaLCkeTiKxJmw93+epEevaZeSErx765p8x3b6VQiUjdqP9DAdu+3HfLd48D3BSUL/WlrsnVDKC2OOdclgWByTK32Ww2m12SJMYE4txb7Skr49wqJc0gYyjLvUi6AG4IJo13TMxtam2V4x+cE8MxIiORnojokWDm68XSc3laocw1nBiRTDapQvcMc1eUS8hmHqL29hE1l60FJNm5vYRbst8PaN7YO3j5mb1/e3/c7K5HoswtWdl2n0i/2v5WpW40+sdD3w733Tt/ZIcIL+/Y3hNWnCxyHDvz8YlNfQ2lQvqtyaxplxvP2b5oR+yY/pGiGHb3My0PLPo1UyZ7+s7fshNH9IlQkSqs1+N3BInO0mLoHYM7+gvMEBkXGtapX6KRMa/6cX6FKbnlOg7EoK5Dbw8UiBkbNvEvSMpxv8m0AaHCmTXLfjyYZgsfMP+72d18y305MDQf1itCRaRq9MzO1O3PxetIMLXrG2dPSiqQyhUghVrSlW2rzyZOGtveVyB9wpAxccdW7nIPS5bStv73crOxQxL0jDSN7n+qefr6bY5OTE/VyUPASkFKV7Z+d77xqIHRWqZpNPKHC/tea6atLoBKu6vWkZQk/3FCbNEhojRPLj4+MVbjGIeoDXtwQ8t5P77dzlDzBjImBnQf0S1QIMHUYWB83q5dqZYaB69wiNVVHE3Bv9uYgY20TF3/7hGJeTv/SHV93aryUKojOiayY3+k4OMXoJbKXBYYY6zemD+Kq7zUExHRNbma/fPthFueXq8XRTEzM0sUBb1er9Vq9Xp9ZmYGcb6p6os/55KcPIt0RAUppDKSxofkQtFrABODarRVmUgmKuGxQUyvpktXZW/H2aucTTluBOTE5S9D2o71j++q8yeiHeYMIrmHPvDnqLseDW76btq+4Vkna93+W831SJSZPjBIlXM+U7E/njFWfrSsLMkkiM7bKw3RfV9c+MP+lOKilK2vx24e1WPc9gIiIl3ca7+dOl/q8LK+HkfjliFnbP7ox/O/DA4VGROCBnx/cdOCn9NlqTCzWO3vq2FERKIxyLv06ilovbWMiEgQRY1B43zJqMJc3Uxr1Dn2XKU3fXp8vPn95gff7tvAO7DV0Pn78srdZCYaw/wdXbsayXwAACAASURBVMUll354a3CnJvFNmjbr/OyOwtJ1uAso1JIK0vMLdz0ZH2gymUwBCU/vs5vT8lzXaXv+lUJNYKDesSe1/gGaoqsFUrXVPQWsEKRUcLVI5efj3HUGPx+dUG0AlXZXrSOx56YU+USZXP3JpYMRbZc+7eYf9J+nhzTzZrVqoGgMdf5Yofb2U1tyiq01Dl7pEFd1NH0jnDFrfE1aS3axq0VVH0q1qYFPweXsf/+PWQDXWIUxyskLOxmqvNQT0TW6mgHUmiiKkZGRxUVFp0+dzsnJLSwsOHPmrFSUuyXJPPDzIy+sPa5czZLHS/TMnEkykdrIi/9ihtsEdaznbTFHdlU6hbJapoQQxojOpfNC0UM9R0WBuHTSkjMqsMn9gfEy5yNMcX807LsgooNBVPW+tGVq1rEeKtzMVydeif2bZ639cq/7p3Oet2v607N+z5FFY0So6uqJdNd3ppLkA2maevWMArdc/u2b/51ydCELhoj2w6ZNbluw92CGnYiY2ic4zCXUpKth3FLazwuP9VqXJTsvnbkbBpz/9IcUMph01pw8KycisuWk5l3DXgHBp/mw2Wv2pRZeWT8k+Y3h88vfwegc9SOnrR456n/N5u08duL40e3vdfKqWKA850KVT7ifb/el57Kys7Ozs7PzLQV7JsS6kkeVb5jRmplp5kRE3JKVZfUO9RGrr15lwIpBisZQb1vpVuw5F05eKpCrDaCi2kZCpd9uK60oaui7oyzznl+RZK/daqWCK/l2IiJuzcu26QO9tDUOvvIhPnG5iqMpFV4tcG4lP89mKPMp7flQAsA1IXq81F+TqxlAXYSGhYVHRBQXF1+8cOHc2XOWwry9ycXTvj+nyUlfuG7fvXM25Fsqdpcwq1mkjqTuwTS+lHlOZYgR/AZ42IQjTSr3TD7ObCqKCmRWmQ5kctJ66HFkjrv5SNDMyT7d6tJGqywVytZvMk/PzTqRcHlbt8ub9pkzSK23/D/4tnhdEmUx4oFZY7w/Hzhoxs+ns0usuWd+enPgPe+eN0V4C+TTeew95k+enb3pYl6JOeP4mslPfkEPPtvBSIxyNr0+eMBLa07nS0SyOeW3hfOPmLp2CPkbdxvbk79feCLxkc6uO8B82j3S9twn3yUHduzie/jLn5JtZL20btHW7Gs2t5jl6PSe3afsyJZIbYpuGmXgEidRI9jzcyxlTyapOCObQhKi/VRy7u7PPjlmLskzVx+DENz1odjjHy4/UcxJyt41e9jTKy+7/68kht7xYPTxj5YfL+ZkObt60dGogXeEq6qr7iFgu1KQYsjtAxueXLTieDG3XlwxrGP/zy7YahpArSNx7TKVX6RXweUchW5WQ+sX59xxePLkzdm8NquVs7Z+vjHNTvbUDUuP+XfrEq6tcfCVV2gvUjyanEuZv37q3MqSw/7dOrvvnK/6UNpyLucby3SeA0CdqcI8XeqvydUMoI4iIiKat2gRExsbHROT0DRxcJ/bRrQL12enazLTtm4/dOf4peaScp95h46ftDJZ9O0nho0So5pKkVOYxxROFsoPq2CM7ETeLMxfzMrna7I5qasad+GqQkREgppUBm+VJsmSNzPn+LcFyWQvIpWBRC3xm25i1uvh+kwPx3y6zNqxcZJp3agWATqtf+tntzed9/vaJxqqiYSAPh9vmpe45alWATpDcKeXj/Vc/Ou8br6MSNdy6i/L77s4tUuQijHRmPjU9tbzf57dUXl+Hxcp6dOOasb87tmUd2BMlIqp2i24VNppYLvwzSdnEh+93T1Og/l1fLTt5c9XpbZ4feEjGePjTCHxQ7a37h+rKrFfmy9FuoTHnmvz+yON/P38AhKez3x8wTPx+sDOg1oeGVq/6fjdrpu51FGDXnsgc1zj8EbN+y+NeH16z5QpfZ/7vbC6tatjx6ycm7Cyd/2gwKC44VsaDPhPZJmEStP4uVXvxa/sXS8oMLz7Fw1nr5rQRFNtdQ8Bt5wX9ULlIK3xz389u+GS7oE6Y/O3VJO+mpSorXEAtY3EtWZtvU4J0tE9qQqZshDcb+ZLYWuee/eguRar1dTvFr1hSMsGoY2fu/rox1Pa6GsefOUVJsYpHk3Jpo7pl7BhcIsGYQnjM0d8PLlNmemoqjqUttTdR+QmHSNr94gmAKg4RpmxxtOOie08Xeo11+JqBlBnGo3GZDIFBASotTrG2MLn+rwzsrsm66omI/38wRMFRe4HRlitJd//sn3Vb0fz8zOTM0Ly9W+KorfnlbNyfb2ciJON3+vHAn0pPUe2FBCpShNlXu7h1qKzvHM1xKVhWj+jqD1rySVRS2oDCSrnCp2F/+UYr2W3eXJyMhHV/PkxANcAz/rh/sRpt23/c0LM3+9rNe+fkDhIXnVsXtvrPPdz7dnOvtuh2+63jq/uW3EePID/r/ChA9W6tU6S3NzcnJyckpISm80mSZIsy45MTBCEkJCQnzbuXvPLkc5tGk185gG9Xk9EkiTt27f3448+atmmbdeuXUPDwiwWi9VqZYwJgiCKokql0uv1fn5+KpX7d48RC84tLapHguR8DLWKUza93UaYfJ/m+722gevs3MQcz7cmWRjulbxkbIyjYsedy3cHCGR39CgLZC/6IKjVuPDWbybvmpp1itQG4jIxIk6kog5Z8p9dhv3ju7Au6nyS4LckuBWwgDunjppy/zu/P/7xHb7/2hSS5+1452PpibU9kSUDAPxbGY1GvV4vy7IjRa7QX/nEiAFPjBhARJLkfNgw5zw6OmbO3Pd1Ol1hYaHNZhMEQafTOZ9OK4oqlUqtVpfet+fEJDvZiVRi6YOsma+dxwaLROxMBtNywcIZObJoOzHJPX5fLUnEGKkYESfGiVgzrwAi2iYXk1ogFS+9i5UR42qpiici/4sgUYZbg675pM8H93xi6ratc7v7Xbcnr99Icu62qRMOD1k8N/HffxMxAMD/W6IoimL1YxZcZVQqVWBgoOO10Wis4Vae7q6jrRe5qGKcE2Mio0u+9rigCEk2MHNKL5MtSC9IMueMMck+ppv7c2dOWOtJaQdsoqjhZGdSriQI2vwjuecDU7Nb2ZlBkDgnkcjKuFqS5oS1rmXrbz0YegEAADcvfOhAtXCSQLXqfJL8K7vmAAAAAAD+LiTKAAAAAAAKkCgDAAAAAChAogwAAAAAoACJMgAAAACAAiTKAAAAAAAKkCgDAAAAAChAogwAAAAAoACJMgAAAACAAiTKAAAAAAAK6vgIawAAAACAWwgeYQ0AAAAAcG2o6latDik5AABAbTl+xsSHDniAkwSqVecBEehRBgAAAABQgEQZAAAAAEABEmUAAAAAAAVIlAEAAAAAFCBRBgAAAABQgEQZAAAAAEABEmUAAAAAAAV1nEcZAAAAAG5Oe45cWrTVwkUVI1J+BjNnjHHOGZPsY3vo2zaPciz+4+zRSWkHbKKoJiaXVlQxpiVWwOUcLlk5VxGpBCFApvfCWrePbfaPNeqGQKIMAAAAcIuRCrMKt/1k7NFf0PtUfnfRVsuSwoZMQ0TEJSKRiCmthRHZqGjD+dXNnQteSj3we6iKkUBEnMtEjEggbiO7hQQ1qfQk6ogYSRaSCh9M2X0ZiTIAAAAAXFt2u91sNnPOdTqdRqOpVV1ut6ZOe0a4dJyd2u416m3RN7RiAVFFKuIkExGpGFnIu4gTkZqTWeASYyLnepmZBR5YIjRvb3JVtKpE4ozbOTEiYkSM7EWkNn4a1LyVIcig0jAm+IgaPYknrdn/Kz78N3fCzQ+JMgAAAMA/KuPq1StXrtjsdiISBGYyBdT8Edyc8wtH/rTk5wdybj96IO2Fh0KmL1WHNChbhnFOjnETTCArfyCY3RcrGnQkMLLZySqTXiRBJCZQZACLiwh2VdRwIuLEGBERI5Isc4KaDwmMP1Ocszrv/HlrUZJk9RNUT/g2HBSU0LpZwLXYGTe163Yznz3919lDO0TqGWPMUK/zY/P/yJaJSEpa1Nqr49J0ubScfOWrTt5tP02RiEjO3fvR8E5RJqNBq9aaGveauPaylYiyv+vKymv08kFLmW2VXFr7XGut0HpRkqQQiad3q9iiEvP+CTHRz+8zk3nPsw0bPb/PrFTG9ZactXPJt2dLar6/6shDMH8zBld7r0mx6kmp3w5tqBFD7v8hW2ksVe3VsvkV96Tt8oqhrXu+sj7Nfk2iAYDrqfLHBAscvq2obJHaXcMdcB2A6yMzM+Ovv/4SVar69epFRUV5e3lnZWZevny5htV5zvd+Puu9Xplrb981/0pJ4YXMvD93VSzDmaM7mCROApt8l6pfR7FDvKpFrNirrTj0dlWnRLFljNA6WjTqhU17/nJVlIicozSYQHbLJ0GtRgUnfph++Nu8i8Eq/drijH2W7M3FVx/6a/vm7At6ne6a7JCb2fXpUea52yZ0ufu/rWYtO7ahS4R88dcF4x7t2cd6YMeLsR5qFf/58oCpGa9uuTi6hS8rOrt6TPdHh8a22fqkkcjQ9J3DB1+MUSvUsl36bMCdXzW4q7Gh4llS/btVbTHK027Rt5qxdw/56T2+VXBg/ltfjRj4YKzWw5qIuMyZUHHUkOLC2gdDRZViqM2ar5eqYjCfWvur9uVDp95M9LjLat6Eys33qPye5MXnD4hjN2zoHITfXABuDR4+Jsqr0TWcCNcBuE5kWU5JSdFoNHFxsYIgEpHJZLpw/nxmZkZQUJDBYPBcnRcd4Fnf+Wu1vrbZWSPGZ4pBuqRzAf0erLICo2gtX7bDfiWPXy6hndl8z2PqZvXE1761LU7lajUZ8qitb9HA28tthDgjkkkQw7Q+Y1J2rso9d7XpozpBnJh3iWQLMQ3ZKd1WfC32x83uuvQoS8mrX/6cP//9svE9ov20OlN838nf/LxgVKJO9tRXyAsvHs1tcG+/Zr4ikeAVO2jBn4dWPRxR3QWKeXeYvm3zzN6higU9vlvlFnnRsU8fbR0eFBoWEt78oQ/255eN23zw1XbtXztkJiLzqS9GtAnz8zb4xfV/d0+e7Hwr/9yCgUNWX/hhWOu+i85l7XtvYEKQf4DJL6TViKXnSojIvG98XPzjr9zXMKDDe2dKe7DLL7ScW/FUl0YR4WGh9Ts9/fWFEiIiKWPTS7eH+wZGNu45fu6Y+IZP/1HsDoYX7H9vQEJIYFCgKbDxvbN3Z551xTD3m2fcay7x1DSSMjZOui3UGBjVpOsza1JszqVKwSjszfzKLXXvNM+ts56ZP/CRb66cntur9SPrU45WirDaneOh+YqHoMpjZybiRcc+HX5bjyefv79Z/dIALPsnxMU/OeeF/l3bN60X2nzkN8noYAK4BShd06q/huM6ANeT2Wy2Wm3+JhPnvKTEUlJisVpLAgIDOKf8/HzPdbk1VUp+hxuCeF4mY2oT+9ZwT4tG73zOROWviIwYMTpvpffP8pW5tLOISM8i/YWCYr4+k5iK2UTKM7GGPhWTJGeXFFPfm753VWEyGUK1gnimKJPsRYypGcnE5aZegbLVprDVf5frkigXHlt3InjgQ03d34oE//aPPdG7gc5TVyDz7/RI+zMT+j765tKNh1OLZcG7XkxkpWNXiSqweavwKsfAe3y3qi1aT8x9+KXzj25OSktL3jE2Y9rgWUeUkkPrqXmDX0kdveNKQe6BiQUzhs055iyljnlq8ZttTHcvP/DTE8KK0dMuPb49LSvzwletN45/aWseEVNp7Bc2Xhz6+5U9ExuXBld2YaNLHw56elfPlSdS0i7+MujIc8OXXLaT+cBboz4zzj6WnnxwXr3/rTgtadXu3ckz10+cefWFvekZmVcPz2qwd+3x4NGlMYxp7OVac8NznppmPjjjycW+755Mv3zkm76XtydZiYhsZxSCqcx+cUnllrp3tefWCXHj1ix7IKT5tB2HFkd9ObhShNXtHE/NVzwEVR47quLoi2rbmZ9O/+fzrXuOHVgQue7NZeeqGqMDADcNxWuaC64DcENwzrksCwKTZW6z2Ww2uyRJjAnEubfaU1bGuVVKmkHGUJZ7kXQB3BBMGu+YmNvU2irHPzgnhmNERiI9EdEjwczXi6Xn8rRCmWs4MSKZbFKFfkzmriiXkM08RO3tI2ouWwtIsnN7Cbdkvx/QvLF38PIze//2/rjZXY9EmVuysu0+kX61/bFK3Wj0j4e+He67d/7IDhFe3rG9J6w4WeQ4dubjE5v6GkqF9FuTeU3GsSpvUUrb+t/LzcYOSdAz0jS6/6nm6eu3pVbODaUrW78733jUwGgt0zQa+cOFfa81q/wjv6rRMztTtz8XryPB1K5vnD0pqcAxUtrQfFivSr3lzoXSlW2rzyZOGtveVyB9wpAxccdW7sq2pe3cltvq8b71VMyQOHJiN99yNZk2IFQ4s2bZjwfTbOED5n83u5svU1qzx6bZ03f+lp04ok+EilRhvR6/I0gkUg5GYe9X2dIatc61wqoj9FSdPDRfKTAPx67KAMSgrkNvDxSIGRs28S9IykFXEsBNpfj4xFiNe4hyvTF/FCte01xwHYAbQ6/Xi6KYmZklioJer9dqtXq9PjMzgzjflFLldy/OJTl5FumIClJIZSSND8mFotcAJgbVaKsykUxUwmODmF5Nl67K3o6zVzmbctwIyInLX4a0Hesf31XnT0Q7zBlEcg994M9Rdz0a3PTdtH3Ds07Wuv23muuRKDN9YJAq53ymYn88Y4x42SEYsiSTIDpvrzRE931x4Q/7U4qLUra+Hrt5VI9x2wuIiHRxr/126nypw8v6mq7RSFulLebkXynUBAbqHSFp/QM0RVcrJn1EJBVcLVL5+WgYEZFo8PPRKe3Mkks/vDW4U5P4Jk2bdX52R2Hp3N2iMcy/Ukd36UKpID2/cNeT8YEmk8kUkPD0Prs5La+kKNOsDfRzVNIGRfmX/5nFp8fHm99vfvDtvg28A1sNnb8vT1Zas91j06TCzGK1v6+zRcYgb7GqYJQ+HKpoac1a507Wq4rQc3VPzVcIzMOxqzIApjU6SwkiI8XZ2wHgxjE0feeslbskL+xkULymueA6ADeGKIqRkZHFRUWnT53OycktLCw4c+asVJS7Jck88PMjL6w9rlzNksdL9MycSTKR2siL/2KG2wS1pzu/yJFzEbmmUFbLlBDCGNG5dF4oeqjnqCgQl05ackYFNrk/MF7mfIQp7o+GfRdEdDCIqt6XtkzNOtZD9e+/me+6DL3wSuzfPGvtl3vd41953q7pT8/6PUcWjRGhqqsn0l3fmUqSD6Rp6tUzCtxy+bdv/nfK0YUsGCLaD5s2uW3B3oMZdiJiap/gMJdQk2JOWltVbTHHK8xozcw0c0ehrCyrd6hP5RNKNIZ620qL2XMunLxUIFcsI6etHjnqf83m7Tx24vjR7e918nK9o3hHmnOhyifcz7f70nNZ2dnZ2dnZ+ZaCPRNitXo/rTWn0PHtw5qVXDFZFXyaD5u9Zl9q4ZX1Q5LfGD7/lFVpzb6emiYaTDprTp6VExHZclLz7FUFU3ksVNUtrVHrXCusOkLP1atsvmJgHo6d510EALcQxWua+11cB+BGCQ0LC4+IKC4uvnjhwrmz5yyFeXuTi6d9f06Tk75w3b5752zIt1Tsa2RWs0gdSd2DaXwp85zKECP4DfCwCUeaVO6ZfJzZVBQVyKwyHcjkpPXQ48g4cSJOgmZO9ulWlzZaZalQtn6TeXpu1omEy9u6Xd60z5xBar3l/8G3xeuSKIsRD8wa4/35wEEzfj6dXWLNPfPTmwPvefe8KcJbIJ/OY+8xf/Ls7E0X80rMGcfXTH7yC3rw2Q5GYpSz6fXBA15aczpfIpLNKb8tnH/E1LVDSF1uN7anb1+5cscVz7+KVbXF8Mg7How+/tHy48WcLGdXLzoaNfCO8MpRiCG3D2x4ctGK48XcenHFsI79P7vgOq+ZqBHs+TkWe3FGNoUkRPup5Nzdn31yzFySZ66UTVciBHd9KPb4h8tPFHOSsnfNHvb0yss2dWj7dvqDX225IvPi48vmbs8pd3Jajk7v2X3KjmyJ1KboplEGLnFyxlC2nBjqqWmqsI5dfA9/+VOyjayX1i3ami1XFUzlmKUat9TzCj1HWFV1D81XPAQejl21AQDArULxmuaC6wDcSBEREc1btIiJjY2OiUlomji4z20j2oXrs9M1mWlbtx+6c/xSc0m5z9pDx09amSz69hPDRolRTaXIKcxjCicL5YdVMEZ2Im8W5i9m5fM12ZzUVY27cFUhIiJBTSqDt0qTZMmbmXP824JksheRykCilnj1Cc2/wPWZR5n5dJm1Y+Mk07pRLQJ0Wv/Wz25vOu/3tU80VBMJAX0+3jQvcctTrQJ0huBOLx/rufjXed18GZGu5dRflt93cWqXIBVjojHxqe2t5/88u6NC12RZUtKnHdWM+d2zKe/AmCgVU7VbcMlOJWe/mPDCl2dLlN8tVdUWNY2fW/Ve/Mre9YICw7t/0XD2qglNlO4H1MQ///Xshku6B+qMzd9STfpqkntiMyGw86CWR4bWbzkv6oUHMsc1Dm/UvP/SiNen90yZ0ve53wur23/q2DEr5yas7F0/KDAobviWBgP+E6km705vfND/zBPRwQ06TPrrrnsalOvV1SU89lyb3x9p5O/nF5DwfObjC56J1ztjaDp+t3sCF89NM7R7feEjGePjTCHxQ7a37h+rKrFz5WAqhxw16LUattTzCqvd+UrVPTRf+RBYqz52NTz6AHBzqTBGmbHG046JStc0Fw/XcFwH4B+g0WhMJlNAQIBaq2OMLXyuzzsju2uyrmoy0s8fPFFQ5H5ghNVa8v0v21f9djQ/PzM5IyRf/6YoenteOSvX18uJONn4vX4s0JfSc2RLAZGqNFHm5R5uLTrLO1dDXBqm9TOK2rOWXBK1pDaQoHKu0Fn4X47xWnabJycnE1HNnx8D15IscUFkREW/j4wfFbH+8FueJx0GALjV4UMHqnVrnSS5ubk5OTklJSU2m02SJFmWHZmYIAghISE/bdy95pcjnds0mvjMA3q9nogkSdq3b+/HH33Usk3brl27hoaFWSwWq9XKGBMEQRRFlUql1+v9/PxUKvfvHiMWnFtaVI8EyfkYahWnbHq7jTD5Ps33e20D19m5iTmeb02yMNwrecnYGEfFjjuX7w4QyO7oURbIXvRBUKtx4a3fTN41NesUqQ3EZWJEnEhFHbLkP7sM+8d3YV3U+STBb0m3DPvFhV3bLRmwdeuLCUU7lm6ytlpcH1kyAADALcVoNOr1elmWHSlyhf7KJ0YMeGLEACKSJOet9pzz6OiYOXPf1+l0hYWFNptNEASdTuf45cSRKKvV6tL79pyYZCc7kUosfZA187Xz2GCRiJ3JYFouWDgjRxZtJya5f2xXSxIxRipGxIlxItbMK4CItsnFpBZIxUvvYmXEuFpSeiLyvwsS5VuGqsHQeS9tGHZb0Bs25tv6ic++6eFbfSUAAAC4iYiiKIrVj1lwlVGpVIGBgY7XRqOxhlt5uruOtl7koopxToyJjC752uOCIiTZwMwpvUy2IL0gyZwzxiT7mG7uySvmhLWelHbAJooaTnYm5UqCoM0/kns+MDW7lZ0ZBIlzEomsjKslaU5Y61q2/taDoRcAAHDzwocOVAsnCVSrzifJ9bmZDwAAAADgFodEGQAAAABAARJlAAAAAAAFSJQBAAAAABQgUQYAAAAAUIBEGQAAAABAARJlAAAAAAAFSJQBAAAA4N9MkiRBqEvSW+s6arW6pKSkDlsCAAAAAPjnlZSUaDSaOlSsdaLs4+NTUFBQ2+f5AQAAAAD882RZLiws9PHxqUPdWj/CmoiOHz9usVh8fHy0Wi1jrA5bBQAAAAC4rmRZLikpKSgo8PLyio+Pr8Ma6pIoE1FxcXFBQYHNZkPXMgAAAADchBhjGo3GaDTq9fo6rgGZLgAAAABAZZj1AgAAAABAgepGBwAAAAAAt569e/dW9Va7du3+yUiuHyTKAAAAAFAXbdq0qbxw//79/3wk1wkSZQAAAACoC1mWb3QI1xfGKAMAAABAXUiSJJlTfn3v0ds7Pfpdqk2SJEmSbnRQ1xISZQAAAIB/AZ6/9/2xT8/anl11L6/96sGDV+0e12I59snMby/ZarZJ2frXupefX21rVk9HXHYqH1TxhQ0fv/3a69Omvfbq5Dlf78+WarOJWgRTg6bVAYZeAAAAANz6eN6JXfkJzfjuIzm3dQ9Q7AqVsg9t2ROe0Cq46vyPa5uOfqWZp81w7n7cnCRrG4+ad2f42Vc2HZMlSZIqTjosXd3+9R9BQyaPbqRjtvQtC5ZtT2neP6qZ50246WpcsgZNqwskygAAAAC3PDn3+M6cuH5DVV+vPZzdtUegQOYjH83cHhhnyMtOT5VajhrbW7f7u01nT3kvXu/zZC/d3hVLt12RZTPVu2vUkA4BtiMfztrmHVBsjm5l2ZPRf/Ig/Z/LvtyazkS7UP/uUUPaBVhLCzQb8WSPEGcCKTNjw2iiIpkT51xhxDK3WWyy7Eif1aE9np9ERGQ+PH/WsX6vDpB+Xrj0kM0vqH5k0RnbwFcfCT8+b86Z/pMfbqAuOvD+7NP9pwwOPTl/1rF+kx/y3lcx2lo07e8ku7UeemE9M/+etr1nHbWU/n1qXt+2feedslZfM+m335KrL1aVwh3PPTD9iKX6gjUuzIvPfDupT+dH11ypcFgLf39+4NQD5lqFV5PWWVN+mjbk7j539+n32JytGcpDeGrVzL8ZWNVvFW5/9oGZRxWiqEl4NWlmDRTtnPTo+ydKahwzAADA/2NyzpGdudHtGjRoF1/056FMiYiIyQXZpjuHj3527F3Snj/S5KD2vRJDGt//+N31LIe+3aIfOH7iS69OuLNo/fdnLUSM52WYBkwY0yNERcTzD67eRPe+8Oorr4y7LXPdukoFnCQnmRPJpX+UDUsV3u2emGMfvPz6e5+v3rjvUr57kX3xGwAAFYhJREFUbATP2ffffUGPvPzKhGGNs9PN7l7qSniBQrS1adrfUIckW9CbVAc3nrMkNtMRWS9u2SsZtVW2zc2evvXrn6Pb31FP41xQruv+n8fzd82ZdzqmQ0TmtVhbpdYpbDBv1/uf5T2y5Mc+fpe/fGzS8jOdxydUXfpa8RBYDWKug5o0s0aH3qvLnGVdKi682c4iAACAm4KcfXhXbqP7I7VqoX3j4pUHM+/oHUIkeEc28BOJaY0Gbra6+wVtGaeT0o+tnHtOJJLMdt+sIrkBMUNkXJCaOBGRLfNslm+z+gZGzNgoVrctKV+KKi1QbrOOPmSZE3FeaXwyEZHg3+bRac36Xjh+5OjhLQunbur+wot3BxAR2XKTCvwTwrUkaBu3i9SerrptitHWommkq/steXVIlLm6Xhf/wxvOlzRrqrVe2rI/4PYGVzlRycW1b01dfYmprEL84zNe7h0mJ62dNvmby0y0yQ0GvzmKFiw/uNfvtcUBk2MXjV7jF55f2OnFoUWfzNmYJZJZ1/HFd5/v7F+8/flH14a3NWamXbpgv2P6+yMbawoOfjx+6mZraMPYyAxJJFLYkKsNcuXC1uQfZr7x3WVZKuKNR0x/uU+46/gy7zYT57VN/+Kx3QptZHLm5tnjPjp18arvgPc+GNlYW3hk8aszyoZqr6J1Mx6yLi9fsvTgMGPHKYvbGgNE4gH1/aUkc5lvXLWKPH/L2FH7x341sYk2/9cxj+0bs+KlBnsq7jedo6g95YcPnIHNHKb9qex+6ym53qocc4XdUZvwPDWzcPtzI9b4hecXdn51rNfKGWWri/kHFr3w5taSoMj4uPwDJc9+NSVm77Mjdj75xdCzszyeRZ1fGa1Z9naVJ96MaQPqX/+vIwAAADeUlHlgZ1Je3pK3JjPi1txsrwMZPfv4ElEVnUlM0NTv9+zELn6ut82pTFSrGJFzlLH7FefcsRZngXLbdfQfO3qUZYUxyiRZiuwar4Do1ndEt769w/qZi/5IvbOfY72Orbj+XeYF5+UybqVoa9G0v6MOKTYn78S7ww5vOFdC1qTf9ofclejNSM787b3l9NSnXy1d9uGA1EULDxRbk9Z/d6X/B18tW7Hk9dvEfFOvR26LavvcW4/HawU5MyX0mY/fe8A/x3Dn20tXrPjq7aZ/fLEtUyYSpJz00GFT53zw/gjp558ulMiZvy7cEDF56dJP3ujDckuISM6quCFXYAqFs7e+v8r72UWLv1i2aFje4oUHiso2XeelqWof2nPTfR6es3jl4lHSL+svWsmen1E+1CpbJ1YsWXaD/gHeKuKWs2tWZN8+IF5f18grq7jfSperIu9yBhZXWGG/WV1veYq5DuFV3Uwi56F/p9fFj8pXl69uXrCp3pQlyz6Z3DbtYiETnEfGVt1Z9M6dF+Z7OvGyi//lEzwCAACQPWP/bsttE6bPmD59+vQZ01/sLu3dn6EwAwRjjMuSTOrA2OCc/afyZOJFZ37+fl9WxYGS6sDYwJxD5ws5yQUXz1nDo3xFxQ3L7pkuuNKsF3LOnwve+mTnVRsnIrn4SprFO8jbsSqVb7gh53R6Ccl5J3cnlxARCRqNPb/ITmS9crZM+NVGW6um1U6dxjcznxZ9w1ZtOF+g37kvqHc/nzVfkTXtYGpg53gjI2Zq1srw3elMdn/nzraXx00416dX7753tfCTDrvqCz6xbSK1JBpDae+7Y39gWvtfV8yBFpkMJPrFNQ1UkaD39+aFJbI1/URmcLsYL8aEuM4NdH8SWVMrbsjevr6jFQqF/9p/6tLO2aMPiUT2QltgWr5EXspHujzRr0m7+jomSEE+8hGLVDlUdXgVravcqHJfRrjlwnevTj7Qc8a7iQb30r8feYX9VrmAwn5LdFVWOBDl6tY6POVmUumht56vWN2sP5UT3L6RgQRDu7vi9K5HYqqq2s/uVVV34mEGRAAA+JezX9231976sfpax5+aere35Z/vu9q1QcWCqoD4sJSv5q58fMKDD917bPH7b/+qkoX6dz3hK1L5KdiYT8uH7j76xdwZP4uSJmbgqBgtVbxriIiIbOnrXxq98IxERHTwsXsXCrFPfjy7lft9wb/D8AeSl3742npZZBLzbdp3eGeTIKUQkWBqd0/T+YtnzAyOiK4XorMyIm2D7s3WrfpgfnhIsK+vhpf2TjNjS8/RVtO0v6NuNwIyn5Z9wxev32E4Y+o1yCisIXL2lvPSrnrGmKH5M0u+7X9o+8bv3xnxw4DP5sS4q6u0Kka2y6un/9f/pSVvtNBcWjxiaul7zhGnpf3pvLQfnsvOHVZxQ2XiqlSYCbr4Jz/47N6g2mZLglA2jMqhVtU65UaVsqX+MOWlba3fnjMkVle+M7tOkXPZ/QtHxf1WWZX7zXPMdQiv6mY6D33l6pYjrrHG5WpUexZVf+J9+EAE5nYBAIB/M1V4v9ffKPt3xH1TpxIRPfOWo1dM12zMG82IiLTtnp7dzlGo04hXOpWtk1hauMW4N1oQEXUZ+UrZe4X0rgJlBdw5+7s7KyxLTy+73sC2D7/Q9uHyJVqMe6MFSbmnou998YHEQEr5YfYFf6NITNPk4VffrFzSU7Q1aNrfUcfuNmZseXforsUbfXq38hGIiDThrSOvbD2cJ5Occ+ygJaZJgHxx3Re/ZAW37jNy4tiWWYdTbUzgdnuZvk6pKNPi0yhMT+YLv21LttjlSsNaiDTB8f5X9180E88/vu28hYg0ERU3pPJQOLx15JXNezNlkvMPfLFwY1od56GuHKq1itZ5apQt6ZtpqyMmzxra2FAhfaxd5KJOZ83KsxGZLx9MqW4CCOYMTGG/sRrEXIfwqm6me4WVqqsDo41X9l80k5y5e/1p94QjVe1n96oqtaviiWe15SZdyihROLsAAADgb5GU1LCuoGapG+e/9eZbb392ttmAToF/r+v3OqlrXxsztuzb0LamTytfRzIkBHR/ceTvU5569EvRrmv17NstDKrihvyXFwcv0+iIh/ef2szXP7vhuelPzdK/6/x6oou+725x4ugRP0U1u3tIH/7R3LU9p0VU2IwQ/J+n7vjh9cGDAiObxEd6yTIXTBU35LFwt4lP7Zw8ZshKtSTEPzYzsExzS04tGvPSj8kZV7JVw+/9usW4j2f2Cqzqa0PlUO+YlqDYurffv+9ucVK5Rr37UJSGiMiW/MvagxcKJz/8KyMiffMJn7zdwyTUIXJ90wc7L5rzzLiY+vUCg/TVPGRdE97OEdjH4yvuN1b6VuWYp4VVdxSqDM9DM90rrFRdFHuN7jxuyrDh9WNaxEUZXFO5qAMb8kWezqLK50PFE0+T8f2UF1JfXvlCE63HPQUAAAC1pDTPRU0xr8b9X3iz/zWM5jpgnKOrDW48+9U9m89E9Lgtgs5+MmK6cc7nQyIxYAIAAOAmtnfv3qreateu3T8ZyfWDZARuCoJWOP/VuM8+0jC77x0vzw7HiQkAAHBz+9dkwx6gRxkAAAAAQAHmzgIAAAAAUIBEGQAAAABAARJlAAAAAAAFSJQBAAAAABQgUQYAAAAAUIBEGQAAAABAARJlAAAAAAAFSJQBAAAAABQgUQYAAAAAUIBEGQAAAABAARJlAAAAAAAFSJQBAAAAABQgUQYAAAAAUIBEGQAAAABAARJlAAAAAAAFSJQBAAAAABQgUQYAAAAAUIBEGQAAAABAARJlAAAAAAAFSJQBAAAAABQgUQYAAAAAUIBEGQAAAABAARJlAAAAAAAFSJQBAAAAABQgUQYAAAAAUIBEGQAAAABAARJlAAAAAAAFSJQBAAAAABQgUQYAAAAAUIBEGQAAAABAARJlAAAAAAAFSJQBAAAAABQgUQYAAAAAUIBEGQAAAABAARJlAAAAAAAFSJQBAAAAABQgUQYAAAAAUIBEGQAAAABAARJlAAAAAAAFqhsdAADATSct9a/CgvzCgoIbHch1p9Fow8IjTIGBNzoQAICbEeOc3+gYAABuFpJkP3/mjF2yR9aP8vHxvdHhXHe5Odmpf6UYDF4NGkXf6FgAAG46SJQBANyupKXl5+fFxDV2XRsZY0TEOa/wwvH6RsVZLVeQVBpn2SWu5YwxSbIfP3okIrJeYFDwPxoiAMBND2OUAQDckpMv14tqQJUSzQpZ5s2cIpfFOXdlybxU2eVEJAhig0bRKcmXb2SgAAA3JYxRBgBws9usWq3W9acjv3Rlma7lN3+i7EqIKywv2yLXEh8fX4vZ/E+HCABw00OiDADgJssyOfNLR2bMyD10gajqBPTmVDZyB1mWy+b9nDMHR8MBAKAsDL0AAHBz5YuODJNzKvuPLHPHv6l09MLfYjn92VMPPrHgaFFVBeTitGO7918ulOu6BVdbXP8QMUcrSv+s2HAAAHBBjzIAgJssy0Scc5mIEZXrNnaklVzO2Tlz3Hv7Ch0LNX71mrTv9cCQu5r6irXemKAPioyMCDaoqIr+6ZJzX8+ceWHgR83rG/7OxZo7u8YZETHm6GDmpa1jnMuMCUiUAQAqQ6IMAOAmy3JpX3K5EcmuQb1cthflFFLkg6+MbmGwF+emHP5l1eIph6/OmDsiXl9xWolqqCLvffW9e4mIV5EpO5Y7en/r2iIiV8+xoxXlFjJGjo5zJMoAAJUhUQYAcHPli4y5ByKXec2dGaaxfnyTBCMjatG6ZXjeU2/9uv7cw/GJOrJl7P7mk2U/H0wzCz4NO98/+ol+cd6MiKTcw98vXvbjnxfzZBK9guo3ufOZCQ9Epq18dsKv7WYvejxGw4vP//zZwtU7LuZz0ga1G/nGxDtDHBfolOXPDFpORNR00tK32tn2LV+wYsfJy9kWIu8WY9+b0tPvyo8zpy4/lGUl0gYl3vX4uKHtAlREUk6lkoEiLztemZf2mjPC0AsAACVIlAEA3MqOUa5ww56zR7lMj6yjT1bl7aMha1GJzOWi419Omb0tZMDoN9sH5B9cvfDLtz4NWzC+jXfJmeVT3lhnaTto7OAEk5y+47NPtp3IsvEId4ex9dL3736+J2jQi2+3CZBz0wpC/cTSAILufnnif4JVxPRBBi4ln/7jYHr4wxPGJvjKxTzKT+CiT9O7R04aaPKizMNrP1k1d1Hcx6929GVSfqWSjh5q1yTQVHbiOyTKAACVIVEGAHArnfVCdk03XPZdzolzufSVZLcWZScf2/jF5hxNs0caauS8Xd9szm06ZsaQ2/wZUaOnMneP/XrzuaJWjY58sz4teMCcCYMaaojkiCt+tI247FwVcc5lqSijkLxaJzZrHG1gFO2IgbhMRFr/sPr1wx0Xa26TichQv2XbFtGa0sqGqFYdooiIYhs8krT1hY2H00s6GLVcoWTZbnLOXT3lnDERiTIAQGVIlAEA3Lgsc85lyTVJXMWZ4LjMOSc6NXfEg84lYniHYZOf7OxDlrMn/7Lbc+c/+eB8d3lVptmsO3bZ5tO6VahKkmUiWeKciMvc8YK4LEuypsE9/ZvsWfHaM2dv693n7t6don1URCQ58lhZlkrT2DJVShNba/ofq5es3XkqNdssGDRWUsWVSJJcunLuGHTtHGbtakXpn4JAnIgxgSNRBgCoBIkyAICbY9YLcnYq8zLDLUo7YmWJE1H9h197qrnecm7Nu18cC0hsH21gXOayzEnffuyUhxu5HlnCNP7elGKXSFQxx2QapZk3lzl3zDMncy5zTeS9ry1qd2jLj+vWffjqf38c+Ma0B6N1JDvnc3aUdBQuW5fIlrR21rwfWc/Hn3si2p9SN8z78E/i3L1yicuSxMvdxud46qAsOzqYiTGBiKNHGQCgMsyjDADg5pj1wtEP68iUZVl2/unEOSfSB9ePimoY3+Op8b2MR7+Y92OSWZJEU0wYM19M4qZQlxCTlgT/hkGUc/JkRonkIBMRlyVJcnT2yqWL1cHNe4+c8u5rd/pc/OWnM2ZJkgW9miwFZpvkUr6KJBWnnEil6HsGdktsVC8yqmG4l6O/WXLG6Yy/bPDOP8q2EbNeAAAoQo8yAICbzGVnhyx35pestIfZUcDZ9epINokMjQc92/fw1G8W/tJq6j1hLQd095/5w7vz2P09EoLU5oy/Cup1vSPay7fVPe0M81Z98KX6gc7hLP3g1hSieF5mILTMbRl7Nx+l+lEBWlvGsaQi0vsbOOeqoLgI1eat3/7SqFd9npXn3/b2Bu4qjoDUQTGB9PP6tVt8ujTwEbLSi53vyo7HopAzTtdcF44n9Tlnu2CME3HB0X+ORBkAoCIkygAAbo78UnanysRLxyqTc3K40pETjiSa1A3vHdlz58zvluzsOKlrk2FTxvss/27Lkrn/k0g01us4pG3XhnrRu/Wol0folv34zfu/WdSBUSGMGCMuc5k7Jr3gsi33wp//3fBVro1I5RPVZvDYfvXUskzGNiOG3/bh16vmHyKVKfHBmA5R7iqOxFZV/55xw3K++N+yOb9KRKT2Do4L1Ts6jblzjIYsE3Nkyo50mXMuMOZ6PLejfehRBgCorNyk+gAA/8/997tV/e4daLWWyNydKctcZuTqWeaOvtg6PwLElvLfVydvbfb6O8Od01FcT6zC/xIRc/yHE2eMiYLIBEGj1vz4v7UDHnj4uscDAHBLQY8yAICbLMu8dIphx2OeHVky57Lz0c+cGGNcLp1/uEZsabt+PcFCQk1erDhl77qfrpi6Pxl5/bNkIkec3DEVnLNbmRNnnHFGzNlbzjnHzXwAAEqQKAMAuOn1eufT90qfOMKcz+kg5sg7S3tnWaWZ46okF6ef3v3D7qRss0SCd1iznmNG3x+j+XuPpa6OK49npa+5zElgzpzZ/eAR4rKcm5Oj1+uvYzQAALcmDL0AAHD7bfMGo9EnoWmz0uktiKj0qRzEeJnkuDY9yjeMc77k0ufvuf7rXMI5MSaKqj937ahXv0FcfMINDhcA4CaDRBkAwM1qtW7Z9EtIaFhs48ZqlYYqJMOOjthb7qrpvImvNPgyU2DY7NZ9u/+0WCx39b33hoUHAHCzQqIMAFBOUWHhhfNnL5w7W1RUeKNj+Sc0io7t2OX2Gx0FAMDNCIkyAAAAAIACPJkPAAAAAEABEmUAAAAAAAVIlAEAAAAAFCBRBgAAAABQgEQZAAAAAEABEmUAAAAAAAVIlAEAAAAAFCBRBgAAAABQgEQZAAAAAEABEmUAAAAAAAVIlAEAAAAAFCBRBgAAAABQgEQZAAAAAEABEmUAAAAAAAVIlAEAAAAAFCBRBgAAAABQgEQZAAAAAEABEmUAAAAAAAVIlAEAAAAAFCBRBgAAAABQgEQZAAAAAEABEmUAAAAAAAVIlAEAAAAAFCBRBgAAAABQgEQZAAAAAEABEmUAAAAAAAVIlAEAAAAAFPwfmgP/zzTspl0AAAAASUVORK5CYII=',1,'x'),(20,'iVBORw0KGgoAAAANSUhEUgAAA34AAAR6CAYAAAAUH6WMAAAABmJLR0QA/wD/AP+gvaeTAAAACXBIWXMAAAsTAAALEwEAmpwYAAAAB3RJTUUH3wcNEAQHidjzQAAAIABJREFUeNrs3XlcVPeh///XOMMwwAwyEAEBBdyN+65xX5JoErPvSZM0aZOmTW/a3t623/S2t01/t7fLbdrENtHmJs3WmEWjWTXua8SICyIuiAIKREAYZMAZZnF+f4AwwyYoJpq+n4+HLZw5c87nfD6Hyec9n3M+xxAIBAKIiIiIiIjI11Y3VYGIiIiIiIiCn4iIiIiIiCj4iYiIiIiIiIKfiIiIiIiIKPiJiIiIiIiIgp+IiIiIiIgo+ImIiIiIiIiCn4iIiIiIiIKfiIiIiIiIKPiJiIiIiIiIgp+IiIiIiIgo+ImIiIiIiIiCn4iIiIiIiCj4iYiIiIiIiIKfiIiIiIiIgp+IiIiIiIgo+ImIiIiIiIiCn4iIiIiIiFxiTKoCEannpzT/MI46ACOJffoTY1atiIiIiPxLBD9X6TEKq+swtrUBUzjhkVHYom3YIi7zXqL/JJmb9+E2mcAH3QeMYFiSTWfJV8ZDRUkhh3ML+aKkjIrTpxuWhxHZPZr4nr1I7Z1Oau84lE+6pr4z33qLHXX1vw27+8fcNsiqahERERH5Vwh+xTve4q3M0x3aWMCcyNhZc5gzsR8Rl2W/t5INGzZQ0/Cr0dGDYbcM7PLO9aEt68ivMQFuolLGM3VovM7E0K8bOLRlBR+u2dvYFi0UQW5OFlsAMJM2YjLTpo2nT1yEqu8CWKICUGeoj9dG1YeIiIjIv0zwM5msQMeCn8Fzgp0r3yBz3VAe/vHtpF6GwzBhQT9bL0rP10/B9gwynPW/RY4YpOAXzJnL4kVvcqimc2G6IGs9BVnrGf/gz7gu3aJ6FBERERHpTPALZSYhwR7S4a6traWmxtMsAO7jpRds/MeT13JZXShpjiY5nIZ7nC5ipYcFgIZRlTCdhGedqdjNggXv42i2PGBOZOjoQfRPSSQqHGpPneTE8WPsO5BLs1MPn8+nihQRERERuZDgd8Y+gUcen93ifiq/p4qDmz7m3S2HG5d1c2zjk30TuWto98unNoyJ3P7/fsEt/sYFF2U3voBOvJZO8t7fm4c+K5PvfoCrB7UyIjoW5t7ipzJ/Fx8t/ZijNapBEREREZEuCX54fdRBi+BnNMcwZM59xFr+waI1hY3LCwtOQCeCn9/j4nRd04hNeKQN83llLz8u12l8vvrJZ8wR5k5EOCPGTu7T7/fg9ze812w8x77MWIIr0PQlTqzq9+Px+xuP02y+dG7i+mLLe+wLGmkNkMjtP/gOw2Lab6vY9HE88OPRFGxZyitr9uP1f3l10Ll2b53L6cQX9OcYaYvgy2iVpr81E+GRZsxG4wV80eHH5TzddBym8Mtwoic/Hk/9eWE0GjEaz6Mu/C6cp4NaMzySCLNulBQREZHLMfid4w09x08nYc1rlDb8XnOkABcDzznRS9nBbaxZv5Xc0pbDNjHpI7h27jwGJ5z7vi136QE2rN3KrtwiPM3CVvKIyUzqFeBAfjkmE3gjBnDz3BEtQuwXe1az5XAV4MWaPpN5Y3u2uq9Tx7LJ2J5B9uHiFpcbWu0ppA7sx8jhI+mf1JRcyvatZ+uBPLJKDY3LTh9awzJXXMj7fT5XyL69pbtZvjYPUwS4fDam3zSXZDPgquBgzgHyjpfj8vkwmUxYew5j1sR+GAF3aS4Zu3MpKTpOSZmDGo+nRQi1J8TTZ/Akpk4dQkwbfdTz3X/HO8zFrFpTErJoxsOPnCP0hQbAtCl38tM++ZRFRjQ7J7qmDi6k3VuJexzasoKVm/biaFEcO8OvmsPVM4ZchMukXeRlbGDDlt0UNSt8mL0PkycPoKzG0InNnWD72rVszjzcchIes53h0+Yyb8rALpnoqWzPatYcriKinb/d4OPMWrOCXIcBvD7SZtzMuKRWrqn2O8jZtp1t2fsoav7ZY7aSktyXvkOGMWp4OjHtBDh36QFWrvyUPflVLV6LShnJ3Otma3ZgERERufyCX/t8oYHLC+3eceU/waf/eIltRd42V6nKz+LtF7JIm3IP35gzsI1A4efQmpdZvKW4ja14KM5az5KspiVnrJHMa9F5rGbX2q3knJ14JWI881psq5qtb77M6tyqNstc4ygiJ6OInIwNdJ/4ED+cmwa42PHpRrKczUKVo4gsR1GLbUSaxjNvbMPRVR8nJzcHqB8JG3eDk5yVS3k3o6DF+84cMDNxYj9sQNGO5Wxod0ZWD47SInaWvsvODSuY/fATTO3dMmCf7/47qubwTvKDt5E+j2m9O3/zY0RSOqnNlnVVHZx/uzern4ps3li0lKOetorjYO+Gd8nakMHNjz/AqIQuugnUmcviBW9yqI39eh1H2fDR0Q5vrnLfChYu2Y6Hdo5jzWKyNvXh7u/ex+CYCxv5qi7aR27OqXb+doNzXwGrtzTNCBs+bh6h0zZBTf5mXnp1bYv7SZvKX0NRfhZF+Vls+CiR+576DgPMrXzurHydxa38HZxVW7SHpX/fw7axd/DQDUP02BERERH5ynTr6hwZ3LGx9k1rOwB4jvLqbxa2CH1WewIpKSlYm/WQCrYsZuGa1jtYhz5a1E7oa7usLVNvGJawQNBvLWW9u6jVzr/Z3EaXLniyEU/HSxdlCw8qalNJDZzgn7//U6uhq74gpqC3deYZbDWsefkVcl2tVdX57b+jivOOhPw+8+rRXXa5Y1fVwQW1+9nQV7qDZxa0DH1mqxVrsxPewHHef+GPbCvxXngleI7yf39qO/R11vEt/+C5FqHPSkJKCikJofVt8Bzlrb+82HbQ7XA7hp/jbzeI0UhUe69X7ea51kKf2UxrzWng7CW9oaFv57vPtBL6zFit1hYBryTzXf7w5na6qAlEREREziOpdaFTubsbL/MEiLJHttUTZetrr5JP02VlMQNmcsf8KSTbmrr8ZQfXs/itjY0dtPItH3Bg8r8xOOjaMe+xVSzOLAvZevyIedw2ZxQJNjN+jwuno5wjBzLZ8lkrl9Z1grdkHctyaht/D5j7cMM91zKid0L9vYh+D86qE+TuzmT9lubPoDMz8cGHGUUtn735NvsaXjxjHse3HhkFQfc2+gknuXdCxwpltpISHwNeL1WlpVTHWBob1WiqD7HJA8YxbPgA0lMSsUdGYsSPx1+H80Qemz5Yzj6HoTHUfbw2jwE39Ot4pbSz/45xUXCkirOznAYYyJVJXTfVaVfUwYW1+1kOVrzxcchrYSnjuOf2q+kTUx8TPFWFrF/yRtCXIR5WvvIxg5+6mZjzrgE/2xcvJnRMOZbJN9/ClCsToM4PnOZEcT5Z27e0erliSHgt2cxLQffxQizT776DaYN6NoV11wk2LnuL9Q1B2cAJ3l+Vxw87c15dNB62LlmOJ+izJ23ifOZPHkacraEdXE5OFB5i15b17Cmqbf0rgoMf82FObcjf95gb7uXasWkNoc/D8T1reX15U9jz5a5g2Z5B3DWyOyIiIiKXdvBrpz9+pmI3ryzJDlpiZdqYXm10Hrezuqip49Vj4v18b27LTmH8oJl8/3ELv3vh04bOUyXrth9n8IxejaHhs4+3NoYGgDG3/xvzh8Y2dfzNEcQk9GZMQm+Gp1r471c/P+/KqqsOHSOY+90HGBfcIzeascX1Zsyc3oyZM4+clW/zeeNomZG4pN6AB7u56XEOCaOH0DshqdNlCUsYyY03zWBYO/eS9ZrzHZ6aaWxlghwjEZiJSB/F7U/2hP9d2BhEHccLcdHvnPdldWT/HT4Jg24rC9hjie7CE7wr6uDC2r2e+/BmdgRd5hs5YD4/uHdMyMiQOSaVa7/1MxKXLWBZVkNo8uxh7b6Z3Ha+s+NWbGdFvjcotA7kwR/eQ5+IxrwCRJA+KI70QcOxPfffbK40tBmatn2yJiik9+K+f3+EAc2H9SMSmX7v97G8+rvGfVdlbqRwXj9Sv/K5TmqpOtV0fGfS5/PQ3DGh32VE2Og9aCy9B41lbmk2b7+1u9kIdDVbP94V8ll37eNPMinkslwzvUbO42e9rmDBgo8bv7zKWbOFqpHXE4OIiIjIl6tTl3oavC6qXS6cTidOp5OqqgpK8g+ydeU/ebrZ89eSptzOMFt7nceGjpd1HPfNbXskoFvCJG4a0nThVmnescZv0L3HNrM+aKIU05BbQkJfc/4LrKwTecc6kZojGDL3Ib45J63dUnjO47lzV859hJ8/fnMHQpexA7OiJjJhZI+gfrEPX5ftvwM8x8kNDhrnui+00y68Di683T1sX7OzKXyRyM23j2njfi8jI268hZSgJVlrM3Gd17H72fnp+pAlcx66qyn0dfIvpPkXNsNvv71l6As6jgk3zGw8RgPHOVrs/eo/8VwnyAsK4AHaH122JAzjwScfYEDIVQYZbAvaRveJtzcLfUGfX3HjuHVG0xc73Wp28Fm+W//lERERkS9dp0b8DDV7eOH3e865Xo+J9/Boi8BzlpuaoG/cE0YOJwbw+1vvdBqNRsIjgopZVdP4SAl/XXD33MzsacMuamUlpvWGzKZRzVWLPyb+nqtJjfnypmwIkMjY0b3OI2A5KT1xgi/KKqiqqsLhcFJ9+hSnT9dS63B0+KQ47/23kzWCr75t977QCw6Z51cHF97utThqm875sAHjWpkoJPikT2XckCiKGi4lNDjKcPghotOjZR6qTno4O0J3JmEqY5PO/7be07WOoPOgF6MGdAe/v424aMQYaSeKpvZ11tUBYV/tJ15EIqlWcDSM7hrzP+K9TDs3jO3V4YlXTlc7Qz53pozr3e76vUaOw7zh/cZ6KC2thnQLIiIiIpds8Du3WGbfdz9T+7c96obrBAeD+k3lW17iV1vOr9AnjhQERwbiortd1MqypvTBTHbTiGPpDv7xlx2E2VMY0DeN9LRUknomckXM+T5/sAPhGw++TgxdnsrfzbpNGWTll34l+z8ncxQx0DhaXHOsY48A6YwLrYMLbndXOYVBN/fFJ8Wfc5+90lMhZ39DnZdzygNJna0UfxlFQaOp9l6pF1SvJ48cCToPjvPab391GX7k2UlPNbEnx9cYjvd+9BJ7P7KSkp5KWt90UnsnkdjjijafRVhecCwoACcQbzvH505MTwaE0/icyvKT1UA8IiIiIpd08AuZxdDjCRmtCZh70LdPbPsbMHLBU5qf7bIZLU3FP2PtS8+Ii1xbMaO4d0omrzSbQdTrKCIns4iczKYEmzxkJjfeMJ2EiK+ucfPWvMgbnZ7t9EtmjCUlNkD+2YDSxZd6dkkdXGi7NzvnU1J7nHOXkXHW5n82neepI3iqlqSU2AuszfCvxYfeiBvuZEfOm80mvKmhKD+HovwczrZmwNqLGXPnM3NoaEgLnmE0YE8h/pwfaN2xRQagrv4cD0NERETkEg9+Z+yT+OGT1zaNGvhPsOQPCxu/yTZ4DrHwzx/zox93fPICa0IKPSI72hXy4omMaSx0uDUGaHjwd5ipq4cvW5U259t8N3E1i5dsbfsZYEBxznpeyNnBtY8+yaSkL7+rV5n5RovAEzAnMnT0INJTkomPjSYqMpxIWyRH3/sD7+b4vrqzMKh6utUcosh1bcjMrZdCHXzZ7e6rdXZBqA4NnLbukV3YaFZS0nt0OMR4T3vpEW66ND71Igbwrae+w9olb7G5necyGmqOs3HJ8+w4MJ8f3DHmAr6w8uI6bQj6zY+IiIjIJR38WozGGBO5/Ym7KP/T242PcehWs4O/vnoFP3lwQusdpWb3dKXPvJ/bBp3f/S7VJ5o69QZHPsc9tH/vVBeJH3o1Tw6dTkVJMcePFZJ/tJBjJcU4apo/K6KmC6bjPx8ONq3OC1ly5dyHuG1iWqsjR1G2WKDsq+qF0zc9gc2lZ/dfSUZWGYMnxl9ydXDe7d7snK+s6MA9XqaI5n82nddsv0XFDkjvef5hlLqmL4Gsg7nvweuJuFw/+cyJzL73B0x1VlBcfJzCgnwK849RXOpo8ay90zkfsmxwP+5qnFm1qR4MtZVUw7lnwQ0Z8TMiIiIicmkHv9beYBvMtx6dzR//vrbpeVX5K/jbyhh+OHdgKx2uKOIN4Gh4TvqRA4UwaOB5Fb5H0KQbBiqpcJyBhG5fUtWZiUtKJy4pnZETG/rZriryszazfOXOxue1GTz7yS69kalfWrmov6esqW9K94n3c+fEtEv2JEy+sh9kNIWugpVrKZ14DwmXZB2cR7s3u4+x5LgDxrYfbE8EPdQ+gBnj+WQFczhRQfutKq8Gzj/4RcfEA6cavuA5QoGLLhmZ7bQuHEA32+IaHmUxsjEtV5UeYevK99mR3/ScvpyMg/iHTsDI2SsNTjW0czFlTkhob0YiVzF5jqYRP7PJhIiIiMiXrUvSSFjSVL53e+iMmqcyFvNGRisjKMZYYoNuX6rNWk/u+c1VT2R0cG/LQ8aOo+2uX1fruqiVaYyIod/E+Tx53/iQcuUdb+eh2BejE9jsEr+BV6a2v3rDQ86/KmG9xzEuqCkNHGLJyrxObsXDzmVvsv7sVPlfYh2cs92NsSTaA0Hn/C7an2bmJHuyTzUFP2s6vc5nJNsYT6/g/R7IpupcJ057wS/BHvRbJes25n1p54jPFzTK5iilzN9uY17QH09MwgCuf/AJJgXVHVUnOd3woz05+CuJGjJz2h8pPnVob8jlwb36Juq/PCIiInJ5Bj+A7kNv46EpySHL8lY+z4rDNc3WjGD45NSgTv4J3nlnaweeU+anYMt7vLPheFBgGM3QoPkmTmW+wXuZX7SSCarIWvkKfw55wHznHd/wCi+uzDlnWY1RoZfxJTS7t8oX1J905Be2uLTsgjW/xO/oybbXdRWyM6fsKz4N7Uy/NvSLg/KMN/j7mkMdusTRW5HLkmf/mw+zcnGefS5iF9bBhbd7BMPHpIUE20+2fNHmdioz1zXeNwuQMPJ8ZzmNIK13U1gzePbx6Z7Ktvd7cCO723x4O1h6j2CgIbiN3mH9sXM/k+5MVS7L/m8JRy/gRO+R1juo/o6S2+Z+q9n+wcq2g7XnKK8++xq7S89VbjOW4LAdZmm82sGSPIT0oJcKVq6lpM0T9QSrVxxoCvH0YmiKHuUgIiIil3HwA0ib8yDzBoReh7X9nwvZUXEmZFnPifNCOpC+/NX87tklHChtOaGF3+OkYM96Xvvf3/DKmr0U1AT1iLmCaVNDR3L2frSIP/7fErZkZpKxYQ3vvvoCv/rtX1iWUcCFzifqdzsozniX3/12Iasz83C21pH1nGD1+9uCFsSSHtLRM3NFj6ZydCtdz6d7QkOHs6KUqgtJg0ZTyJGWbPgnqw+G7sPvqiBnwzv89vf/YI/D8JWfiNah1zEzIXTUrWTLYp5+YQm780vxNO9Y+12U5u/j0zef578XvMm+5sfQhXXQFe3ec/z0kEtXC9cs4p9bCloE2+MZ7/HcR/uDgkIiV09OO+967X/VhJDfDyx/jvcygvfr59SxbJb/3x957q2t1LR7XiUz+/p+wQfNxpd/xztbDuH0t/z2wVmaz8Zlr/D0X94kq6iEuguY0yR0dB+2vPoOBypcQZ8TVeRlrODZXz3Diqz2vsjwUeU4yvsv/I7n31xLbmnrk+iU7VvF+tKmc8LaN+hRGOZUZk3pERLkF/15CUebV4KzkOXPvhAS4mMmTqfPZXtjpIiIiFzOuvg6QzMT7v0uJ//0LDsa+1M1fLTgH8Q99Qh9GnviidzywFX87tXPmjpPjn28/cI+MNtJSe5B9zAvJ8vLKXWEdkWb394TP+U2pmb/ic1BnbTaon2sKdrXWu/8Ao+vfnjR4DnB1o/eYOtHYE1IJ7VXAjaTj8qiI+QWhc75GDlkOgNCOnpGBo4exoe5uxqX7Fz+PDvX2EmJMVNVVkqNByLH3s9Pbuh3ns3Qh6vHdueNzFONbbD1refZaraSEh9DbW0ZDofnEjsVI5j+6OPU/PUFdgSFMEPpPt5/dR/vA1Z7AjFRUFtVi6Om9Yji9V+MOuiCdjf34bYb+vH8R02XRx5e8wpPZ/Ri3Mi+WKkhb08mRTXNv0y5qdn508lvdhLGMC99JSvym+p078pX2LvOSoI9DEcrk5m0J37sjUzdEfr3tn/NYvavAXtCCj2uiMR76hTlDedx6Jl//sJ6j2Nk+GfsOTuDMEd5e8HvwWrFjqeVCXba+5RqCHe5m3kzd3P9Z05aEimxNnyuSo4cyCX01LBy9aQ+IdvoNfM2Bm5dyKGG7yoMNft47U/7SB4wjv69o6j54jCZOcWAISjE9+Guq/shIiIi8lXo9IjfuSf9t3P99x8gJWiJgeO8+txyKoKWWdKv4WcPX99yAg+Pg6L8XHJy81uEPgBviyXRzH78Z8wb0f68mVHpU7njhuEXVlu+luWpKc0nJzODjIzMFp3/MwmTePSOES06vNZBM0LvHwKocVBU1NRZbm/+io4MnPSbdycDmw9wemooKio6Z+A5VxtftMnojYlc/+TPmD+i9YlPahylFBWVthn6ohJGMiwxouvroIvaPX7s/Twyp3/IMkPNcTK3bGDDlpahL3XGQ3xzSs8LrFQzE+5/nJHWlvVQ2snQF/z31lobOUqLyM3JJb+oZei7cHbm3n1VKydFTYvQZ7W3P7Jf29pnTm4OGRkZZGY1D30w4e5vMyquW4tz9Z6fPMDAZvVanLuDDWs2NIS+JgHzQO779wdI0oSeIiIi8hUx/upXv/pVeytUFexhz7H64btA/GBmje597m/ujXZGDo5ib+Zhzt5JY/CcIN/Xl/F9ujeuZuqezLgZo+lBLccKStvphJpJHjKOa6+bz/UTWtt/GCmDJzJ2QALdfGAMs2KPs2OPT2bQsDHMnncT108eRN3+dew+Vj9FQyCqF1Mn9msWsHzkb9/CMVf9t/RxA8YxJq2pvDF9R5MWG8FpRxkVtW2XNmDtxYzr7uDB+aNp/clp4fSbOAZbzTFyS1q/1Cyuz2jG9KkPswFnPpt3H2/oQPZl2qwrsZ4z0kcz7KqhGE7kUlDR+v1MUSnjuOfbjzAr2UHG/vrL4wL2dKaP6xNSL+e1//MWRtLgcUwcnASuGirLq9oNJ2ZrAgNHT2P+Lbdx3bRhxFm6dXkddF27Q/few5k4oDvlRw9S4Ta0sZ0+3HD/I1w/Ir5rqrSblUFXjSCs/BBHy1uvh+QR83jk8Tux52WQV11/aXav4dPoH2dqs43GDojjdOkJTlS3fb9cmD2FcTOu4cabriU16sJSj8nel4l9oijIOUx1K98+BMyJzLjlYe67fiB5m/ZQ3bC8z7hp9O3ecBzGOEYN603kmdOUnaxseQlxcJ0MmcntD3yDsckRbR0cw66agN1dxsGitu+dTJs4n2998xqSwvUfHBEREfnqGAKBQODSKIqfqtJSyh2V1PlMmExGjOHhREdHY4+LoSsez5ez7A+8m1Uf/M5YJ/EfP74W2/luzOOiwuGgurqaOj/4fD5MpijsiYkkxHTi2jyPk5Lik9QBRqOR8Kho7DExmLtwZMBTVcLRghJqfIDJhLV7LImJycREXA7DD35cVVWUO6o5XXf2ZikjkdHR2O1XYOvgMXRZHXRVuwPO0mMUHi+jBjDhw4eVhF4ppCdcvKc+eqpKyM0rqd+nyYS1ezzJyUnYLuAPzO+qovREOZW1dZhMpsbzONpuJybiYjxY00Np/lGOl1aByYTJZCW2ZyLJCTGdvpzU5azAcbKa6ro6wIfPZyIq2k5icgKdOjU8To4VFlJSUYPJZMLnA2tMHCl90okxIyIiIqLg96VxHeDZ37/dOK1694n388O5ut9GRERERES+/r4GTxJ2sf3dNyi0DWfcqIEkJ7QcHXSXHuCdl94OepaWmYnj+qj1RUREREREwe9yUVVSxH5HMfszVgBm7Anx9OjeHThNeUlxi8kfzqTPZnxcN7W+iIiIiIgo+F2ePDhKi3CUFrX66pmESXzv/glocj0REREREVHwu2wYielhB0dV+6uZ7Uy47lauGdlLoU9ERERERP6lfH0md/F7qKpyUF19mtN1tbhr3Lh9PjBZSUhKoXdSjAKfiIiIiIgo+ImIiIiIiMjXj2Y4ERERERERUfATERERERERBT8RERERERFR8BMREREREREFPxEREREREVHwExEREREREQU/ERERERERUfATERERERFR8BMREREREREFPxEREREREVHwExEREREREQU/ERERERERUfATERERERERBT8RERERERFR8BMREREREVHwExEREREREQU/ERERERERUfATERERERERBT8RERERERFR8BMREREREREFPxEREREREVHwExEREREREQU/ERERERERBT8RERERERFR8BMREREREREFPxEREREREVHwExEREREREQU/ERERERERUfATERERERERBT8REREREREFPxEREREREVHwExEREREREQU/ERERERERUfATERERERERBT8RERERERFR8BMREREREREFPxEREREREQU/ERERERERUfATERERERERBT8RERERERFR8BMREREREREFPxEREREREVHwExEREREREQU/ERERERERUfATERERERFR8BMREREREREFPxEREREREVHwExEREREREQU/ERERERERUfATERERERERBT8RERERERFR8JML4cPpdOJTRYiIiIiIKPidKzy4nU6cDf8ujxBRyfaVmynvZGGdDgfujrzHXcyWD97kzTc/4EC5/5I44tbKnr/kMaLtT3DYffH3fzJ7LWuzT9afMU4HznYr0ofDceHnUs2RjMZ9ioiIiIgo+F1QotjDPfZooqOjiY55gCznZVBDzkNMnDeNA67OhcWFvWL55c6qc6xXzd9vSGHqXzaxY+PHZFe4LoEDbq3sefz+vpd5ad/fGGy5+CUoWjmHOcvzAdj3bCzRT+9up312EBsbzWdOwJ3Fo7N/xIHzSIF5701q3KeIiIiIyNeN6Uvdm20syxw7mBX7U35buYwxNsDnxOmzYcPBkcNFBOLS6Jdka3qP28GRglJRyMULAAAgAElEQVSIjiM2wkSEzY7FBE6HE5vdBj4nDifY7DZM+Cg5eIAKbxiJ/QfRIyikOEoKKXVBXHwCPWxnX2h7/UZhYcw0zcJ8Nmc4yqmsrMaHidjkVOytBqFoHsrKg+SYhvfUl9VReISiakgb1hcbUFfyOX9bB8vy/5cbkq2YTABuCg8eptob2bhe8DYaj9cGLp8NG2UcPFyKJbE/aT0sOMsLKTjhIjFtED0a3uxzOiirrKTaB9GxySSFFNpHyZE8qokgOTkVmyW07AB1Jae5+f1N9IsLOl3O1W7NuB0lFJe6iIiLJ6lH03rlhQc5UQ2xaYNIPrvYMpm0QBgAfR8rIJ+EkP0eySuGiDiSU3tgsQ2hIK+ABBvUlZSzff2fyS38JSmxASLsdmj32N0UHizAFx1HVd1A0sLDGvdRXlZJdbUPU3QsqUl2fVKIiIiIyOUt8GVz7QjMNM0KbKuu/7Vm5zMBIOTfb9eWBAKBQMCdtyww3NDstZ2OQCBwKvDcKAIMn1W/3DAikFF6OPCbkfU/zxpOAMOswOpiXyAQqAi88ljoNp7Z6QwEXG2t3055qz8LLY9hROD1vc5WDvJU4Dkrgf9qKOuiUaH7Z9YfA8WBU4FFs4OXLQg4XPsDPwyv/324gQCmHwWyqgOtHu/6TX9uUW+PPTq96XfjA4HM6kAgEKgIPGcNXe/7/8yuL6b3cOAPs4KPZ1Ygs7o6qOyBwKF3v19fnpnDAkDg4Yb3ttduze37xyMh66U9uzsQCJwKLPnh4AAQGDG8fvnre+v3ufu5yYG03++u//kP/QM8/Xn9+VDwcWBWt6B9jvx7wFn9WWB4txGBbdXVofXZ7ebAtlOV7R77b0aGvjZvYdA+g4/tB0sD1QERERERkcvXVz+5SxhgfICNxdUEAl7WPwVPbT0KVPPqY7eQ8sLnBAIBAoFS/hDV9LbwWGDiXRworqSyYjMRyx7kF0OX4jqzh7VZAT5/eh3ffiObuiMf89Ai+LgyQCAQwF28n1vSLeS82vr67Y9YjmLLKVd9ebwVLH00i1+uONDqquH9IfzsL7Fw98LNuAIBfMUfw/o3yHNE8+hHO5hpmsW26gCBtU9Q8OK3+fMdi6kOBMg642LpI88w4i9bWz3e0TEBMD7AtmI3gYCLpY/BotL7yHcFCHjz+aHpNVbtrwJieehYNd5AgEDAy753H2bBwytxADkvPMRP+Dtlgfq6Kdz2K64ICyq7M5PH71rA6wecZK3bizvvbV6+/37WlLfXbs348ljw2Et8b215fb25ivjkpjRqd73E7Qumk1UdYE9WgKPvPsw3xv6N8uanhyW+YSSumldvuR738583HMspdj43BsLCiOsWB9hC69O/jInR9jaPPfeNJ/lF7AKKvPXH/vkf+nPgVP0+B31nJ66G5Y69r8OzT5Pj1JdEIiIiInL5ujRm9Rw2hfFJNsBE3wkPw3u7qXLm8vZ6uG3O8IaVLHQf0PSWukp45okHGZRkx24PkLP1M3jjNiaMGMGIESMY/wso2LYXb/JwHjPD9XEjefSpP/LB8XBS7KfZ28b67ffvq1n1lzswGAwYwuK4bREMsoS1umYdoWUdf9VILIAxfgA/NGexNb+qxbY//8dW7pw3oeHyTgtX3fwTeG83zhbHa8PYUG9DksIBCwOHTCZ11lWkWQBTLIOubAhn+Chc+wxhBgMGQxhD73gZJnfHRDWZ72/lzkfm0KOhBL0nTCXVEmgse+3hzazr9h0m9rPWh8++k3kqPIsdR6vabDdH84owxTP9Lvjb7B7c9NjPWfhRMSmpMRTvXQN3X82VDZd3pk+/DbzrONKsAbxnf3Dm8nYWPD5neMP1ydGMnjoaa7vt1faxb3vjE+Z+4xqSG65ejbTEN77LXbCCeywGDAYD9uHfAEM6YfqsEBEREREFvwt0sK6xg5+QPhQOQlhEDP1N4G7s+ZtbvM3tbZoMxeOEeQt3s337FjZs2EBldTWuxfditYxgYW0Fu9Y8zdiIw9w5sS8/X1fW5vq2doqZ/+aT3P70ADLLqgkEAux7bjIHOjjLpdvrawxCg65sY6VYqPZ4m0KP52Sbx3u23oIDkqGpshrDm//IYobd8Ste31mCNxCgbu8z8FnDq7bQ/bXIbN2vgMBpgkpExZmzgbL1dmt502g097zmJW/nJu4eHc67d00g+jcb6l+q8TStdrqm/Qps2Ged99x1HRZ27mOva/6e8EBDVtzPz8beRexru+pH/bx7mNmtGq8+K0REREREwa/j6iqrqDhTQa2zrtXXz3awA6YUpl8P3/vvF9l1MJsPF/2Ux3ZD65NKRjPtvrtY8d1fs7XYj91uw1C2m6WrjlBz8B1+904eg2fdyKO/+P/4TQQUnDC2uX57vJ5qGNKTRLuNupKdLFu+lZ7nMctlXRvHMOPhu1n5l3fJcwLuApY/9zKTvjOl3TB6Lj6vBwyz6J0Yi8ldzIfLl8FV4UA0k+64m5XfXsTOcic+t4PNb77JXqeh8b3hqWO4mdd4e039JZzH1r3FIt/NXNM/ps12a8G5l2f/8D6WK6dyz2O/5OlfA7mVpE29Fd5/kdVHagA3G95eADPvZkhbB2sZyrdugm8t+phytw+/I48lr3xK83FTw5l1ZB0+idvppKadY598x3WsfP0DDjicnCzM4NUXPqtvS5+XUj/065WIxeRm9/LlrD8T3ZC8D/Dz2bN442CNPjlERERE5LLy5c7q6czk7t5Xs/cMzOl1N9uqljEMYFCz9a6qv3zxnpf2U/Tkdxkz+Pvc9/TveczcNAIYDgR3v9Nvf54P/uf7zOnXNAPjE+8e5fYIM6u/MYH/d1/Dwpt+w/756aTbWl//vnaKP+Cm/+Qb376KlLD/aFw2787W1w0uX/OyhgO+sJZVP+DeZ3ll00z6R/9n/YL7/07RIyOB6hbboFm9hbWx//BB81l0/7eYnlyfUIcbgJnfaNzfm5l3MDa+IdiYfsQB5/ymfZmu5Pn1z5M0rS+/btju85tKGGOD2jbbrZmISJyLbyflp2e/ariZZTnXYO5rYdfL2xjdryHpmb7DxsKHsZ09FkvQcVnq/+eeRZnsuHos8REN2/rBUtx3x4WEw5/8aipzh/fgEcMstlW91eaxD3nwf/nNwiu5MvY/wDCCm4dBDIBlBL/82yOMnpbEU4BhOMDNDfVbS8aG9VxxWo+xFxEREZHLiyEQCAQu1cL5nA6cRGC3WfCXfMLolOv5eb6PO1ONbb/H7cTlhQibLSTVut1OvN4wbDZLh9ZvmxuHw0uE3cbFeqSd2+HAhQm73dZl23Q6HBBhx2Zprc7cYDJhMpnaqlQcThcmmx3beX5V4HO7cXm9LerZ53bidPmw2e0d/hbC7XRCWAQWS+vvcLudYIrA0nA8bR97/cPfzz4iJHQfDrxEtDhfREREREQU/LpY7a7/wTrmqcbf7174Oa8/Nu5LHqYUERERERFR8Luo3E4HlU4XYbZ4etgU+URERERERL52wU9EREREREQuTDdVgYiIiIiIiIKfiIiIiIiIKPiJiIiIiIiIgp+IiIiIiIgo+ImIiIiIiIiCn4iIiIiIiCj4iYiIiIiIiIKfiIiIiIiIgp+IiIiIiIgo+ImIiIiIiIiCn4iIiIiIiCj4iYiIiIiIyEVm6uoNnjlzhrKKSk5VO/F4vaphERERERGRTjKHhdE92kZ8XCzdul34eJ0hEAgEujL0bdq0Sa0kIiIiIiLSRaZNm3bB4a9LL/Usq6hUq4iIiIiIiFxiOatLg19VdbVapQU3Xxw9yuHCMvyqDBERERER6aRT1c5LK/h5vT7we6mtrW385/Z2Lu74Ko6wafVqVqxYzfajpy6TpvDirKrC6W55T2Nd4VYWL1/O2qO1GP9FT1Rf1RHWr/6MAqe/U3Wa//l6Mjt4DpzfPi4h/pN8vn7T5Vt+EREREbloumLulC6f3KWuaB2LluY0/n6G4Tz+ozlEdeC9BucBFr66Ag9mrGYPJVEDmdCn+yXfEAb3MV58+X38g2/hP+alB71Szeb3sjhjH8c3Zqb/y56o/lMF7M7OwtN3JGm2yI6+i8Idu9kxII2xHTgHzm8fl9A55K3h892Z9E8de1mWX0REREQubV0e/MKTpvPtbw9n+2uL2d/nWh6Y1rdDoQ+g6mgOHqzc+v1HSQu7fCoxEJbIbfPnY4zt2ewVI6lXX8eogYM6XAdfS8b6sc6wTg15hhFuBrPJeBH3cQkJMxJ1OZdfRERERP61gh9hFmxh9vpOu8VGTJQFAF9ZNh+sL6LviF6UZe0gu9hBmL0/1944lwFxYfjK9vDe2mOAme0fvkeGN5ppt84hKayWnPUrWb+7EA/Qo98krps3ibiGYFietYpNp/pwzahwsjP2ccLppf/0OXTbtYLC7gNJcR9iU2YhAWsK4+dcyzBrKRtXbeBAWQ1R9v7MuWUufWPCAC/5n61m69FSTlfV4jGbuaLXMGbNnES85ezBecnfuZ4NO3Op9ZjpkZTOwDHjGZkaibtoPyf8caTE1a98pqqAtZ+u51B5LWzYxoBJs5k9pnfD5Z5eclZ/QGFUP1J8BWTsPUINVkbOuJFZQxPbqdxacjatYeveI9R4rKQNTsfkctF/+jwGN1RITdEeVq3eQoHDQ8CcwMQ51zB5UI/6utq3ik1fJDK6l5Otm3ZTVgM9Bl/FzdeMxmYMOsbPV7N6y0FqgKj44cy5YXpjHeWs/oDi+ImMjSlne9ZRPLaBXDctgR0fr+VQxSlqaz2Yo2JIGzKZmePT6Ux+rzy8ndVbdlDsgPi0JLxOCA963eAuYdOqtezIKwfMpI6axjUzh2Pr8B7abr9ztf3pL7LZuCmTI8W1mO0xJKQMZPxVo+kZZaxvl3bO0bba8tCmNWzce4Qa7KT17o4DSA1ao722bHlopax/bwORE69nQqq1cdnq97aSOPNGhsWbAD/Hsjayaft+yjxgj+lB6rApTB+RjDHonM0udoDZytBJc4POWRERERG5nH1pD3D3uyopKD7A2k9WsdfbnWGD0/A6DvPhq2upArpFRBJpBvDgxYQ5zIQBNzveXsinuwu5YthEpowdTHneNl5ZsJKKhu16Th2nMPMDXnzxXTKyD1BQkEely0tlUQEHt6xiTaaTvsMGY60pYuvyl1j4xkfs9/Zg2OAkah2HWfZOBu76LVG4+yAOupM+fDhDekVTcmAbry3e1vC6n70fLGTZxn14rhjI8CG9OF2Qzdql26jFT9n+I+w5XlMfUGqP8OrL75FdbGDI+EkM7R1g38YlvLI+/2xt1JcvYy1rMktJHDiYeGrYs+pNtpf52gwte997gU8zj2DqPYyxY9M5fSSbvII8vqipv+a35ug6/v7OOvLD+jH7mtmM6FHD9k9e59PD9eXyVB6nMHsNyz7ZDol96ZccRvmBDbyz6VhjuXI+WMiyLQeJGzWFa2ZPJKpsL8tffofj7oZyFxSyb+3bvLJ0HQeOFXC4oJIz3lPsyysmLK4XQ4YPoWeYg31blrFkZ3mHz4+ao+t45cOtFNXGM2rsEKJPn8QBjcHR4D3OW8+/xY48P2OnX8OMsb0o3L2GRe/t7eCkOe21X/ttb3Ae4OXFq9l/KobhU8bTP9HEkezNbC+pgw6co62VJeeDl/k48wiBpGGMHZLI6WMFLeqjvbZszuB3UVBcTEZueciy/OICSlye+mCdtYwla/fguWIgU8YP5wqK2L02u/4Yg87ZUVOmM7q3qdk5KyIiIiKXM9OXtidj/eMC+86+l5tG1I9qjYxbzOtbjlHhhhjbAKaPvoI3M84w/aYb6WUEX9l2Fhcb6D39G9w+pn6kY0RqJH9bupPNBydx86Cz935ZGXPdLUwZ1KNhdMLNZp+BM2kzePzW0UQBdX3D+dvyPaROv4vbxiQDMNCykHd3f0GlF5LCopjxvR8xo7HAbuK9L/Jp3iGK3ZNIrc5kTZ6XK8bezgPTegMwbeY0Co9WYwYwQ3hDbX6RtRUHVuZ9+yEG2wDG0HPFIj7a/RnHp6TTKwzwGTiTPJXH7xpHFGCYmMaCF1dQdcoN8dYW1ef7YhdrCrpxxcS7eOCq+vIbJvVn0YL3GtZwkLFiD2fS5vDjW4fXLxp6JeEvLmD79gPM6j8OgAAp3Pzt2+hrqx+p2vC3RWQePkrtzN5ElO3m0zwvA+c/yvX968swrN8VLFj0EbmldfRKBUwBAtYB3Hzn1fSNaRwK5dEf/agp1rgHsvqFtyiodnXw5Kglc+0eAuYreeiJucQBMIXNLy7g7N2iX+xeTxEJ3Pn9++rrj6GkRS3llY0ZFLiHk3KOPfjK2mu/9ts+pbIEDzBx/k1M7tkNGM/MmVVU+MPxlWWyuUPnaJMzDfUcOexGHru6X31bThncqbZsMZjYMCwXHnxpbMOPZ9etqTzJGYZzx61z6kdJx0+jtsqJpaPnrIiIiIgo+HVUTJy98Wd7Uk/A2Xgpmd/nBYz46/8Pv6cGsDJqSNPlbZaUPsSzkxNfVMKg7oCXM+YhXNUY+ppE2RMa762zJKRiZQ8xCVc0vh4R3QMDFbj89b3jysNb+eTT7ZR5Wvap/R4XYGXy+N7BeyC1TxQ0jAnW81JyvJwz1vGkB12DmDZsIIYDuyit9tIrruHd8UlN9/5ZIogC8osqoX/L4Of3N+x/dHKr9Wpwn+J4HXQrWMNf/7qpYakHjweoq8XTULaAuSfJjdd1RtGzjwmOGzECXk/9aNKhD18h33x2Ex48QEHxSUiNA5+BqEGjQ0Jf80sdz+rewWsEDe5y8p0QM3ZYQ+gDQsbxvJQUncKAl3cX/ZWmonkAa4f20X77td/2Ydb6Um1f/Bfy0wbTJ7UX6QMG0tNmpM7RkXM0lNdVC8DEcenn3Zbnk8PM4ZF0Yy8vPnOUfsMGkdwzlUGDUzF26JxV8hMRERFR8OsEv9/fate+dfXJwWgMXRYW9Frwtpp3TQ3BezDXv88QtH97QhxQgRHwfbGVVz7cTsB+JddeN5SePeycKd7I658UhZbonGHGT+3pVg8cgDrPmdbL16D97rUHv7+1uggK1oOnclW6DZ8v6JLR8DgsbWzRGhVFSFrDzNjZc4g3+vA1nCImfHSL6d7iWM4q3vQWn+4+RdKwGUwamkqs1cPW/1tMQUefTBBmJhJw+P1t1+kpDwFzH+bMGYwx+NgIJ74TmaS19jtX23eLG8l37jGycdt+jhccIKPgABkbVzHhzu8xthPnaNPLAcCKzWJst+071Zb+1rcR/HviVfdwe/g2Mg8cIS87k7zsTDas6s83nry6w+esiIiIiCj4hXR8TR1LSR1Qw9Hjp0nr0zDFvbOCciA6ytzpLXlb7ys39HG9gJWb759L34becp05qIvtNwA1HCqoIS1oRM7v9WMM6W1bSE2L4vPdX+DwQ8+GKqg+WQZYSbSHEzpC2H4ZQ6OEh8PHTzGgYRTJfbKU2mbh6bgrnEGDBrV9oOfcowefrTeD+kS2kgFaK7ebo4dOccY6iTuuHt04eU2UtRMNc8ZfXwpfSIvg9zSv09PE9h9EL2PowfkB3znzeNvtd66293vdhPccxrxbh9UHxYo9LHx1HTuzjzN22PmeozUUlNbRN7Vh+hqPv6klzqMtAxYrPQ1wKLgO/UHbxI+7FnqPmUbvMdMAKN/3Ca+vOkqpM6wD56yIiIiIKPgF90trKygqLedkHdQcO0xhWTQp8bbObaPh/8NThtLPsIs9y98h+rb59IuoYPPy1XiwMnl44jm3U9fJ/UENn63ZRfjIeE7l7+TTjCNALH4gPGUI/Qw7yfnwTSzXXcvg7lC0bxPrsnvy+I+mhGwvadAoDLu3smTJZm65dhiGE1ks2/gFZ+KnkmzpfPkATClXcmX4dvZ/8hI1uYOJqD5OXlnTRB8BYxJTxnbn7cw1LHrvFLPG98PqryFv5zpyIq7hO/PO/RzB8JQRXBm+iz3LF+KeeA3D0+Pwnyoh45ONWG/+Dtf36dZKuS2kpEWyIzubLfsSGBDj59DWlexyQveQ0NW2QFgvRvUL49PsZbzf/TrGJMC+dR+zv87QuI2kIWMx7N7EOy+8w5Q5E+jd3Ujl8b18uuUoNzz2BKnn2Ed77ffInaZ22953fCN/XX6aGfNHkxZrpfaLSjzAFXHW8zpHLQkDSGYXez58n5jrriL29BFWr9pJzQW1ZXe62wP4s1eztde19PQVsXHVdmqCAvqWvy/iSN9JXD26L7ERfo4fPwGYiQwzdvicFREREREFPwB8J/ewdHkWAN3KdvHuO/D4EzMIN7c1BBQ6KhKgO5GNI2hXcMM3b2D5Gx+xaemr1N/tFMu0O++kb2NnNKz5JhpZjS0vpTO2GIU0YwTCU8Yxo98hNhzYwDsH6vczeHAP9h/oVj+KZbyCG751Ex8vWc7OT5ays+Hd6WMntbj0ztRzAt+4ppbXV+3gnZd3AHAmfjQP3DUuZF1rKyOikeFtjZLamffI3Vg+WUnuieNURSYycWyAjMwjjWskT7uP6/mYjzN38GHBjsbjG3pN93bqKnhZwz7e/5BdGas4mNHQJtYUruse1hiRm5e71+jpJGevYOeq5ewEzPHJWCluvNLRGFF/H52xnRHgofNu4/g/3mL/lk84AoQlp2N1FDRuwxQ/lkdvg+UfbmLrJ0VsbXhfTNok4iwd2Ec77Red0rPdtg/rnkQCq9n4YT4bG97XY/Acbh1fH+zOfY42D7pJzL9tMi8v3crG5e8AkDasH57svMbyn7stW7bj6Gunk714E9s/WQpAfFoyFBQ3BvS0ManszdzG8rxtjdsbed1d9I0Cojp2zoqIiIjI5ckQCAQCXbWx7IO5VJwouQjF9FPrPM0ZwGKzcTGnmXDXOvHSjcioqDafX+Z1u/H4wRJlaf8ZZ343ztNu6GbBFtUF3We/P+Ty2fKdS3l9YwU3PPYoA4KfEO/3Uuv2YDSasVjOr7a87lrcfrCYLYR16KniXpxON93CLERZwi6snbuFtVNffty1bvwYMVss5/XA87ba71xt73U3PNjDGIalxY7P4xz1u3E6vXSLiiSqrQPpbFue3aYlkiiLsdXtub1+8PsxRkW1LGdXn7MiIiIicsHiEpMYNmjAv0LwE4BjqxeyJNuHPb4Hkd5yih0ezqTN4clbh6M5F0VEREREFPzaYlI1Xj5iB0xkmOsYlS4X3rAkxowey4QRvRX6RERERETkyw1+M2bMUK1eNDO4QZUgIiIiIvIvJftg7gVvo5uqUURERERE5OtNwU9ERERERETBT0RERERERBT8RERERERERMFPREREREREFPxEREREREREwU9EREREREQU/ERERERERETBT0RERERERMFPREREREREFPxEREREREREwU9EREREREQU/ERERERERORiM6kKREK5neWUVp4mLDKa+B52TIC/fC+rsrtx9ayhX90fjdtJSWklhEVii++BzXR2sROTzRZULh9Op4uIoGXO8hIqT0NktA27vWm52+nE22w3YRE2LPpkEBEREfla0YifSGNeKmbxj6YTER1PWloayfGxhHUbyTtH6nAf/5jrrluJ86spGJ+/8iSGiGiS09JITo4nOszAT5fkg3sbE2KmkhlcMPcOppxd5ivg7w8YiI5PJi0tmfjY6PpjOlgDVPPaLdFER4f++/POKp0LIiIiIgp+Il/L1MeG/0rh3gVXsq3YTSAQIOCtZvvLt3LypAvCLGCwNIyU+XCUl3DkyBGOFJbgPpu3nA7KHe6QrbodDpxnF/kqOZKdTfbBQkLW8jlxOBz42ijZiZU/Z8I3n+OljJL6cgW8FGa8BBWngDDiusU1e0fTstw3vsdjb/2c/dVeAoEAXlcl29+4B4+3YW+V8F+bSvB6XbhcLlzVLv5jQoxOBxEREREFP5GvIXcOv/kd/G3XH5mYFF6/zGRj/EO/5LvNglDtrj8SG59Mv3796JeWTETYv7PXCbV7/of4Ho+RdzbBOTOZEBfLOwV11BV+wuzwOPrd/wPuvzKNiNl/peTs9vb+ldjY2NBRu0bVfPq/f2Dewn08PKFnwzITvSc8zO8fG3nOw/LWVYEhguiI+shqstgZf+9PuX9Y0zGFmyMwmSxYLBYsNouu/xYRERFR8BP5evJXFrMuMIsJ/a3nXDfqyieodtWPoPkqs/ih8Rk+3l9F3NTv8kPTa7yx7SQAx9e/wN4RC7hzUB2vPnI9Pd4+SCBrLVlnKvjNtu/z6q6a+jAWN55fP/0KiWGt7MxXxrbNcPVVqed1XIPm/pxZvv8kJczAsJu/w9PPvcKmI02XcoanwlMT7RgMhvp/o/6KQ6eDiIiIiIKfyNeSt6bj67pyefaeMAwGA6bYEfy5DixhAGk88uxV/PqZNYCb5fe9zBP/czs2dy4rNsDbd97FyBEGRo6I4xcu2LS3pCF8zeaXv3iQNEsr+zKZiOvsX6mrlpOB+h+NqdextraUnZtW8ONZSeQt/ybT+9n586768FdXCD9ZcZDKsmKKi4spXnUfdp0NIiIiIgp+Il9HxoSB3NxtHauyzjWxiZulT47lF/GLKXZ5CQRcLBpF4z17Q279Nbz/IkvWLebfXA/w3TmJje98PnMNGVsqWb+hkurqapbdP6ADJYtlwGRYsOJAG4HVS8WZCjxBNwh6inaRTQqRZ0cQLfGMnjqXB//tl7y27hTPWWHBmsP1wQ+IiU/G3iOJpKQkknoo9omIiIgo+Il8XVlG8OPf9uepSbfx7q5jOJxOnI4Clv7mPv5ne2gYrHFCn769iLfAF9kf8HYWNA7W9ZjC0kfXccfsh5n02ycYbAIsQ7n/Xvju029RRAR2WwTle1ayLq9+lLHu4DvMGPWfHHC3VrBobviv35L/0/H8dMluyh1O3E4Hu5f8mrv/sANsvbkjPItv/fVDHD7wuYtZ/Mcfwfx5DLDA7gX38q1F6yl0OPH53Jw8uJV1Lrh+eELQPnxqfxEREZGvOc3jINJg8k8y+LlUGBUAACAASURBVIDvc+OYoPvpRvyIjY/YoAIYBGDh+p89z0MTpxD2U8AwAgJwQ+OfkoXZjz4Df3+V/5+9O4+Pqj4UNv4MySQzwIwkSGQREyREQFZDcUNEsNZ9qVa7aGvrLdpFe22t97W32Kp9215ra2utFezbYm1dUJRq3REFpUhZQxCiECAKQQlkIJOQSWbCvH9MgCCLqOAFeb6fTz4mM+f8zszvTIDHc+bMjZcdt+22i/+whNu/2p8+0WszNwUG88iy8wFIJtczvWwWm5K0KcjtOp9yExX/CHDphcdxe+spnARGc8/0sUA3/rP8aeYdcw75N29/zLNe/AIhoOuQU1g5ajRF12wf79q/vMrtZx4F1JGbD/XuekmSpE+9QDqdTu+rwcor3mJg3xJnVQe3VIJ4Y5JgMExod59knogTa4S8vMiHGjrzgelBIpHQR3lgJOKNEAwSCoV2ui8ei5PKDpO3i7ETiTjJpB/OLkmSdDDaF53lPwGlnX4rQh8cZqEIeR+h3UKRCKGP8esaikR2e18kb/fvzwuFIoRC7lpJkqRDle/xkyRJkiTDT5IkSZJk+EmSJEmSDD9JkiRJ0v8OL+4iHeDmzZvnJEiSDimlpaVOgmT4SftWIh6HA/xjDvwLUJJ0qPB/eEr7h6d66uC3YDYk3hdziTjxeGKnwEukdlzu3Wk3Ej7sQhbGnUZJkiQZftIBphbuHg+xavj2L6ExDvfdBWtbgDr+em6UaDTMPfPrW5ev477uUX4xb2ObMVZx+9m/4uezJnNCnjMqSZIkw086wLSHY3Pg7B5QPQWGRKGuF+RlAZDb+jnn3/nhRGKta+T2gVAw8308FieV6sq4tXXcdHxHYrEYmYOBKWKxOKlUgqqKciqqalpXqKGivJzKmvcdGkzVUlleTnlF1faDjqk4scTW7cSIbz3MmFhHRXk5FZXV7xsj3mb7kiRJkuEntQrBgBPgyK0/D4ZTBkMo81NdFfx2+gyun3ktv3t1PQBN29at496eUX61KEVeXgTic8jPz2duHIgv5JLDowSDYYr6DaJfUQEXXn0FgWgB/QYNorggyp/LM0cRm6qeYUxuZ4ov/08u719EeMzdVAMNi/5EfjjAmMEBovn5RO9aQH3FJALhI+h3+eX0K+5B4OrH2ZqQDYvu3r59SZIkyfCTtloH37kJfvg6dL8Qpj0Ad1wHK7bn3ZaC4dw46Rvccvp4YuSQ22btw0qArcfYgkFOyx7d+j1EA3DP69Wk02lWPPoN/vH/2jF9VYJ0OslT18PPnl0K1HH/VefQ5ZEK0mUvUbZlA7fNupb759eTDuZCYDCX3FlBbW0tddf14cEvX8Zlfy8nXVZGunEJV0+8mDtmZ047ze48nFtunUjXoHtVkiRJ+4dX9dRBqgAmTcl8+60LoMfA7T+3HttLbE7S9fxxXB/oxS+nXUD/wu1rN+1h5E2B0Qwf3A2AHscMgIEdGV6YycZevU4m3RiExFs8+wpMmXYZFQPLAChrhDMXVXNdaRMM/g5fH31M5gBkfC6PlMHXj++T2UCoH1/8Dnx99ipuOX4IuYVjuHmce1SSJEmGn7R7X71yN3ekgCJunHIj3U6/nEHAlW0CKxRsffln73yoLZkEQpAEqGii9cfMz23cM3cqX++TRWMKsrOzCYYjtCx9eod1aB2+uc3jqt/sbpMkSdInx1M99anX9cwfcPvgMhaloe3/65j6r6UkUnEWTHmIl7dEP9ygoQFc/mX49q0Ps5oweZEwNQufY9ry+l0u+x8XwC8enE4caKqazp33wXWnFQPQVDGJUUN/zNKE+0qSJEmGn7TXcvPb/lTAN+/9Tev3KSDKOT//Cc9cM5xwMMpxtz0LbDswR5ooOxwD7Lv92+23h7j4D0u4PXAtfaJhAsEwvU/9v9QHgzutAyEuHT+LMT/7HNFAgFDR6RTc8yrXDuwIQDK5nulls9iUdL9JkiRp/wik0+n0vhqsvOItBvYtcVZ1UEgl4sQbg+TlhT7WOIl4nCRBIpEPGifzURFkR8iL7P1Z1vPmzaO0tNQdJkk6JPj3nrR/Osv3+OmQlR2K8DGbD4BQJEJoL3/d8vL8pHhJkiR98jzVU5IkSZIMP0mSJEmS4SdJkiRJMvwkSZIkSYafJEmSJMnwkyRJkiQZfpIkSZIkw0+SJEmSDiV+gLt0EJg3b56TIEmSJMNP+rQqLS11EiRJkvSxeKqnJEmSJBl+kiRJkiTDT5IkSZJ0wPI9ftIBzgu7SJIONb6/XTL8JP8ClCTpU8z/4SntH57qqYNf1TxY27TDTYlEnHg8seNt8TiJ1L7aaIoVr05jUU3C+ZckSZLhJ+03T90Lb66HR38K78ThtT/Da2uBOv56bpRoNMw98+tbF67jvu5RfjFv4z7a+GYmnzWGySsMP0mSJBl+0v7Tpw/8chT8/p/whS7wUAMc3RGA3Ehmke/8cCKx1sVz+0AouH31RE0V5fPLWV4d335jKk48ASTWUVFezqrWI3rxmirKyyuoabNoqAQ6BVPEqyspL69k+10pYrF463AxYluPPKZqqSwvp7yiih1yMRUnFouRco9KkiTJ8JPep2gglBZt//mU46EgU3x1VfDb6TO4fua1/O7V9QC0PRn0rceuI1xQxKCvX06fHlGuenAxAA2L/kQ0HCAQPoJ+gwbRqyDMNVePIlpQxKBB/SjI+xrzWgsvWgjfL+1CtEcxgwYVE73wPmoA4nO45PAog0cPIhjNJ7/L3bxb9QxjcjtTfPl/cnn/IsJj7qa69bE0LLqb/Px85sbdpZIkSTL8pB3dfT0cfjN8dSRMrIDVt8GTK7fdvaVgODdO+ga3nD6eGDnkbr0jPpdvXfZ7HlgaJ11WRmL5I/z58suZWgMEgayvMmtNgnS6kclXw/j3vsLKxjTp5Equz/4rLyzJnC7aFIcv/mU2jek06boyrn52LH+bXw/BINEAfOay37Gmtpbamit58qpz6PJIBemylyjbsoHbZl3L/a2noWZ3Hs4tt06ka9BdKkmSpP3Dq3rq4HXD3zP/fW0sdCmC055qvaMOgMTmJF3PH8f1gV78ctoF9C/M3Nuw7FWmtbuG8cWtp4X2Ppkf5ZYxZ8VGTmwPDBzBsd0zmXjMsSdT2P8kikIA+fTtDxtaA62pFoaX9icEECmidxDWbsycxLkpMJofX3Ua3bOBxFyefQWmTLuMioFlAJQ1wpmLqrnpuBJyC8dw8zh3pyRJkgw/afdGfGU3d6SAIm6cciPdTr+cQcCV4yD7sMMhvZDktuWSbNgCHbcecatoanMPBBLbl2x63xa235VDKEDmiOHWdRuByPaf75k7la/3yaIxBdnZ2QTDEfedJEmSPhGe6qlPva5n/oDbB5exKA2QTW5hKRfyVx6ZugKAt6c9zPjUhZzRp9OHGjcXqF69hhSwfv6DXFcPJx2Vt/OCoQFc/mX49q0Ps5oweZEwNQufY9ryzKmeTRWTGDX0xyz1AqGSJEky/KQPEWX5bX8q4Jv3/qb1+xRk9+eel+/hlrN6EwgEKBxzE/e8cg+lWw/A9d2+ZnAXsbft+0K4+4K+BAMBupRexbWPlnNhYRYAaaJt1g1x8R+WcHvgWvpEwwSCYXqf+n+pD2aWSCbXM71sFpuS7jdJkiTtH4F0Op3eV4OVV7zFwL4lzqoODqkEsXgj2ZE8Ih/jpOdEPEYyGCESyt6LZeMkCRKJhPZ6/Hnz5lFaWur+kiQdEvx7T9o/neV7/HToyg6Rlxf62MOEInmE9nrZCCFnXpIkSZ8wT/WUJEmSJMNPkiRJkmT4SZIkSZIMP0mSJEmS4SdJkiRJMvwkSZIkSYafJEmSJGkHfo6fdBCYN2+ekyBJkiTDT/q0Ki0tdRIkSZL0sXiqpyRJkiQZfpIkSZIkw0+SJEmSZPhJkiRJkv53eHEXaT9IJeI0EiYS+vi/YjfccIMTKkk6pNxxxx1OgmT46VOaSiTijSQBCBIOh8j+hF6dqXiMxmDko0VaKk4sHiQvL9TmtuV897A+bPzLmzz85ZKP/fhKSkoYO3asLxFJ0iFhwoQJToK0H3iqpw4M8YWc0ylKNBolGg0TDAY49oqf8Xp1y37f9OLf5RO9dcFHWrdh0R3kd/01sTa3vTPlF4w/+yEm7oPokyRJkgw/fXoEId1uNNPXpUg3NlKzfC7XtB/HiT0v4fU2VZWKVVNeXs7Sqo07rp+IUVVZSVV1DYk2N6fia6ioqKCqJr71BmKtC8RjMeKJFL2vXsXK6we23h0jASRqqigvr2BN/H19Wl1JRUUlNfHMIB36fJflb40lb/sDoeGIrzB93PAd14tlBopVVVJeXskOw6bixGIxUr4KJEmSZPjpUJATyoJQiMN7l3Lt+A3cddoUvvTAQgDefu6nBPN7cPn3vkf/ojxG3P4KKWBj+Z8JhPMpKi6mqEcB4aH3EQfefu6XBKNH0q9fP4oKopx010IaFv2J/HCAMYMDRPPzid61gMqJn6XXveUALJ54HuFAgHBBEYMG9ePIThcxtboFSPDy7ecR7VFMv37FFETD3Dm/noZlf6L4mPszIZdYyvdDYfqd+n2uHdabcPAHLIoD1PHQmCiBQID8omIGDSomOuYOqlufc8Oiu8nPz2du3P0vSZIkw0+HnHxGX3Ayq95YDYm5fP2cW3hgeYKyadNI177CzP/zn8yNJ3jpV1fB1S+TTqdJpxtZ+tAZtE/M5evn3MTPZ1Rnbq9bxi+PzycdzIXAYC65s4La2lrqrhtKMFRAUW4QgCCd4PL7WZ1Mk05v4MGvTOHmx8ppKP8jo2/KZta6FOl0mvjyuYzsDARDEMi8v2/hfd/kzi88RN2WhZRtaWTyVb9h8G9nbn0qfPHeV2lMp0mteRpe/hvLW49kZncezi23TqRr0D0uSZIkw0+HqvY51C/7N9O2wBWfH87grCEM7jwK0mXMX5Vi4JlXwfjTGHjhNfzP+BfJ7tGDxJJXmdbu+3zplG6ZMSLFjDz+KAI0weDv8PXRx5CXl0cklN16QZmMJBsp+swgemRnaq3fwD7MmrOCN+dNhfMvY1iXLAA69i6ltLBjmzXr+PdfZnLpWccTASDESRfeCI8vIA401cLwk4YQArIKSrg+p4yZKzOnq+YWjuHmcV+jKOSuliRJ0v7hVT11YNnhqNcqnvivmZx1Zw9gObS7kFlT/8qx2SlSQHZ2mHAkRPbAPxE7/lvMmD2HZ/50Pn2u+xkr5+ZBej2NqV28yiuaSAK77aw2bxIMhtLQ8wg6Ztpuz/Khrnl7Riab1wM9tw+bbH0XX3YBffvDBve2JEmSPiEe8dOBI72B2Jr1xGqqWTH/Wf57TC/Gpf6bu646lo79zuDq7Cnc9tBcUpEIkXCShU89zvJ4nCd/dRcV4QGc/+Vr+J9bfgJbagn0HcUVgb/yx0kLSAAbK2fw9yff3KvuXLV2BbFUivqqGfzP95fz3ZE9KTrl8zDtSzw8fz2QYsWrjzKlvO0FZqKM+sYXee63j7I8DiRWMeWuP3PiNSNajwDuqKnt9xWTGDX0xyxN+BKQJEmS4adPtSAlWWWcXdyF/IIe9C49m3Wfe5CVdT+jOBvILuaOsifo/IPR5AeDBMNHMPL2JaSDQXI3TubEHiECgQCdRt7CTyaPpTDYn9/MfoDplx9HOBAgr/hUXm9u3VTfnWNv2+G/3KPgtxeTHwwSKTqV2puf5+dnHkVO768x/+/XckVpFwKBIL1HXkpz+/AO45V8+XdMPOFB+kQDBMK9uK7bBB69akhm2Pc921wgFMwcikwm1zO9bBabkr4KJEmStH8E0ul0el8NVl7xFgP7+tll2p9SxOONEAzv+IHrqQTxxiTBcIQdP4c9s/zOt+/aG78fwbmNd7PyxgEkEhB6/0qpBPFGMqeY7maMRCxGI9nk5UX2yTOeMGGCH+AuSTpk+PeetH86y/f46SCTTSSyi6DKDhGJhPZ++d1IJmayqikJZBPa5XAhPmi4UF4eXqdFkiRJB9a/oiVtM+DaOmoJOxGSJEky/KRP7S9EKEKe0yBJkqRPGS/uIkmSJEmGnyRJkiTJ8JMkSZIkGX6SJEmSJMNPkiRJkmT4SZIkSZIMP0mSJEmS4SdJkiRJhp8kSZIkyfCTJEmSJBl+kiRJkiTDT5IkSZJk+EmSJEmSDD9JkiRJkuEnSZIkSYafJEmSJMnwkyRJkiQZfpIkSZIkw0+SJEmSZPhJkiRJkgw/SZIkSZLhJ0mSJEky/CRJkiTJ8JMkSZIkGX6SJEmSJMNPkiRJkmT4SZIkSZIMP0mSJEmS4SdJkiRJMvwkSZIkyfCTJEmSJBl+kiRJkiTDT5IkSZJk+EmSJEmSDD9JkiRJkuEnSZIkSTL8JEmSJMnwkyRJkiQZfpIkSZIkw0+SJEmSZPhJkiRJkgw/SZIkSZLhJ0mSJEky/CRJkiRJhp8kSZIkGX6SJEmSJMNPkiRJkmT4SZIkSZIMP0mSJEmS4SdJkiRJMvwkSZIkSYafJEmSJBl+kiRJkiTDT5IkSZJk+EmSJEmSDD9JkiRJkuEnSZIkSdonsp0C6cA3YcIEJ0GSJEmGn/RpNXbsWCdBkiRJH4unekqSJEmS4SdJkiRJMvwkSZIkSYafJEmSJMnwkyRJkiQZfpIkSZIkw0+SJEmStH/DL51OO6uSJEmSdAD11T4Nv2Awm6bmZveOJEmSJO0DTc3N5ASDB1b4dYpGWbe+1r0jSZIkSfvAuvW1HBaNHFjhV9A5n+ZkkrfXrCXR1ORpn5IkSZL0IaXTaRJNTby9Zi3NySQFnfM/9piB9D6usy1btrBuQy2b6uI0J5PuNUmSJEn6kHKCQQ6LRijonE+7dh//eN0+Dz9JkiRJ0oHFj3OQJEmSJMNPkiRJkmT4SZIkSZIMP0mSJEmS4SdJkiRJMvwkSZIkSYafJEmSJMnwkyRJkiTDT5IkSZJk+EmSJEmSDD9JkiRJkuEnSZIkSTL8JEmSJEkfS/a+HnDLli2s21DLpro4zcmkMyxJkiRJH1JOMMhh0QgFnfNp1+7jH68LpNPp9L6MvhkzZriXJEmSJGkfGTly5MeOv316que6DbXuFUmSJEk6wDprn4bfxro69wrQsG41y5ZVEfdMV0mSJEkf06a6+IEVfslkKvPfRAMNDVu/EiRbWg6ICWtJNrBxY5zkfhwr0FLNP/82iSefWkTzPr90TpKV/36ZuSs27dXSqY2VvPziv1gVbzk4X+Et6/n3yzMO3scvSZIk7QP74top2fv+YSV4/YHxzHlflAY7HslxI0/j5L5d/tcmbM0rf+Sx8nac++3vUxLaP2Otnf0sa8jh7G+eR+esfV5CVM1ZwJySIoYdfdgHL71pFQvKy2juPYSiSPuD7gUeSNbz7wVz6VM47KB8/JIkSdKBInu/DBpMk84p4aKLh5HT3MjG9atZOGsus595gMp1l/DVkUf9rzzZzsd9gfN659AztP/GatfleM79Ui9KIvvjGQTJzYGc7L0syqzMcsGsg/TVGcyiw8H8+CVJkqRPc/gBpHM60b1bN0LAkYVHM6C0lFmP3MusuY8xs891nNwts+n61Qt54cXXWBVrJp1zBCecfsb2o4LJ9cx5ZToL3lxLMzl06d6T/sNPZeCR7VvXLWfaK7NYvq6ZvILuFPYbykmlvYiXvcCMTUdzxtBcyl9fzLvxJH1OPYseNatYsq4rRUd3A5K88eKTVHU4hiOb3mTGgiqac/IoPf1cTm1zVHJ322jaYSyABt54eSozl71Dc/MrzD6qlLPPOpHOQdpsq5gjU6t4fVEl9XRkyKjzGT2g6x7nsXbZbF58bQ5rYlBQ1J1kHHLb3B9IVDPjhZeYs7wGyKFw6EjOOG0Qe9+dSVbOe5lX5r1FQ3MOXbr34pjS4QwpbM/Kf73IzBXvsXljA805ORzecyCjTzuRgq2x+wH7p3bZTJ55eQHr6psJ5vVi1JlnMLBbhz08lgbenDGV6YsqqSePoqMOIwYUtllij6+XnZ7ae7z8+Cu0P+Ecji/suO22Fx+fSdfTzmdgQTbQwttl05kxewnrmiGvUxcKB47g1ME9yAK2bFzFS8+/TPmaGOR0ZMCJZzKm9ChsUUmSJB1MPsEPcO/ASRecR0egYll15h/xK6YxYdI0VgaLGXPGGAZ3qWf2Mw/w/LJ6IMmcv9/Pq+Vr6XrscRw3qBebVy3lufmt6y57gQmTXmTZxk4MO2EQh7GGhdOf4O0ENG96h6q5T3LffY/yevlSVq1aTm3jFhrXLmXZvLU0A9BC7epVVLz+AlMXxOk9cCAFzTHmPfMA06o2f+A2dhwrwZxH7uX5BZVEex3H8EG9qVk+i4m/f44NO2zrJabOfY+ux/SjgHoWvvAgs9eldjtj9SumMfGpmaxuKGDosGOJbl5PDAhujb7kOzx8z8PMWd7CsFPPYNSwnlQtmMr4xxexd++Ka2HRk/fyxPTFNB9+DIOO7cnmVeW8NHkWDTRTtaCCGIfRa9Agju0ZpXrpLP760CwSrcG4p/2zafEzTHxqNrH2xYwYcQIFDSt58aHxzF7btNvH8saTf+bpuZWkuw9k2LFd2fz2qp3mY/evl50FWhpZtWYNr79Vs8NtK9esoroxs+dqy57gsZcW0nz4MYwYPojDWc2Cl8pJAIGGSu7/8+OUrwkwdMSpHHdUNounP8bEl1f6J4ckSZIOKtmf5MbSwcM4PADrWgBivP7sQrYUnc4Nnx+UWWBAf3Lv+z2zZy9lTM8uLK4N0H7o+Zx/WubU0JNGjmLDxmYgxmsvLCbdcRBXjT2dTpk72bi6CrKgAYCOlJ59ESP6dtl2dGbNCiCYtf1oTSrAlqJRfPfzxxECAqf04eF7HuetFesZXRjZ8zayto+VWlfGq2sCHHXqFVxSmjn6NLiwPX+YPI9XK07kwr65mW31OIVvXfYZOgCBE4r4/X3PsnFTAgo67mK2Gpj70kLSOf258rtn0hmAEbx63+95o3WJtQteZjVHcOm1X6FnEGAARR0mM3H666xKDOLID9gfqXVzmbo8yeHDtp9+O/K0kVStqCOHDoz6zvcZtW3pBAXJ+3h++ZusSZxIMWv2uH9mvVjBlrwT+eblJxICji8tYvJdD/PqS4s47vLPbIvXrbasW8Dzy5O0H3g+V3+2OBNpI/ox/vePty6x59fL6D47j7l1R+e2PTW29duty9bXrmcLg/jC50/PHCUdPpKGjXFCwNqymcToyFnfvJJ+EYBSuj07nn8u+BfvjOjVOueSJEmS4beDAC0kWz8uPpDYxDtN0G7VVO6+e+uHvjfT3Aw0NdAU6k+vCMxf8Bi/X9WLvr170LOwN30LOxNI1LC2Cbp8ZkAmyFp1OrKwNZmSbMk5lpPaRN/udMw7nK1nLqZDXekegXfWrKEp0e0DtrFdS3M90JGhx24/5TB05NEUMI9319ZC38zpoB0KurPtRMdQmA7AytW10Gfn8AskalgZh07DBrZGH7DDcbwk1as3ESDJo+PvJmfrDDY3Ax33an+0NDcCHTl5eNv3XHag8OjMo6xdNpNnnp/Nuuadeyod6rLn/ZOGHoOKt89tVneGDWnPijcaaG4TXtueTWNmRk/4TK9dv3Y+4PWyqzH3Rk5ue9qxiPt+s4LigX3p0a2Qvv0KySJJ9Ts1bOk4nF5tzpstGngMgaXzea8uSc/Olp8kSZIMv51t3kANEM3NgdYTBjv1O4WTekVIpdqc8pjbmRAdGHXFV2j/6mzeWvk25XNXUj73NWYOvYj/ODEAQLR9zp7D5kPHQAstzTvOygdtY3sKbbuWyrbbgm3u2xq+77fbxxfMoT0Q2+1HYbTQsKmZdM7RnH56P7Lazh+5FHyIJ561izpOrZ3JxKdmk87rz+fOHkC3LnlsWTOdB55ZvS0QP2j/hHNzdrGdrF3HeFYa6EgklLXH+dn962U3L4BdjNH2564nfYlLcmcxd2kly8vnsrx8Lq+80IcrvvdZGjbvaszMoE3NW/zTQ5IkSYYfZO/4D/zkezz70Is0k8PQ/l0g+B7tgXcac+nbt+/O/2BvSZLIOoLhnz2f4QDUMeeR+5j+RhX1I3oTBJa/sZqWAfnbt9OSpCXrQx6FaVM9gZZa3muCYElXQllZH3Ib9ax4ZzNFR7d+7EC8NXI77Dkcd/uJHFtaMvelWnYOUwBCFBZ14N8LNpPfpy89s94XsEDqAzs3ANTz5qp6itocdWxJttDSkgQ6cuHlZ9K79ek25bTJqz3unxLaA8veWg0Dtn7sRAMr3twMe5yOela910TvwtbL1zS3bJ+f1hDe7etlF9KhjnQLwJtt57ClzZi0kGiAo0pHclTpSABqFj/DAy+s4L14sHV+1xJrgW6t81u3fh3Qka55uf7pIUmSpEM7/FJpCDS/w4LFEXKbNlO7bgULlmYu+jHg7CsY2CmLNN0ZMewwHpk7lfGPb2L08GI6ttSzfN403gifwbdO28Kf7vkHJSPOZmDvLmQ11vBuTQBycskK9uTkoZ14YsFUHnwRTh/chYa1S3nupeWc8e2xdNjrZ5+moeLfzCsYzBHhZhZPe5o1BBg5uCfpYPZebyP3yAEUB+azcMokohefR3F4A69OeZFmOnLyoK5sPbrZ9CHmMB3sydDiIM+XP8E/Djub0iNg8bSnWdIUYGtKdT92GIEFM5j0x0mMOP14jjosi9p3FvH8ays49+rvUtgS2OM2co88luLAPN546kFCZ3+OfofB6sUzmFbejasuzQbq+dfU+eQOKWDTynk8/3olkE8LEEi+vYf9053hQ9uzZsHz/OPfuZxaEuXtOf9kThyKzzh2l0fnQkeU0IP5LHzqH3Q6+yTyN1fy4gvz2HrZlnTWnl8v15y1q1NED+OwvDQt5S8ys+fn6JZazfQXZrP9UjAJXpswnsreJ/LZ43qTH27hnXfeBXJoH8yie9+hBBbM5LHHXuWizw0k8G4ZT0xfy5aCU+gR8g8PSZIkHeLhFwpCpSYlBwAAIABJREFUoHk1r73QelpgTke6Fw/lMyefSO/O2//F3GPkVziHp3l67hyeWjWn9dYcBpxxGOngFgYUBJn/2jMsfq31H/8d+3DRpcMJAb1Ou4zTU48ztXwqD5Vn7g8WHEfnICQI7vLIUlb2jkfqsgMQqF/J9Ge2XqUxQul5lzCsIDMte9pGcoexDufcr5/LlL/9kxmT7yfzDrR8Rl56Kb3bBELHXZxT2T539+9CHHDWxbzzl4dZ8tozVALBHr3oGFu17ezR7IJhjL0Ypjw1g5nPrGZm63qdik6kcwiywpk8zcrazTayDufc/7iApx+bwrxnJjOv9eZew04kemQ3RhW/yStLX2HS0szz6devC0uWtsu8xy942AfsnysYlXiEV157ksrW+wtPuIjzBuTvJnS7c97FJ/PnyTOZPmUSAEUDi2kuX77t8e/p9bJrQY773KmUPzSD2c9MBqCgqAesWrP1lUpRaSGL5s5iyvJZ28YbcvZl9O4AdDieK85o4IEX5jDpz5ntbSk4jq9e9hnsPkmSJB1MAul0Or2vBiuveIsN71Z/+BVbkjQkmsnKyiEUCr7vrgSJ5hYghw4dgrtdNycnRPBDfdJ3glfvu4c3jrmMa0Z2JZFIkhUK7fo9d3u9jRYa4pvZAoQiEfbNpT9ax2wXJNIhtNtlEg0JWsgiJxT6SB94nkwkaG6BUIfQDqfoJhriJGlH+w4ddvnevA/aP8mGzIVXyArRIbQXD6wlQTyepF2H9nTY3RPZw+tlj2OG2u/6MbQkSSRboKWFrA4ddt5vLQnimxPQLrSHfSBJkiTtH527dmdg35KPNUb2AfFMsoK7jjogKxiiQ/CjrfuBmqGpqRnIIrSnKNnrbWTRIRLZ15OzF2NmEerQ4WNtJbib6A11iOzx6NYH7Z/grkJqj08lRKRT6CO/Xj7SmFlBQnt6b2hWiEjE4JMkSdLBq92h+9SzyC8pZEhRvq8CSZIkSZ9q+/xUz497CFKSJEmStG87q53TKEmSJEmfboafJEmSJBl+kiRJkiTDT5IkSZJk+EmSJEmSDD9JkiRJkuEnSZIkSTL8JEmSJEmGnyRJkiQZfpIkSZIkw0+SJEmSdHDIdgqkA9sNN9zgJEiSDil33HGHkyAZftKhpaSkhLFjxzoRkqRDwoQJE5wEaT/wVE8dIlLE43FSToQkSZIMP+nT6Y3xFxCNRvnRc+9+4LJv3f8ffHHiG06aJEmSDD/p4LGKB//zGQKD4FfjXyD+vnvj1ZVUVFRSE08ACarfeY1H3qkhFo8Ri289RpigqqKc8vLKHdZPxWMkMt8Ri8VItC4eq6qkvLycVTWJHbYVq66iorKqdVvbBiEWi3k0UpIkSYaf9FE1lz/Dz1v+m6VPvghTvsbsGrbF3Mu3n0e0RzH9+hVTEA3z68l/4bRxb8LNp5EfzeecvyyGxFK+HwpT1G8Qlw8uJhr8AYta62/xX4YTbjeEwe2C5Ofnc+e8d3n+tpHkFxXzve99hV4FYX4xbS1Qy/3XBMjvUUS/4iIKomHunF8PQMOiu8nPz2du3H0lSZIkw0/6SP718Hco+tklHFM4iolj4NdPv5UJrvI/MvqmbGatS5FOp4kvn8uoYVew+K6TKfqfBaTTaf513RAW3vdN7vzCQ9Sl05RtaWTyVb9h8G9nAhDMLYGsE/nNkmpqa2sZm/s4Z956LEuSaaZNW8TGGT/hR+dMZn3l01w5Hp6uTZNOp0msWcJFvUIAZHcezi23TqRr0H0lSZIkw0/68BJl/Pl2GFMQo6JiKR2H9+W5a56kBlg1byqcfxnDumQB0LF3KaWFHUnuMEAd//7LTC4963giAIQ46cIb4fEFxIFk8yYKf/1dxvTtRl5eHhuWzIfUvXyxdDCBwYPpNPIWSM5hbf5grs6BczoPYeyPfsWT7+RyZF7morq5hWO4edzXKAq5uyRJkrR/+HEO+lTbMOcJHkjBaVNu5du/bQdFXaHphzxfeS3DM123a20jLB/qmrfnYLJ5PdBz28+BRJtUbF4Loycw9ekryG5sBLLJDoeJhLK5t2EDV894jTkz/8mlJ/Tmhy9Vc/vobu4kSZIk7Xce8dOnWIIX7ryFE+5dzLQpLzNt4UtMm/Iij10BN09eRNEpn4dpX+Lh+euBFCtefZQp5RsJAqvmVFCTShCPt2fUN77Ic799lOVxILGKKXf9mROvGdF6BHBHvU/5Ikwby9//VU0kL4/2rOb5h1/i3YpJ/HLScvqNPp+x437GbWGoejdzgZemikmMGvpjlibcY5IkSTL8pA/ZfYv50z/gv87r2+bGbEZ98yes/O+Hebvwa8z/+7VcUdqFQCBI75GX0tw+TPH5NzD6wS9REAwz6I+LKfny75h4woP0iQYIhHtxXbcJPHrVEADe/7a8rN5XUPGPX3D9mN4EAwFC+f25qSxJOJzDi1ccTzgQIBA4gnFn3MZPz+sFQDK5nulls9iUdJdJkiRp/wik0+n0vhqsvOItBvYtcVZ1cEkliDdCOBJqc+5zgnh8x9sSsRiNZJOXF9m7MeNJgpEIoTYnVCcScZLJIJHI3r+hb8KECYwdO9b9JEk6JPj3nrR/Osv3+EnZISI7tdzOt4Xy8gh9mDHzdl46FIoQ8iIukiRJ+oR5qqckSZIkGX6SJEmSJMNPkiRJkmT4SZIkSZIMP0mSJEmS4SdJkiRJMvwkSZIkSYafJEmSJBl+kiRJkiTDT5IkSZJk+EmSJEmSDD9JkiRJkuEnSZIkSTL8JEmSJEmGnyRJkiQZfpIkSZIkw0+SJEmSZPhJkiRJkgw/SZIkSZLhJ0mSJEky/CRJkiRJhp8kSZIkyfCTJEmSJMNPkiRJkmT4SZIkSZIMP0mSJEmS4SdJkiRJMvwkSZIkSYafJEmSJMnwkyRJkiTDT5IkSZJk+EmSJEmSDD9JkiRJkuEnSZIkSTL8JEmSJEmGnyRJkiTJ8JMkSZIkw0+SJEmSZPhJkiRJkgw/SZIkSZLhJ0mSJEky/CRJkiRJhp8kSZIkyfCTJEmSJBl+kiRJkmT4SZIkSZIMP0mSJEmS4SdJkiRJMvwkSZIkSYafJEmSJMnwkyRJkiQZfpIkSZJk+EmSJEmSDD9JkiRJkuEnSZIkSTL8JEmSJEmGnyRJkiTJ8JMkSZIkfbBsp0A68E2YMMFJkCRJkuEnfVqNHTvWSZAkSdLH4qmekiRJkmT4SZIkSZIMP0mSJEmS4SdJkiRJMvwkSZIkSfuBV/WUDnA33HCDkyBJOqTccccdToJk+Ek7SsTjJN93WzAYJhT6pF7etcx+7g2OPv0UuuyHTZaUlPiRDpKkQ4afXSvtH57qqYNcHX+9KEo0uuNX/7sWfEAtljF2zPdZmtoX5fkmJ5w1kqWN7g1JkiQZftL+UQs/mVFNOtlIY2Pma8n3hwIQj8UBiFVVUl5eSbx1labaGma/fCdvVW0kHouRarMsqTixWJwUKWI11VRWVlJZVU3i/b1XU0VFRSVr32tgYNZoclpvj8dqqKqspLKyitj7VopVV1FRWUVNvM0dqTix1scgSZIkGX7SbgUhO5vs1q9QdjZQx0NjogQCAfKLihk0qJjomDuopo77v/pZFqXhwuI8ood/g7nxOBPHRAkMHkMgGCW/8ym89uqvyC/oQXFxMcVFPQgHf8Ci1jZc8eQthAuK6NevmO5Fn6U8HSUIEJ/FiM4FFBUXU1xcRH77IfytvB6o5f5rAuT3KKJfcREF0TB3zq8HoGHR3eTn5zM37l6UJEmS4SftUm4h3DKyC4FAkGAw83XSXQszd+bDF+99lcZ0mtSap+Hlv7E8FmXsP+dwWvZoZtWlSbc8wQmRNLn5wAmXsXRNLbUbXmXEZ75LXWOSdDpNqraM67N+w9NLNkKijB98/qfcOaOadDpNuvYVBgbqMu8zjAzltU2NmduTG5g8toybn11KU+XTXDkenq5Nk06nSaxZwkW9QgBkdx7OLbdOpGvQfSlJkiTDT9qlpiq48aVKGutqqa3NfD399QGZ+2ph+ElDCAFZBSVcn1PGzJUbdz1OLfzmu1+jb/c88vIiZDe+xe++FCQQCJCdP5g7myAUhPplM5nCV/ncid0yK4Y7cHhg6yh1vPDbLxAIBAgEO3PxeOgbCpLbYxBX58A5nYcw9ke/4sl3cjkyL7s1XMdw87ivURRyX0qSJMnwk3YdbECnTgWEInnk5bV+RbZfXjORbH33XHYBffvvuG7wfUfZEsmtV2hJMPl7wxhX8BBrGpOk042MH8pO7/PLjLt9kJUPfo9Lbi1h7ro60uk0i+86maUJIDSYexs2MH/qrQwLL+PSE3rzo2lr3XmSJEky/KS9kQtUr15DrKaa6urMV008tdtI3CqwZRply9aTiMd3GXT1cTi6d08KQrC2/EkeKYMQ0LHPyVzIX/nHjDeJx2v496SHeHlLFIBkcx0c242ueRGaqufxxJSZdAtBfcUkfjlpOf1Gn8/YcT/jtjBUvZvZalPFJEYN/XEmECVJkiTDT9pZZADcfUFf8gt60KNH5uuCvyzeFoXvj8RQMBtCA7jxp6dw1aAuhA+7kIXxwPuWDXHO/7mHFf81gmAgSPfBP2faFoBsCA3m14//lJvG9CUaLeCbk2YDEARKLvgxV7zxQ44MBgj1GMa4adApF4LhHF684njCgQCBwBGMO+M2fnper0wsJtczvWwWm5LuS0mSJO0fgXQ6nd5Xg5VXvMXAviXOqg4aiUQcssOtVwHd1QJxYo2QlxfZ6a5UPEacMHmR9785L0EsliScFyG0i+0lk0Eikb1/Q9+ECRP8AHdJ0iHDv/ek/dNZ2U6jDmWhUOQDFoiQt5tGy47kkbfrlcjbzUqhUISQF3GRJEnSJ8xTPSVJkiTJ8JMkSZIkGX6SJEmSJMNPkiRJkmT4SZIkSZIMP0mSJEmS4SdJkiRJMvwkSZIkyfCTJEmSJBl+kiRJkiTDT5IkSZJk+EmSJEmSDD9JkiRJkuEnSZIkSTL8JEmSJMnwkyRJkiQZfpIkSZIkw0+SJEmSZPhJkiRJkgw/SZIkSZLhJ0mSJEky/CRJkiRJhp8kSZIkGX6SJEmSJMNPkiRJkmT4SZIkSZIMP0mSJEmS4SdJkiRJMvwkSZIkSYafJEmSJBl+kiRJkiTDT5IkSZJk+EmSJEmSDD9JkiRJkuEnSZIkSTL8JEmSJEmGnyRJkiQZfpIkSZIkw0+SJEmSZPhJkiRJkgw/SZIkSZLhJ0mSJEky/CRJkiRJhp8kSZIkyfCTJEmSJMNPkiRJkmT4SZIkSZIMP0mSJEmS4SdJkiRJMvwkSZIkSYafJEmSJMnwkyRJkiTDT5IkSZJk+EmSJEmSDD9JkiRJkuEnSZIkSTL8JEmSJEmGnyRJkiTJ8JMkSZKkQ162UyAd+CZMmOAkSJIkyfCTPq3Gjh3rJEiSJOlj8VRPSZIkSTL8JEmSJEmGnyRJkiTJ8JMkSZIk/e/w4i7SAe6GG25wEiRJh5Q77rjDSZAMP+mjSlFTvYbNySDR/HzyIqEPXP7NaVNpGvhZBnXJIh6LEYzkEdrpt6aW2c+9wdGnn0KX/fAbVVJS4pU9JUmHDD/CSNo/PNVTh4SW6hlckxukoEcRRUU9yI+GCQR/wNLEntbazJPnn8XkFXGglnt75nPzvI07L5Z4kxPOGsnSRudZkiRJByaP+OkQUMffvnoq47/9FLV3nkse0BRbzuQ/PM7mJBBKEatZR21dI2SH6VHYna3HAkMlkAoCRLmybDn06LS992qqWLUhxWHhBgZmjSan9fZ4rIba2jpSZJPfo5C8NgcWY9VVvNcInQuOoMvWI46pOLF4ikhenr+QkiRJ2i884qdDQhPQO78jkdafc/OK+fKPb6Q0Ag3zf0V+QQ+Ki4spLupBOPgDFsXfP8JmHh5SzB+WZI74rXjyFsIFRfTrV0z3os9Sno4SBIjPYkTnAoqKiykuLiK//RD+Vl4P1HL/NQHyexTRr7iIgmiYO+fXA9Cw6G7y8/OZG3c/SZIkyfCTPqIoZ97wEypvPo1gIMAFV3yf3018iqWxFAAd+n+XusYk6XSaVG0Z12f9hqeX7HxKZ24fyAVIlPGDz/+UO2dUk06nSde+wsBAHUmAyFBe29SYuT25gcljy7j52aU0VT7NlePh6do06XSaxJolXNQrc8Qvu/Nwbrl1Il2D7ilJkiQZftJHdtSZPyWxbhkznn2U00u28ORV59P/8C/wegxofIvffSlIIBAgO38wdzZBaBcR1tT63/plM5nCV/ncid0yN4Q7cHhg61J1vPDbLxAIBAgEO3PxeOgbCpLbYxBX58A5nYcw9ke/4sl3cjkyL3NiZ27hGG4e9zWKQu4nSZIkGX7Sx5LbpZhTzryEa8f9lpca/sWg9BReX/kuk783jHEFD7GmMUk63cj4oZD4MANnb6/ElQ9+j0tuLWHuujrS6TSL7zo5cwGZ0GDubdjA/Km3Miy8jEtP6M2Ppq11p0iSJMnwk/aNWn5/0YXcO20xNfEEqVScN1+ZzqI0FHXtSH0cju7dk4IQrC1/kkfKYE8H3zr2OZkL+Sv/mPEm8XgN/570EC9viQKQbK6DY7vRNS9CU/U8npgyk24hqK+YxC8nLaff6PMZO+5n3BaGqnczedlUMYlRQ3/8AVcYlSRJkj46LyKoQ0CUoWcWcsqYgXxr602B0fy/GVVc2L0j6//PPVx5wgiC/wUEBkMaziUb2EIuUN+6yrbvQ4P59eM/pfeYvtwEDLpgFNCJIFBywY+54psncWTwh9u2ftalEAzn8OIVx3PTV1pvvOA2lpzXKxOLyfVML5vFpiR7Lk5JkiTpIwqk0+n0vhqsvOItBvYtcVZ1gEqRiDeSBMKRyI7/1yMRJ9YIeXmRvR8tHiNOeBcfBJ8gFksSzovs1HGJRJxkMkgksveFN2HCBD/AXZJ0yPDvPWn/dJZH/HQIySYUiez6oFoossPn7e3VaJE88nZ5T4i83QwWCkUIeVRPkiRJnzDf4ydJkiRJhp8kSZIkyfCTJEmSJBl+kiRJkiTDT5IkSZJk+EmSJEmSDD9JkiRJkuEnSZIkSYafJEmSJMnwkyRJkiQZfpIkSZIkw0+SJEmSZPhJkiRJkgw/SZIkSZLhJ0mSJEmGnyRJkiTJ8JMkSZIkGX6SJEmSJMNPkiRJkmT4SZIkSZIMP0mSJEmS4SdJkiRJMvwkSZIkyfCTJEmSJBl+kiRJkiTDT5IkSZJk+EmSJEmSDD9JkiRJkuEnSZIkSTL8JEmSJMnwkyRJkiQZfpIkSZIkw0/6/+zdeXwU9eH/8dcmu2QD2UBAUEAFCiiogAfeioonXqD1rlbtIR7Vatuvtlptq1ar9edZLdDWar2KR0U8sB4IeCDKIQQhIuGKgCaShGxCNtlN5vfHJoFwCRItwuv5aIq7M/OZz3xmdmff+/nMrCRJkiSDnyRJkiTJ4CdJkiRJMvhJkiRJkgx+kiRJkmTwkyRJkiQZ/CRJkiRJBj9JkiRJksFPkiRJkmTwkyRJkiQZ/CRJkiRJmyFsE3x9QRDYCPpWjjOPNUmS5z1tiVAoZCNs5+zxM/RJkiTJz64y+MkXjiRJkvwMq+8yh3r6IpEkSdJ2+rnWIaAGPwOdJEmS5OdhA+I2IsODXJIkSZKfnQ1+kiRJkiSD33eL31hIkiRJfobenoQ9OCVJkiRtyedrrwE0+G3Toc9gqW3peJYkyfPetuubDmZBEBj+DH6+GUmSJElbw+dXw5nBz2BmwJMkSdJ2EgDX1hKB0F4/g99WH/AMfJIkSTIQbnkA9BpAg99WGc4MeJIkSdI3H9zsDTT4fW0tceB48Om7cqxnZPiTm5Ikz3uStsPgJ21PRo0aZSNIkiTJ4Cdtqy655BIbQZIkSVvEfnRJkiRJMvhJkiRJkgx+kiRJkiSDnyRJkiTpf8Obu0hbuV/96lc2giRpu3LXXXfZCJLBT9q+7Lbbbt7ZU5K03fAnjKRvhkM9t2OJeJx4w18iteXl1ZXMYtz42aRavKYpFrw9nlklie9U+6biZcQTKQ80SZIkGfz0v1LBv07LJTc3/ZcdCTHomkdZugU5JVH0Miee+CrxFq/rKp4bcjTPLfhuBb/Z97Un9+YZHmqSJEky+Ol/qBR+N6mEIEhSNv9lIvdfxI2vFK0xQ4plBfnk5xewdmdb2bJCCgoKKSkroyzeMDEShVC0YfxwirKSZRQWFlK4eBlrR7ayZYspKFxMSXwjYS5RTGFBActKigGIRtaoWdky8vPzmbu4fIOLp+JlJIBE2SIK8gtYulYi3XAZCZYVFlBQuIyysua9domSxeRPz2f+snXjbbyxTRq2qefwRSy8pl+z7SnIz6egcNnaFaWsrAz7BiVJkmTwU4urAbLaRIEw7XoOZlhrWF5a3RBS5nPrPhG67nEBV5/fl06tj+aNZXVAghdv6Ev7rr3o27cXndq3p/2gv1O2VtlV0/9M+05d6dWrF726dyU78ktmxdNp89FLQ7Tv2p2+vbrTKTebe6ZXrlu3xWMY0HpHevXtS9dOvbm2CqIN05a8+nsi7bty/s9/zh7d8zjszgnrDU2zHzmF7FCI7PY96Nu/Lzu3bdyGjZSRmMsN2dl07dWXvr260r59e44fNRuAec9eRXan7vS/+Hx6d83lx0/ObgqKb915CrmNbdKwTYWPHEuPEfkAVBY8TSh7R/qefz59e3UlNPw/TT2jVbP+Qvv27Zka95iUJEmSwU8tLAtYvuBTli0u4K1Hfs9VlXDxUd0A+PjRC7lxr+eorv+IN2cGfHDzeH76eD61+Q9z6h0HMLk4RRAElL9/G7DuXYLa7PEzKqqTBEFAqnQm12TezctzyqkpfJmLRsLLpQFBEJBYOofTekTXWjrBv398Gjn3vkMyCAiCL7izDelew8RULj7pDzw2P8HM8eMJSifw7q+vXm9oirRqC0NHsbA6IAg+4/qs8bxTWLbRMj5+9CfcdvwoioN0/T64szfLE0B8Kped/QCPzY0TzJxJYv5oHj7/fN4ogar8vzL4N+GmNonPn8qgDhCJdqJ7VgSo4MnzzubsJ/IJZs4kqJ7D8Ee+z11T0j2N4Q4H8IebH2GniMekJEmSDH5q6eDXDR44c1+6du/L4Ivv4Io3SzirWxZQwax334PHv8+BAwYwYMAADrgRFk2exUfvPQGnDGHvjpnp0NI6CgXrKbx6HvedGyEUChFuP4B7atJDNbO69md4Kzipw95ccv2fGVuUxc55a8XGxCe8ORF+dNzAhkAZpe1u6UmVn37A+Hq44PQDGJC5NwM6HAnBTKYvWrfXMFm7km6DD6F7FGBHDr4QHp382QbLmLHoc9595j1OOOsIOjaU0TraCYCqT99mfMalHNQrJ912PQ/l+qyZfLignEXT3oBTz2ZgQ5vk9NyP/brlkGysSHweo2fCyQf2Tj+O9uWcK+BfUxY17IejuenGCxvqKUmSJBn81IIqFsMfpyUIgpU8ORwePOFe5jeMmayNw5ARM5gy5R0mTJhAaUUF1U+dR5usdlBR21RGdiRYT8kJnvv5QG7s9BRLq5MEQTUj92nosYsOYETVCqa/cTMDsz/lrIN6cv345c0XD7ehdbMjs9VaR+0wJr/xDu98+RYTVpRSUVHNJf1y1ruNoURj/ArTY89DN1rGT/u1JgsoX6P3sLETLtx2BwhWrQ5zJFlRn54hAlCxkYZuKGR1q6WoXOXxJ0mSJIOfviUhqoFczh2xkFv2/CO9z/gbZeQy6AdnM+7yP/Du0jry8mKEimfw3GuF9Dn8HBh/ISNencHsKS/wqyt+CcdnrVNuZRy+13MXOkVhef5YRs9MX6NXWfA0f3p6Pn0Hn8olN97KLdmw+PO1bvAS7sS+h8M/x06gJB5nwZRnm5bP6Xscw8NjuOWpqaRiMWLZST568T98ugnXxzWGtg2XkcugS8/m/Sv+yAvT8/lg7Aguu/pd+kYhq9t+DONfjH5jAQBLxv+bkalhHNe7Hd0PPx3Gn8u/p39J+qcnnmFM/ho3jInuxU+Gwu1PTiQO1CyeyD1/g6uO6gVATcHTHLnPb5mb8HiUJEmSwU8tLKv9mo+689vxU7ng5UvY/5YJ9DjjIcbe3ppjeuURCkXI63UE79e2IrPnBRSMu51/nrgv/YaPo/Px59Hs9xv6AEQ56dcPseC6w4iEInQZcBvj6wHCRLJb8foFB5IdChEK7ciNx93C70/psVbNcjnvL6PJ+s0JdMrNpecl/+TLIL084V7cNfN5OvxyMO0jESLZOzLozjmru+bWEFnP452ikY2W0eOMUbx6WyuG7defi5/5kqPOg/JEEsJ78NBbD/GHIT0JhUJ0O/o3PDThIfaLQaueFzL9iSu5YL+OhEIReg46i9rW2en1R9P/d9bIyRx96/HkhkJEux9Dp4fe5sqGXspk8ksmzpzMyqTHpCRJkr4ZoSAIgpYqLL9gHv367GarbkNSiTjVSciOxdb4mYY42R3ziJJgwq17c1TRXSRHnrzODV5IxCmrhry82DrlJhJxkskIsdhGLmxLxSmLQywvtm7ZpIjHqyGSTSwa/rpbt24ZqTglceiYF4PUIm7N7cGCfy3h4TN2aWwQyuLVhGN5xMLrNBbxasiORQlvYH1lZXEIx8iLbXqdR40axSWXXOLBKEnaLnjek76ZnBW2GbXRAyQao3k2W8Xjx7fnqsbfJQ9fysRlQ9Z/IEVj5G0g10WjMaJfdTOTcIy8vA0furFYbEu3bt0yqmdzTIdDmNX4dcj5o1jaGPrSDULehjYqHGXjVQqTt+ENkiRJkr65z/U2gTZPLld+UM35ZaVUJyN06tJx2zqIYgczbVUFZaVxkpEYXTrG3OWSJEky+Gl7PGqi5HXsQt42u3kxOnYx8EmSJGnb4c1dJEmSJMngJ0mSJEky+EmSJEmSDH6SJEmSJIOfJEmSJMngJ0mSJEky+EmSJEmSDH6SJEmSZPCTJEmSJBn8JEk4I2rGAAAgAElEQVSSJEkGP0mSJEmSwU+SJEmSZPCTJEmSJBn8JEmSJEkGP0mSJEky+EmSJEmSDH6SJEmSJIOfJEmSJMngJ0mSJEky+EmSJEmSDH6SJEmSJIOfJEmSJMngJ0mSJEkGP0mSJEmSwU+SJEmSZPCTJEmSJBn8JEmSJEkGP0mSJEmSwU+SJEmSZPCTJEmSJIOfJEmSJMngJ0mSJEky+EmSJEmSDH6SJEmSJIOfJEmSJMngJ0mSJEky+EmSJEmSwU+SJEmSZPCTJEmSJBn8JEmSJEkGP0mSJEmSwU+SJEmSZPCTJEmSJBn8JEmSJEkGP0mSJEky+EmSJEmSDH6SJEmSJIOfJEmSJMngJ0mSJEky+EmSJEmSDH6SJEmSJIOfJEmSJBn8JEmSJEkGP0mSJEmSwU+SJEmSZPCTJEmSJH1bwjaBtPUbNWqUjSBJkiSDn7StuuSSS2wESZIkbRGHekqSJEmSwU+SJEmSZPCTJEmSJBn8JEmSJEkGP0mSJEmSwU+SJEmSZPCTJEmSJBn8JEmSJMngtwWCILBVJUmSJGkrylctGvwikTA1tbXuHUmSJElqATW1tbSKRLau4NcuN5fiL0vdO5IkSZLUAoq/LKVtbmzrCn6dOrSnNplkydLlJGpqHPYpSZIkSZspCAISNTUsWbqc2mSSTh3ab3GZoaCF01l9fT3FK0pZWRGnNpl0r0mSJEnSZmoVidA2N0anDu3JyNjy/roWD36SJEmSpK2LP+cgSZIkSQY/SZIkSZLBT5IkSZJk8JMkSZIkGfwkSZIkSQY/SZIkSZLBT5IkSZJk8JMkSZIkg58kSZIkyeAnSZIkSTL4SZIkSZIMfpIkSZKkb1q4pQusr6+neEUpKyvi1CaTtrAkSZIkbaZWkQhtc2N06tCejIwt768LBUEQtGTomzRpkntJkiRJklrIoEGDtjj8tehQz+IVpe4VSZIkSdrKclaLBr/yigr3iiRJkiS1oJUV8a0r+CWTqfS/iSqqqhr/EiTrvqMNvGAK4z9YSPpKxSTx8nLiiU24bjGZoLy8nISXOEqSJEnaQi1x75Rwy1crwfuPjeTDtUJpl37HM+zYPYl+l4Lf4ilM/6g/Bx7Qg1aJJfzt4Reo63sa/zekx0aXqymayMNjPmb3YZdy0vdae6RKkiRJ+p8KfyOFRgKCVrtx2vcPpFVtKfPfn8j0/P/yRJt2/PiQrt+ZxmmV1QYimWQCQWQnvn/KKWS27/zV27/jQE45pTcduxj6JEmSJG2jwQ8gaNWOLp07EaUTO3frQuKevzN79gISh3QlPvM1Jq38Hsftk0X++7P5PJ6k9xFD6NcBFn7wOq+/U0Al0KZTf445+Qh6tos0lJpk4bS3mDBtHlW1rejYpQe773cAe3drC1Tx8Vuv8taMxdQCHXsdzIlDDqZDJL3cx6+PZXGbXuycWsT7swqpJIe9jzyVwXvt1FTn+vgiJr0+ntmLymnVqRMUr4SchomZrUh8NofP6zqwc4eGfsvEF0x+6y2mzV0GOZ3YpcfuHHz4vrRPFDM3fxFBx11oF03XvfTTd3nlrRkUV9YSyevBkSccR7/ObQBIFecz9q3P6DlgF4pnfkj+0jIieb05/tQT2K3DGtu+kbZZtTyfiZOmUri0ilZ57dhx59054JB96dwm06NckiRJ2s79T37AvXZlEYunjuVvf3uG9/PnsmjRfEqrU3w8dgTPv1NAh30O47ijD6JN8SzGPPw0RQmAOmaNHcHzE2dTu8Pu9N9zF1YtyufN5yZTRYIPR4/gvzMWs0O/gzhsYF9K5k/mkQdeZQXpZUs/W0TB+2/yxtQv2Gn3vnSiko9ee5IpxenrEkPJIp7523+YvmgVu/YbSI8OYWqb1bqO4jmFfFRUmZ4/UcToh55g8txl7LrPQey5U4TC/Ld5r6iGuspi5i+ay2cr02NxV85+hUdenEJZ614cdthBdKpayOtPjWTK8pp0ydWlLFo6lzdfeY1Zybb069udZNmnvPjom5Q3rHtjbROKz+Xhp15nzsp29D/sAHrvFKYw/22mLKvxCJckSZL0zfX4hSqrqEomIVFB4dRXmBNAp72+t8Y1fjnsd+JpHNanI5lAffFU7p2fZPdTLuGk3ulutn69duCBkS8x74saOmd/xBvzk+ww8Ax+OGhXAAYdNYjFCyrIKJ7J20tD7HrEBZyxX0cABnRrzYPPTePtgoMZ1icLUiHqux7OZWfvTxsgdFB3HvjbOMpXJqBTDsUz3mEpcOBZP+XQnbMA2KPNCJ6atcZGtYKshhZbPv0tltKKQedfysBO6ScHxZdTXBeByjV/GrGMya8XUJ93MD89/2CiwIH7dee5+//N22/OYt/z94fM9Pw9jz6PoQPSPZB7d3iKx95ZwooE5FbM4L8baZtOLKMWOOiUoRzaOQM4gKOOKmdFXZZHuCRJkqRvMPgxh0cfmNP0uHWvI/l+0/V9Sepb7ckhDaEPIFmb7kn75MVHWNiq4cnaWmqBRUu/5LBdq4EcDj1g1zXW0oZu32tDzWdzgBz22bNj05Tozt+jE9P4fHkp9Elfl9emUxfaNM2QTRtg4Wel0Dub4s+XUt9qIPvtvClhKUnRghLqcw5gr06rmzAz1pnOQE3lGu2QWMnyALr279UUeoPMLgzcuzULPq6ido2d0K5DXtNyeV06A3EyN6Ftjtq9AwBTnrqXhd378r1uu9Bjt93pHHOYpyRJkqRv9Bq/3pw6bCDZQHbbPDrE1r2fZx0QafZMKwYefQydMlOkGqoXJkVGu7arw9V6s0zmeqZlNpSduUYYXfd3JSINQa70iwzY5Ovh6jb7pxqys1o1r3Fmum5rrrGurq5Z27CJbZPRoSuXnpvJxMlzKFo0l/cXzeX9ia9x4FlXNPVeSpIkSTL4fQPBrx3dd+68VrD7KrWkYrvSZ62fQKirg9RnIaCSTxZV0r13zuppTT8SWMmColV0b1w2voISILdNq42uMZ3fonTr1ZoPZnxJBTT1zNXW1G5gqSjdurfhgxlL+DwJ3SOr41qybq3wmNmK1sCn8z6DvRoDbBULPlkFrVqmbeqSCbI692PI6f0ASK34iBGPjmdafhGH7tzLo1ySJEnazn0jN3dJBY0xaNNl7TyAPbLgozEjeOW92Xy2fDmLC6Yx+u67eXXxKrJ23pNeIfj4xSeZWLCY4uWLmf76Y9zzwFukdt6LXiH4aMzTTF28gvLieYx9+nVqyeHQ/qvv2rmxW53s0G03Qixk9Oi3WfDZYqa//m+ez0+xemxoc1367EOIL3ju8Vf5dHkxny2YzYuj7uO1xaugLrQ6AEe6cMA+rclc9F9e+GA+5eXFzHp9NB/Godchm/a7hl/VNqmiidx79/NM+3QxK1asYNnyUmqBdh1yPMIlSZIkfTM9ftEIjV1pGxBZT29XHkN+fA7RF15k+vuvUfB+Q3DK2ZkT20YgcwdO/slQXn52DNNeeY5pDUv1GHgwUXbg5ItPZszjLzHpuUeZBEB7Bp11Fj3XSFY56xkn2jor/Vzr7x3OqfssZeyMDxnz9IdAe7rmBRRtYDvCnQ/kohMTPPvKNF58Kn0tY8COHNc2QmZdOi1mNqyvx1EXcGRiNBPeGUvhO+nlux10Gqfs1T49X6sNBbRWm9Q2EbqwI68z8cWFTGxYomPfYzj9gJ08wiVJkiQRCoIgaKnC8gvmseLzZVtcTjJRRaIOoq2iRCKZ65meoLYOom2iNJ9aR1V8FfVANBbbzGGmDWVXxUnUZxCNtdnE5etIVCUgsxXRaOQryk7fzIXMKG2imS3eNslEIl2jzAjRiDd2kSRJkrYFHXbqQr8+u21RGeGtccMi0Y2Hrkg0uoHpmbSJxbZs3W02NzBmEm3TZhPLbvO1wuimtk0kmu7ejPjakCRJkrSGDJtAkiRJkrZtLd7jd+SRR9qqkiRJktRC8gvmbXEZ9vhJkiRJ0jbO4CdJkiRJBj9JkiRJksFPkiRJkmTwkyRJkiQZ/CRJkiRJBj9JkiRJksFPkiRJkmTwkyRJkiSDnyRJkiTJ4CdJkiRJMvhJkiRJkgx+kiRJkqRvWtgmkCRJ0rZk2rRpNoI2y3777Wfw05YLgoDa2loqKyupqqqipqaGIAi2mvr9dHKvdD1pqFMAoRAEAYRCIYIgoEubgAO6ZnB0jxADOofcqZIkyQ/y8osCg5/WVFtby+eff05tbS077rgjubm5W1X9ehbUp9Ne+n+EmuW6dBhM1Yd4pyigoAQuPwD2NvxJkiRJBj+tVllZSW1tLb17994q65esC9aKeRACMkIh6hp6JkNAm1awvApe+zQw+EmSJEnfId7c5VsKfh07dvzK+RLxEma//SrTFtc0n1A2lyfvv5P7nnyHsm+gfokUJOpCJOpC1NaFqKkLcVKvEI8Oy+Dk3hnUpNLz1NSFCGcGTFzkPpUkSZIMfv9DC1/5E1ff9yaJhsd1y9/l+gsv5T/zqja9kNQyXnlmEuUtVKdVq1bRrl27jc8Un8ol7TvRb9AQXvu8eo1UNpMfdtqDKbkDaPfh4bS/4N9N29ZSqutCVKdoCnhDe4c4ZfcM/t97AafsFmLobhlU14VYlYJkEGJ+eUv19lXy5GWn8dgG9s3nH77M8x9+7qtUkiRJMvg1lygaxzuPXccrRXUAvPf3y3jt46ksX5VqChtFC+ZRVNI8PpUvL6JoeXk6VJUt4KY7fsG7C1aSSKRIJSpJAaQSVCZSkKikZHkRRctLSDWFxQSV6ZmorGxedl1d3VdXPDaQfyUDZt9/UrNgt/A/f+Kx/3uL+y46ngvv+YJbnjuXZwtrWrbNUiESqQxWpTLICMHpe4S4fjyMW5D+9/Q9QoRDUN0wXyK5Vk5eu30AEuUsmDeP5eWpNdfE8qIFLC8vb5gvykHDr+foXds0LVNUVER5uiFZNOHX/HbcHCoTCVKkqGx4PlHZsL5N2ZeSJEmStr1r/GrZh4HHVXPfXycy9PpWjJpxLEe0n0ANQPkMfnnsT5m530BCU6ey73X/4o4zd+XZXw5lRMne9F4+gaKTR3HvDg8B8LvhZzDpovv5QeWtXPzfTEJL5rDTTx7mttAdXPTfXI7K+ZQ3Kofy6n+uJHf2PzjiJ+PpFlrM/F1/xqTnLqKxj29z7uCZTDTvTVv55VS6t7uu4VGUTn2g6Mtq6JnVYm22KhWisYqrUhmc8BQk69I3efnwczjuKaivz2i4yydUpZrXcc6jw5u1zwsnLeHM039P91OOI3/sa5z211e5fJ+V3HLiWTy/0/70W/4hM0LDmfTambx03V/Y77lHaTtvNMPO+wf9Bu3IxEmrGDHuD/z16Syy293O0I8O4P6HhnLjKZcT26We/KJ+jBxzNf8e9tX78qWfe0cvSZK+CQtfuYff/fsTYBUddh7IuVcO54DOWTaMZPD7ltSsov9p/8eBf7mMM08Lccxto+h0xwSWAItef5APzxzJpGv3g8p3GDz4P3w+5Fj+NHEltz9/G8fukkUqlSKc+hW73vtHbhz3HPuEYdZI6HLcZTxz6cFEAfgHLx+7hOLPP6bk54+zoPJK9gaS3Y7n3icuYddoy21OJLRj880DiLRsk8UbevAyQlC/RkZd8/Ga/72idt0yVrdPgmcvvIjeNzzOjcfsSlHfYr7//FyOyr+Tp455kDnXHgSJKZx/6gcAZOWkCy184VaWnXofL940mCgpUoT59U+6cElwB29e2hcqp5PDnlzy4CgO7ZzFomd+skn7UpIkfTMq5k+l8+k38JsjOzL/9Vu5+MKnmPzaRYQrKwnn5BCmYVRQOIdoGNIjf0oglkfndjkNpTQ8F82jc8ec9KiqsjISROncuWP6g2oqQSVRcsLp0T85OVESlZUQbSxX0qbYBm/uUkUisitnDz+EBeVHcN7+nYnHGwLLohKOPKxXQ+RtTbtgEoUcyFM3/4A7TzuUgQMHcsvz8yCVTkLJhrGCQQ0cdVD/htC3jPu/fygn/n4084pX0TqUQwQIUcOugw5q0dCXrkMxQbQx6bUiCyDZwsEvlf5bmUz/W1MPlSkor139eGUSKhqmr73+5u2Topb2lM96iYceeogXF+7GlXuGqazN5YLD+jbG2XXq0P+yZxm+7AEOGziQvU+/nYJySAYroaZxZUnqdz2UAQ3fJG7yvpQkSd+YaF4uOTnZUAvdj+lJDmWMOvpCplSmp8984Afc9sFKqJzNDccdynX33MMPjzmSuz9cCakl/Pm4Qznphj9yxYlHcvKIWcx6dDjHX3Eb9153Lvud/gDLgarZ/+CIg77P6fsfxCEX/ptyynhg8JHpciVtsm3ye5KaZILWh9zEhLegHQkaO6h22rMbzz47jZsPGQxlyygMHcdu0XKq97mc16deQ92C0ex7ziv84rRT6EScZGrNMhseVC7ghSVDeOXDG+nMEmbc9p81Z9ryoAeEalevuMfRF7P4R+MouWpPOpa8w19mDWbUHu1atL1K69I/10AAO0Vg2sXwwzHw2hdw3E7wr6Gwz8PwRV1Dr19yfW2eajqkWlFKqv9ZXDusO5Bi+fIE9TM68OTIV/jJAadROWUis2jTbPmS4gg/GvE8V5Hihcv25+k5V/GjDr0JLVxjZfGapmsqN3VfXnPmHrTzdS5JUouLxFrz8i9/RP6uOSxZsoSaQYMoB7J2Xn2OD2flkB2BVfPH8lL5ubx426/YNQqpFCwafRkPH/Ygc286CEiwfHmKzp03ZVRVinP++ShBtzbuBGl7D35ZDZvWOIqgFZAiTNfBP+fS0Wcy8NgOUFbG8PvH0DH1Gb889SImtssjr6yMYb99irbhHpx5ajY/P2Yge1/+ML/IakPTiPWcPbls0M84ZeCrANSH9uTMhkmxDdQnFNqEu2AmZnJp270ZWQvQkT8MHUXFmJ/Sdt9rePWk4+mU8TgEM/nduMUcFGvZ9oqvka0qUvCXD+DRofDrN+D2Y+DBD2B+9VrpdM03/jXbhyhn3PcPZpz1fQbemt7uva95jL+f/Vt+N/UXDDnonww6rgfE9gMitMppDcDKafcx5Kx3ycsLKImdzuj+bdlll2HscOdw9n1mfx5+5RJax1avZVP3paFPkqRvRjK+ivP+/jy/2LsNUMb9Bx7LiA/3J491x/a03vsy7v7BzZx+2EACunHtow/Ta0UlPzymb9Pnh86dl3H/90/hn22Gcf3p31trVNXha4yqCrPLnnu6A6TNFAo2584jXyG/YB79+uy21W/0+saFb+5Y8cQa49e/yvz582nfvj3t27f/+nWOl1FNjLxYy2f10J/Xfe6WA+G3g+DWSXDjlDUm1EHbaij/w2a2c6qceQtK6dSlPcvf+B1nvno0H404tXn7pRJUJiAnJ/qt7ktJkrT5Zt7/A14ZeB+/OWQH6spnc+2xF9H38ZfIvP4kVt08iSv2DHjhl0MpPOc/XNV7FcXhznTJgUVjfsKQWT/hxZ73M3TaD5l59wmEE8V8On8Gl178No9/eCudWcL1B1zDsPHPsdf8uznrtSN46drGG7alWDhxAuW7Hc4+G7iZzLRp09hvP2/wpk3zXTheWiJnbZcfjaM5OZv03OaWsSE5OTl89tlnWxT8orE8ot9Ug9QBa8X/G9+FGycD9aTHgTZOr4Sz+nyNNkqt4IU/Due1ZSHa9DuD5+46dd2DLxxlM3dDi+xLSZK0+SKx1jx31Qk81/D45Ov+wUW778Tnl53MsAuP4J+0B1Zy8QVh6ooncep5fyYvL4/Sslz++GQ/eu12FzdMv4CDBt4NlHLodSO5bNBLmzCqKsGL1/6aqr+8ucHgJ2ld22WP37ctkUgwb948UqkU3bp1o0OHDlvXQXBrQ7ALfUU4rIae2fX8/ewMjuzjfpUkSevX/G6eTc9SWZkgutaIqVQiQSocbZp3c0ZVbYg9ftrWjhd7/L4jsrKy6NGjB8uXL2fevHmsWrWK+vr6raeCC49d3au3Zvhb83FuPef2SXHxIRkc2SfDnSpJkjb8ATO6vuAWJmc9o3LC0WizeR25I31Dr0ub4JsXCoWIxWLk5OTQo0cP6uvracGO1i1WfXjiK+ufkZFBOBzZtBvVSJIkSTL4bc8BMBKJ2BCSJEmSvlWO2ZMkSZIkg58kSZIk6bvMoZ6SJEna5kybNs1GkAx+kiRJ2lb5Uw7SuhzqKUmSJEkGP0mSJEmSwU+SJEmStNX6zl/jFwQB8XicqqoqUqmUe1SSJEnS1w9I4TBt2rQhFosRCoUMfltL6JsxYwbhcJhYLEY47L1qJEmSJH19iUSCkpISUqkU++yzzzYT/r7TSSkejxMOh+nfv79HqCRJ0tdQVFQEwC677GJjSGuYNWsW8Xic3NzcbWJ7vtPX+FVVVRGLxTwqJUmSJLWonJwcqqqqtpnt+U4Hv1Qq5fBOSZIkSS0uEolsU/cQ8a6ekiRJkrSNM/hJkiRJksFPkiRJkmTwkyRJkiQZ/CRJkiRJBj9JkiRJksFPkiRJm6o6UWcjSOtRV7f9vTYMfpL0HZJKxInH46RsCklfYWVFiqfHlBCvrCMIAhtEajyXplJ88cUX1NVtX68Ng5+k7eVtnkQ8HZoa/xKpr1/WkinjGTv2VWaVtPw3hnUlc3l17FjGvf1Js4BXV/g0kexccjvcwWcmP0kb0Pg5dsK7cQoK63n7/QpCoRBmv5Y6nSQaziOJLS5q+fS3GTv2VeaW2DP7bSorKyOVSlFeXk4oFDL4SdI2Jf4RJ7XLJTd39V92JMQp1zzK0s0OUat44bKjGTp0CC8viLd4VRNFYxgydCgnHvsiq0tfyt1nnA0DbmBOxa10D7tLJa2rvj4gFIKFi2qYOTtOZkYm02bGKfqshlAIw98Wq+DRM7PT55G2B/FGyZaUVcrjgwYxdOgQ/v0NnEvUXGPPXiKRoLKykszMTCoqKqipqdlu2sCPDpK2DxHomgEEA/j5ny6na/lUHv/T33jp3ov45f4H8+/zdkvPl4pTOPdTvlyVJHen3enbrd0a4XEpBZ+WEukQgfbpp6IRgBRlJcWUrljBylVJIq070LtPN6LN0lwZi5d+QcUq6LBTV7p0jDVOYNnipayoWEXrDjvTrUsebfoPZ9qkA6ls04tY0/JJdv/5CJ7eaR9ax+MQXb18WUkpqWgnOmZXUDBrEbVtd6V/zx3c59J2KBQKkayt550PKkjUhKkPaqirDzPp/QrOGrYD4cyQjbQlSj7g7hcak8RM/v76PI5pPH80KFu2mC9WVEDrDnTt1oVYuPE0sIylX6xgFa3ZqWs3Osbac/7k99mvpJZdd8tZvfziAuZ9vpJI6x3o3bdn0/KpeBnFcejUJY/44gIWrkiyY+9+dI2tXncqvpS5n37GqmSEHXfrT/e88Br1KmTh5ytp3bYtHdp3pWNedLt7bdTX11NeXk5mZiY1NTWEw2HKy8vp2LEjGRnbQX9Y0IJmzf0k+DYtWbIkWLJkSSBJX6n6w+CCMAGZPwzmBEEQBCuDW7IJgGDIfTOCIAiCxPzng2GZ6eca/068460gGQRBfNZjzZ5v/Lt7WlkQVLwX9A+tNS18aTC1NL3qwnG/W2e5B2fF17u+ISNmB0HFh+nnBz8QlDase3BG8/lOunlsUBEEQVDx3jrT0tv0gftc2s7U1aX//XB6RXD9HxcF1928JLju5kXBdbcUBdf/cXHwUX5Vw3z1fp76mj555MfN328H/DkobjrPfBrcOWyt9+Oho4KKoDp49ZaTmz+fMSyYWhEEs0ecuPpcEqwInr1m0DrzvbwoEQRBEMy4/9B1z0MZw4LJjeeaF36/zvTb3lwcBMEXwcgL9mw+LTQ4mFqx/e2/lStXBoWFhUFhYWEwf/78YOHChUFhYWFQUZFujPr6rfe10RI5y6GekrYv9TN5ZuQjPHD95dxYnX7qjON6AYu4ea/TGFMHD72/jETxVK7Jgld+fTUvL13A7QdcAMDJNz/JrLkTuX7vNXsTO3PL0+OYNXc+BbNe4ZoBQGoEr80rp27ZK5x24h8AuO6Jt5k/dzL3X3AktVULmtZ38m+eZO78uYy971yoWQURiIWAWBYRFnH7ARcwvh5+POJtFs8aw7BMePmmU3m6oAYikXRPZmgwf3riGUb+5hQAxr0whTL3trTdCALIyIDylSnemxonCLIIUQ8BhII6gvoI70xZSUVFioyMkDd7+VqKeeHef0BoAE/PmcWdewMz/4//FtYAKV675RSuHQMcdQMT585n+gu3c3iohqWv/o4TbnwJMobx+KQCCqaN4fz+MZIAobZNpReN/T1n3DMJBvyCSfPnM/aOk6F+DCdd/TwJIJK1KwCDLrmTZ575K8MygfoxTG481wz7PYQvZfLSCkqm/YP+Ibj+hFF8WvAiwx/7GDJ/yJhphSyaO5kRvzmByHa295LJJCtXrmy43jUgFApRV1dHKBSioqKCVCrVNM0eP3v8JG0LPX5rfRv6fy80vIc09rKtp1fvD2++lZ6WMSyYWh0EQVAdPDJsjR6/5GfBs3f8fJ2et7unlQXxWQ+mHw8eFVSvWZ/G9TWVuZ66Dh0VxNcz3wd3pr85Pvufs1fPO+zRdPnFr6d7H4eOCirc69J22OtXHyRq6oJETV1QU1MfJBIN/zY8t1aHhp+nNkNi7mNNvWyvzJ8bjGw4DxxyxztBEKxsenz3rESz5Wbcf1IABCfcN3udMmePPLfpfDGjofdvyIiG+UonpM8r4UuDmdWr532wofzx1w9a91yz9l9oQDCh4Plmz+111AXB7U9MCaq3s/1XX18fpFKppr9kMtnscf16XhzbWo+f1/hJ2r5kDGNS0b3MvaI7w8fAn+97gatP/Rld0t+9AnD7uOkM6xomCawqKaFj39bM2EiRH//jEs647hU4/06m3fEDSv5xDifc9DYAoWTjReM1VEP6ur9UnMqa6jW+hWyaQFlZirzsDX1bmZ6vlnIAWue0BhrKCRrKj3VkQCbMck9L2+dbXEaIrFZrXscXWuH01v4AACAASURBVOtffV1TXxyZ/o/6MZzYa0zT8+/d8B8KrulL4924EquqgSwA4mVxGu/XuTKxqmmZVLyMVCyv+Qpq0/uofGVyrTW3pnUYms4myXT5nbp1XeMEsfocN+aj2/keSSBJSUmI/rv3ZfG0Vxjz8tt8OG0yj7/wGL956zGy+sS5Zt+c7aA3fHXv3hdffEFtbS319fVNvXsZGRmEw2F22mknIpFtux/UoZ6Stjut23fjkocnMDgDGH8lR1z/GqnY7gw5Mj391SdeZl5JOcs+Gc9tQx6lpE1X9uuXPtn/8qe38sAtV62+uB9INpys+7Ruy6rCd3n+rbebprXpcVB6OM74K/nh9aMY++wj/DA7l/83v3N6ffVjOPiCG3hy7LP8+YII+/0lv/kJK7Yrgxvmu/amUbz45B1cft07AJyw/67N5g03O/tLklpMag6P/Tb93vv7Z8bz/vvv8/6kMQxvBaTu5vnpGexz6kkAXH/Ixdz37FgevfMH5HYeSYcDjgZg8nUHcPXIJ3nukZuJtD2KD9a6kWf3xvl+/UvuGzuWP191BePrgR8d9ZV3cs7psU/T0M+nx0yhpLyEeW/9i8sfmErV9L/S7Udv0Hn/Ifzil5dzwXbW7dMY8MLhMLm5uQRBQGZmZlMgDIKAtm3bbvOhrzEFO9RT0vYz1DPzh00XtJdMuqdp6Mu14xYHQcWc4P5Ljljrwv0bgjnVQRCfNXr1UM7+g5v++8FZ8SCx6OXVw0RDA4JhR6X/+6FpZUEQBEHZrDHBBQOaD70ZPTcRBKUzgzsvOLLZ+n72TEGzoZ4VQRCkiqcG1w9tvvzt4wrXGRZasb7HkuTnqS0Wn/bgujdzCYLgg/vSwzi5+sUgCFYEY+84r9l7eu+rnwuqgyAoeOH25jcBazi3NA7fTJ8vksH0J65rtnyf8x8IPq1uPiy08dyy9uP43FeCawY3H+p52NXPBeXzR69zA7IrR7y93Q31TA+Frgs+//zzYPHixUFhYWGwePHiYPny5UFd452RtvGhnqEgaLkrGPML5tGvz27fWmgtKioCYJdddvGbKEkt98VuIk68OkU4O0YsusZXo6k4ZXGI5cXW81s4CcrKkhuY1jBHPE6SCNmxaLN5Uok41UmIZMeIbuSb2HhZCYkUxPI6bnQ+SfLz1P/0JEK8Okkkkk202Zt1ini8GiIRYtGN/JRCIk5JPAHh2Nf6yYVEvIzqVJjsWDbR8Or1JxJxqqtTZMfytutzSE1NDcuWLaNVq1bU1tbSuXNnotFoUw/g1vraaImc5UcHSVr7jTEaY73n2nCMvLwNLRUl7ytO0NFYjOgG1hfbhHN7LK8jMXePJG3tJxFi631TDxOLbcK7eDRGx+jXf7ePxvLWe66JRmNEo+6erKwscnNzqaqqIicnh2hDo6wd+rZFXuMnSZIkabsQBAHt2rUjHA6Tt+Fvc7dJ9vhJkiRJ2i6EQiEyMzPZcccdyczM3K623R4/SZIkSduV7S30GfwkSZIkyeAnSZIkSTL4SZIkSZIMfpIkSZIkg58kSZIkyeAnSZIkSTL4SZIkSZLW8Z3/AfcBAwa4FyVJkr6mmTNn+nlK2sBrw+DnDpEkSfIDriSD37dpl112cU9KkiRJajFFRUXb1PZ4jZ8kSZIkbeMMfpIkSZJk8JMkSZIkGfwkSZIkSQY/SZIkSZLBT5IkSZJk8JMkSZIkGfwkSZIkSQY/SdrapRIJ4vE4qWbPxYknUt9uRcrmM278bFLukq8Wn8+b/6O2SsXLvv1jQ5Jk8JMkbZnZfzuG3NxcTh350ernHtiP3D/P+FbrUbXwMU488VXi22g7z3v0J5zzyMct01afPsMx/6O2mn1fe3Jv3tixUcFTPzyKh/IrfXFJksFPkrS1iLRqC8C4y//ApLKGJ6Od6J4VWT1TopiC/HwKCpd9RWkJlhUWUrh4GfHEGk+nSinMzye/YDGJDS7bDvq2hVScwvx85i9bI9ak4pQsW0xhQSGLl5WtWTBlZXFSJFhWWEBB4bKN94Kttx5fVUaq4fnFzbYpUbKY/Onr1jOeABJla21DgmVF7zC6qISyeBll8RSk4pQ1lBcva+hF2+B2ppUtLqSgcBlflNdA3yjhzdo/6e1MV7OMssaN2ci+KVtWSEFBISVlq+fvOXwRC6/pt7odypZRWFDIspKGbU2UUvjsBBaXFBOPlxFPQbxhvaTiDW2dVrK4gPz8ApaulWDXKVOS9N0StKBZcz8Jvk1LliwJlixZEkjStmbG/YcGJ44YHzw3nICb3wmCIAhm339o0P2OGUEQBEF87ugACOjfP/3vJc8FFesrqOLDYHgr0vNAQGhwMLUiCBKLXg4GZxDQf3DQP0TA4AeCpetZPD7rwdXLNvzd9uaydB3v7N182tUNdaj4MF32GtMOveOtILme8jdYj42Vkfw0uHPwutv0yTNXNmuTHz2RHwRBEFROu3u925CY+/dmzx1834ymeQf3b3j+jg82vJ1BdfDf6/s0nzZ4VFCxWfvnvWBwBkH/o/ql58v6c7B8g/umOhi79vr2fiAobdwXN3+QPk7++eNm83S/b0bwyRPNn7tnWlFw/z7pdaTbcEAwuaIiePaavgEQDGjY/sdmlW2wTEna1m1NWaMlcpY9fpK0lZpd05XTb/kP3HQYb8QhkhU0TKngyfPO5uwn8glmziSonsPwR77PXVPK1ylj4X/vYmT9LygOAoIgYOmcB/ledpxHf3wSHUcXEMx8k5n1K7hl8pU8On3dYYAhaiDzh0xcWkEQJHnrerj+3QUA9Ll0GtXJdLllsx6D+27m4zgQgdwQPDRpMUEQsPzN/+Pdm6aybl9ZxYbrsZEyPv7rRVzLqKZtWjz593SsmcZlZz/AY3PjBDNnkpg/mofPP583StL1Wd82ZPX5MbPvP5Tud8wgCALeu2pvgkgWhAZwxj0FlJaWUnHVPhvczpqCJzj+T32YuDRFEASUv38blNZs1v4hEiE3BPuffR9LS0spLbmIsRtok9r8hzn1jgOYXLzG+oAwEGnsDU7N54Hh/+CKN0sIgoCg+jNeGdqd3c67m5H7wG3TygiCgKv3zSWrPXDQ2cxdWkrpirfZ49O/c8YDRzCzIuCjmQELnvkRFwx8kJINlClJ+m4x+EnS1voGnVgFHU/jv9fAsfe+xspW7dIT4vMYPRNOPrB3+nG0L+dcAf+asmidMrrsdTKk7qbTgNP4zZ2jmB/ZibzUJ4ybAKPPOpu9B4TYe0AHbqyGSbM2MCSx32Ec0CUGhOl54I/gPzMoAxKLxnFuNEQoFCKv/wUQ6kHjQNSVocEcsP+uAHTseQjUjqNw7RGCiXkbrcf6y4gz9YV3OevHx9CxoZhdDzycDksmMT7jUg7qlQNAVs9DuT5rJh8uKN/oNiTXF3QHXMHFg3cnLy+PWDS8we2cP/E/cOrZHNAlMx3AWkehAEKbsX8at/OyHx9Fl7w88iKLNtgmn773BJwyhL07Nl8fa25HuBNHnA0PHt2RocNvYMRLS9m5W/q4qVlrvTWlcPfPLqRPlzzy8mJ8PusNOOdY9oilp/c44vuQHE9h9Y4bLFOSZPCTJLWQ4371Mv1/dzy/vucVOkehMV3VNs2RonLV+pfN6nM+qdJPefOWM2lT+CRH9D6S8cUhAB6a+gbvv1PKWxNKqaio4Pnzd1t/IQU1TcFixx57QQFEUnP49cCzaf+v6enesORHHJVR0SxIJRseZO64M0dlbnj7NlaP9ZYRg4ra5pEt3HYHCFatsf4kK+pXt9X6tqHpWrzohreXjW5n8x687EhW+j82Y/801bZ6E9okqx1U1K6xvmA9JeVy7r+SzJ82iXP2zeKZsw8k95YJrN7UcPPsvfaKK1eXz6rKpgbfWJmSJIOfJKkldDmRh27enfGzoF0WEN2LnwyF25+cSByoWTyRe/4GVx3Va51FP3n2Pp6a14bBp57Hb//0WwhmUhHenfPPg8tv/jefkU1eLJuSj15l/PyvvuPj6kCU5Is66LXLTkTDCWaMGcNb9bmbt13Rvb5GPWIcfOY5vPrTkUwriZNKlPH2k08yL28gw/gXo99ID0NdMv7fjEwN47je7Ta8DQ0ZbdGHBZSkEsTj67kFzUa2s/chP4AX/sZbhV8SL5vP6H+NhkOyCDZj/2xOm/Q5/BwYfyEjXp3B7Ckv8KsrfgnHZzVfPj6L++58gegeh3Pu8Ju4+Q/AvNL0lwDAlFmfkkjEiSdC66y6++Gnwwt/4/XCSiDBhNEPwFHnsBcbKrOC535xBFc+Oc/XqCQZ/CRJX0fjXT0bHXrFPxmWScN4vShnjZzM0bceT24oRLT7MXR66G2u7JezTjnZrcq54KAuhEIhQu2P5aSbx3J0lxy+/+Ac7gxdSe/cbEKRbHoe8UcqI5H1V6bPWo8PySKIDuCmB3/M9YO6EApls98tv28KUgABuaxZWkAu6xYf3Wg9NlTGbufdx5NXTmVgp1wi2e0ZdOE0wq378tBbD/GHIT0JhUJ0O/o3PDThIfaLbXgbAHqd+isGP3kunSLZ9P/r7HXn3ch2tup3PmN/k+LEXh3Jbd+bv88phdjm7Z91t3PDbZLZ8wIKxt3OP0/cl37Dx9H5+PNo/O2ISHpRyG5N/Kkz2Dk7PTT1sN8N4/kbjgNyOeG23zH64n3Jzs7lwY9XslZkpFXPC5n+cA9O7BUjFMrmqBv2YuJjPyJng2VC5cJJvPTlKl+wkvQdEAqCIGipwvIL5tGvz27fWuWLiooA2GWXXdyTkrZDDT8FEI6RFwtvdL5EvJpkJJtYdK2hfvE4SSLEYtGvVYNEvIwk2V97+S2pRyqRgHCYcDi85pOUxasJx/LYaJM0XzvxOGTH1h4IuWnbGS8rg+zYOm276ftnU9skRVlJnOyOeURJMOHWvTmq6C6SI09ep96pRILqZJLsWKz5tESCOOH11HXNZePEq1PE8vKaLbvBMiVpG7U1ZY2WyFm+d0vSd1aYvLy8TZovGouxvki1oec3VTSWR7QFtuTr1CMcja7vSfLyNrekKLHY19/O2Ab3wabun01tk1U8fnx7rmr8nfbwpUxcNmS9J/JwNEpsfe0TjRL7ynaNkRfdjDIlSd+RTw2SJOk7IJcrP6jm/LJSqpMROnXp6ElckmTwkyRp2ztrR8nr2IU8W0KStJm8uYskSZIkGfwkSZIkSQY/SZIkSZLBT5IkSZJk8Nts4XCYVCrlXpQkSZLUopLJZPPfijX4/e+0adOGeDzuUSlJkiSpRVVWVtKmTZttZnu+0xE2FouRSqWYNWsWsVhsm0rkkiRJkr59yWSSyspKUqkUsVjM4Lc1CIVC7LPPPsTjcaqqqhz2KUmSJGmLZGdns8MOOxCLxQiFQga/rSn85ebmkpub61EqSZIkSevhXT0lSZIkyeAnSZIkSTL4SZIkSZIMfpIkSZIkg58kSZIkyeAnSZIkSTL4SZIkSduxslljufGmh1lQ8xUz1n3BxHEfUrEZZc9/8RZufnH+165bydzXueu6nzP85z/n2pvu4pVZJUAVL912LS8srN68wmrmcdfV/495NZuzUB0Fb4xjZnGtwU+SJEnSd1UNU156ieIvpvDqzJLVz1bVAHWULi+iuKIhKa38jCfH/J3pRXFqauoaZqygaOFCiisaHtfVUFWXDkxVVTXsuPcZnHNg56ZyS5cXUbS8dHWsqqmirnG5xjKbKjGHu+59iQGX/p67b/sdl58xgJVLVwJRBpx2Pgd3yW7ahuLlRRRXVDSVUVPVUG7DOmrqgPBOnPSjU+ma1Vj15SxcWETF6hmpqoO6qlKKiopJb3U57z07hncXFVNTszoxViwvYmFRMXXb8JER9sUhSZIkbSNKP/j/7N13fBP148fxV5qkSUe6sIUySpEtUEYrIiJDEUXZiBu3IrgXKm7c4g9FHMBXcW9RBAREZYmyV5liKdAChVa60pE0Se/3R9rSMgSkKNL38wGPJpe7z919Pkku73w+d+H7tG48co+NZ99fhrvjJdgoZOoz9zI3Jwi7HVwuF4MfG0+zNd8A8Nkrj7Gm553clZTOI099TnT7VqSv3sBZt7/IAOss7nstmQhy2BfRm+Gtf2VV2ydoFpPHjFceYFpWPA1daWxrMJCxD1zE7m9fYOzqAEy5e3H0uI9Xrmi+f9u8HoqpTUx4MCEhNkISLiA+ASCP+ROncMbzCcT40ph4/3OsDIujTl4aGabz+b/XLmTa/S/Q8v9eJDEENn7yFAvbPcHtzbfx3uT1PPZaU/b8+hZPfLiXDq2srNoQwO0vPEzTvVO477UF2P07TWHTy3l1sJOlBtinjOGxhb156oELWDvhEd7fHUMbWxrJ9OClRwcSdQo+Nf7bPX6u33l5+H38mF6e1r0snvwwt4yeTcExFLNn+fd8u3xPNW/bUvr3Gk/uUc5emPojwy9IJCmpF28t2PbvlX2MNn1yCzd/sumfq1cREREROaztv84m7JLuxLfsQULeHJZXdMYFMfixMYwbN457zw1j9e/ZxPe6mggiuXvsOO7p24A5Ez4jdsiDDB96E3cOqM/P87cCUBrRgbtfn8g7Lw0gxOTvXitNX8R3Kd159aVHeXTcy3ROmUVy2brC2g/k9YkTq4Y+gJAW3HKhhbceuYthw4Zx1xMTWZruBCDQbgCQ8t3rLGsznEmjH2X0y8OpgwcAa0RgRTHWQBuBZd1XNqyYfKm8+9HvDHn4dobeNIJBdbYzNyXPP2/Ty3l53DjGvT6cqJQNFDS6iIuCoMPNYxjzwEUEpc/mvTWNefCeW7lp+B3Ep81mY/6p+dz4j/f4FfLj8oV88Nw81k64CEvWL9z51k+UNGxRMUdBVjq7nRB3egPsFcEpl/QsJ47IWCJCLWyf/zCPFY/jgjYR2O0WXAUQGmrBVVCAJTQUV24WOU4X9shYokP9VeYqcGEPtZCVnobXUZfYiPLSXWSk52AlD4fDRqUNIXW3E0fc6UTbD9yPNJ6/4hHavPkDr9VfR5++Q2g5awU9og9KfIcu25VLalomQTGnExthOfayvS4KsBNq8VJQ4CU01H7YMnMz0nHiINJhxx5qp+7ZI7gnqEGl7csCRySxEaEH1Ksdb4ELe6gdr6sAryUUuwWy0lNx4uD0BtGVdieDLCdExsYSqj5pERERkaOUx9Kf/+TP4pd5YrmdvYaL3KXb6dI7EgindpQ/PFkssGXHn3C2f2CjxwWEePFipyBlAZ/vAKhLz0ZmSvAQ3jqRurYDPpXm7CbwzLMJKYsUkXYXW/c6Oc0LbRKbYzvk9tloM2gkEwf5KMzex5al7/PWc9NoOaHP/o+lJXY6tW9cdi/w6IKLy4nbgK2LfiCtpATizqI5bsCDvXZM2bYEYjJSyCz0UgLgdQOBuAryMBn7WPL9V5SUQJ2OPbAWlkBYoILfScXroXHDM2mcOonZWRdQ57N3SOp3Lr+t9Z+sufaTu7nx1Z10T8pl7sqz+WjeszTa/QUDrnqXNl1rs2BhERNmPc3bX9oIiniB/ms68vpb/Xm87wgcDUpZl96GidNuZ3y/xwg+tzVbFy6k9//N4L5uoXxwXTf+t6MWkZEGOTk5jPryVwbF7WXMxQP5PLQVrZ0bSA67EwuQt+Yjzr95HEldk1ixMJUHP/iKy1uFVwqFGayPuI5HzjwNGz14/MIwft2eR4/oSvN40w5Zti99BkMGPUV8316smzaHgW/PZsSZpx1T2YXr36XbzXNpaNpBStwdzHvtNG45qMxQfn6mNw9Oi+OslrtYtjGct+dPwT7jSb4/+yNaO9bz6KDrSG/djYyFC7nktTdYXbleP3yQRdedzw8hcaRtTOfGd74h4sN+vLL9bM5yLmNRm1H8MnYwWV89zBWTMujeeCc/pl7Owjm3EqF3cREREZEjKk1fxE+urowe2xebz4xv1yxGjZtHdu9B/o+T5R8rAXugFezBhJmK8fr8scCCi9ImF3JTz/qAj8xMF4H7kqHEc9C67HUa4lk2j8ybWhNDHukuO2fVc8BKKPEc+ky5koyl/JRam/PPiSckKoZWLZrDd27MleaJiHWwdOpCBrftSdHa5ewhCLAQyB427C6ibVODXXvzK0VCD9gd2HDRoPvVXNIgAHz5ZLtCIA2ocg0Xf1khdoP8sl2yhIYANrpddRNxZvDlZ1IYEnhKPj/+8/0pBaFn8eTDRVxx1RDC6vZj8kgP/WcYmLy/8/ZrO3l7/hQ6hsKSZ3rw4ZI9XLP6WXb3G8f0J87DjhcvFh6+uS63Gi/x820toWAVobTi1jcncU6s//uBST9+QNquvSRH/MTrS3dxX7fmQCSjvpzOoNNtJL/ej3eS/yRh8cNM7vImm57oBK6lXNNvGV5cLJg4lqvens99Z4aT/9sLdPokmcufP7diH3w5u9iGreLFGF479qD9TPni0GV/+9gTNH30Yx7vGUd6y0wGf7uJEWceW9kAnoYX8tontxJnd/H1dZ0PKvPm8M3cN30QC5bfSQQuJg6+FQ9gwwFAUco0ZuReyfTnHyDODl4v/FG5XilgGXDubeO5t3N9fKlf0GHRTfy67E5CyWFMx8tZnnU+m175iT7PTeXpnvX9hYiIiIjIUUn9dTEN+t9GbEiYf0JYD85mFEvSBxBos1UJAEFWwNyQHu1sTHpwGPUuvJcn7r+HPx5/hmFf+eer1+dBHmhCld47i9VGIBAQcw7Xd1nI48Puxo6L03rcRrswSC97/NDBw8PqD1/guw/BDhRTh6sfe4gQjIrtq9PlZi7d9BqPjJhD01bRYGsGhHB233Y8+cq9LMAOuOl2sRksVmx2K4b5dEbcczFPPTucaWXruviBV7kADuh5tGG12EjqeyZPvvkAy2pfxP+NHsh9fcbx3IhhABg044HX7yfMrOB38tlTQoMzr2RA3mQ8T19GQ+t7gBVcWWREdqdZaFngiXEwfdUuXh7xNcMeeJguSSPxxvXn48mPU2rkgdtT8a1Badw5tC0LfXsWvEqf+z+h74iHaEojwmxW/zcL1KV+jH8eqw1+3LKH60yFXNuz5QEbWMyO1ATOaunvYbOHh2H9aQ25z59b0ZNljoyhEX9WNIbXXQAHfLGSt/tQZXspIYrc5Bm8tQWgGXe2suCCimGtR1O2CTdxXc8lzn74Mp15TsL7dC7bZi+BpqplBLcbztirRzOoSxIGDRn5wWRaHlCvJbTinA71AXDvSyX80l74m8fKaZH7WLfLxLCPnuKB2/uT9LCJuv0e58Mn+qvHT0REROQoNLniWZ6oMqUWN06Y6L/59KOV5hvDK2W3O9/2Mp0rLXHnuIm4CwvBHoLNDNCE5yp9BG1y+eM0KV926LOcNagQl8VOiH/mKo8fKCC2C49O7ILP58blgpCQ/bFsYPn2+aw0v/BWxgwNJ3PxBF50nkYIEHbOCN5KKsRrKd8ugDN47MUz/Ddb9mfcxD4UFnqxh9jKehGv27/ttjN4aeLT/tvn3MLEc26pWHdY37uZeLGbQi+E2Gyn7PPjv/9zDoYbF5E8Mnc+T3QOxlWeM0LjaJLzAYsy/Hd3b0njsi4Nycq0cuOEb1mxYglP1/6GLzfmEVarKSZ3pTTkdFf0kO1aNo3Oo7/nyRuHcH7ndlROTRWRxoDTbFZqxUfz8YyVABSmbWcXNsBB09Zr+WKJ/yInOTvSKOlzZtUwYw8nImcSv2UB7Oabr3Zxep2qJwIeumwLgWTjTbiMkSNHMnLkfQw4rw32Yyzbn8Q8Fd8FHKrMiPrNKJj+AatzXeSlLmbeDhPWyhE010XLm15lxYoVTHkskqembDq4XgFPWcXa6jfD+dW3+Jsnm5ScWnSIt7HXksjbP65kxZIvaDrjTdbkws7l3/PjGl0kRkREROSfYAupHK7+mjkkpCL0HS2z2VYl9FXhzWXee2N4fNTjTFrTkFH3nFcxFNRsO9J2mQmpCH3HyGw7pUOf/1P+f13ZRU4sof6+oxLAiAjEII47XriaIX2TGBdpkNl4ONM7nkbet8/Q+7JfiYw0yHIM4ouEcBo0GMBpLw+jw1dnMnnmrQRXunBKi4tv5LfrLiGp7OuTOjcPBqwEhgZXzGM1QbgN4nvfw4Ax15M0ByIjDfaF3YkFC+fdPobPL+/DBS8Z7MvtyNvT2h/QCm146ulLGNI7iTGA/bJXefr0qk+8Q5dt59Jx77L6ssEkPevvgmt370e8c3XLYyobKBuwCRy2zJ5MGrmCW3p24YyuXdldvu+2EGyAL3Mh/a4aQ2RkJNk5YTz3aRsaBO2v13fnjalSZ+bYC3nlmm/om9SLSLKJv3k8nSJgxiMXc9nyaCLJJqjf4yRFFPDJHU/y8Q2TuaBdHb0Ti4iIiJzSqTOOG0e/rno4AUyGYRjVVdi6zVto06LZybWHXhcFLvxXqvyraUcqw2sh1H40ObnSlTEPmu7CHhp62LTtdblwef9quw5XNrgKCsDuv1Lm3yubI5TpJSM1DaJiMO36nt7XL+frxa/Q2HJs+3jQdhUU4LLYq9St11WAy2snVJf0FBERERGplpx16n+yttgp6wz862lHKsNy9FV66MBiIfQIK7XY7YT+rbLBftxlH6lML2u+fpGxP26j1JHAy1+MPiD0Hd0+HrREaCgHN0/oMW+riIiIiIjU5OAn1cRO75GT6D1SNSEiIiIi8l8ToCoQERERERFR8BMREREREREFPxEREREREVHwExEREREREQU/ERERERERUfATERERERERBT8RERERERFR8BMREREREVHwExEREREREQU/ERERERERUfATERERERERBT8RERERERFR8BMREREREREFPxEREREREVHwExERERERUfATERERERERBT8RERERERFR8BMREREREZGTjEVVICIiJ1pWVhbZ2dl4PJ4at+9Wq5WoqCiio6P1RBAREQU/ERE5dUNfVlYWkZGR2Gw2TCZTjdl3wzBwu91kZWUBKPyJiMi/RkM9RUTkhNq3bx+Rm4sIkgAAIABJREFUkZHY7fYaFfoATCYTdrudyMhIsrOz9WQQEREFPxEROTV5vV5sNluNrgObzVYjh7mKiIiCn4iI1CA1radP+y8iIicbneMnIiInBXdREb6y22ZbMDbzcRboKyK/0ExYmE2VKyIiCn6qAhER+fcVMeuZe5iVvb9nLLxNPx4cfgnRfzMAFv/xKfe/ZuX/JlxH2GHWOefFp3Fe+hSDmwSpCURERMFPRETkeBiGcaQ5wGWi420vcmM7B86dS3n+2Q9579cOPHhunbJ5fGRt30ae10KtBvFEVurIy8/aSXYhhEeFYbbYCAu2YW8wiCeeAIdhYAC488nIygdbCFHRkdjdOezenktxzj4KCx1gC8PmzscbHIYNH/n5hdhCwrC488nOy6fQByFh0USX9yD6isj3BhNmg6J8f7nBx91NKSIiouAnIiL/UUc+x82EBwgMsmMyWQhrkESi6UOS80swmUyY3Gm89/BzLC4KIjKomJziKG569jk6Rnv4ZdKDfLzSXVGSL/gCxr56Kdb07xn9moVxE67ElzKNB8Z8X2mei3nwoi0sNoB3nmEN0OPeV2if/BhjfzYTRDHFQJc7n8T+xtP8VCm3tho0krsubExxynRGvjqPyCDIKQZP17uYfHUrNbaIiCj4iYhIzXQ0PX5WYPeuHWSG2Uhb9QM/GTCkQx0MwyBl5ngWRV/BG490xwZseP8WJvzwB23PWs9HK2O544WRtIkMwLn+I+6bDGbDwDBbMbBgGC6WfzUDb7NhvHNfB8DN9u3ZNIjvSe/Z95F/6xiGtnAAsHVTBAaRXPXwNTSPsmELCcP30lgGhgVjxsfWua/y0ldLyet1OlazFQii49X3cH6zSCy2kKPYTxEREQU/ERE5Rbnd7iPNgSnMYOOXr/J42ZTm1z1NlygDtzuH3zflYd7xOQ/dMxUAl8uMr/bvbLAtprT2eTQM9uB2gy8gAFOxF7fbjanEiwlwu6F+m8ZYpk/i7ieb0KFNIueefxZet5tiA3yekortKy52Ye3Wm4TYsrMCvUXsWPIp475ZsT+iRpyOz+2mtKQYX9C5nN+mDv7Bn17cbq8aW0REFPxEREQOpyjPRKfbx3BlMy8/j3+IqR9+y862N1DfDF43nNbzDkb2qkdJiQ/MZgLNNnbNWwaVwpbtMEe1uJ5382zLLSRv+p3Vv3zOiz9vZ/RrAwCwcsB5eR5fxc3SXT8z7psV9Ln9Cc5rVgvf1q+5f/z+3+MzuTz41HQiIvIfoN/xExGRE85kMh35P/4z/UymEC6461E62dfw0kvfU2AKIaFzfbJ++pr1+wzCwkIIyP2DX1buplHCWZhzv+f7ZX+QuvFX3pm8EGKsFWWCCZOpmN++/JY0eyO6XNCPGwYnYTIKKDGZCAS2pe7E4ymm2GOibCMqli/1eYFIYmqFYfH8yZLFazHCAw8o/+j+i4iI/JvU4yciIv9I8DvCHFjtBq6KkFSXax+/nT2j3uSpj+sxdugIrto7gQ9fGsWHZUu0GPwwvepfyIPXZDP+4zeYb2/KuYlxGBvKwxZgB5PJQmDhaiaNnl+xtjOveJBYUwgdBycx5+M3eGAWnH3HC3Qq25by7Q2M70yvuNlMHv0A+IuDCA4o3x9aRURETupjsVGNZ6Kv27yFNi2aqVZFRKTC+vXriY6OrpayfO4i3D6wBQeXDdD04cwpIjDSgQ03qz4axTvZlzL+7rMxH7wwRW7fwT8O73ZThOUvf4qhyOmEQAfBx/Fb8FlZWbRu3VpPCBER+Vdylnr8RETkhKuuoY4We8gBB64SfnphFHOL/fcMmjHsmU5YDrU+i52QQx317HZCjrDekLAwNaKIiPynKfiJiMh/KvwdEMkY/NJYeuXn4/JaiIqO5GT8CXX9zIOIiCj4iYjIqX2gsVjweDzYbLYTtAI7YVF2TuY+uZKSEiwWHXJFRETBT0RETlG1atUiKyuL8PBwbDZbjbrCpWEYuN1u8vLyqu08RxEREQU/ERE56ZQHnuzsbHJycmrc/lutVqKjoxX8REREwU9ERE798KfgIyIi8u/RD7iLiIiIiIgo+ImIiIiIiIiCn4iIiIiIiCj4iYiIiIiIyCkS/PQjtSIiIiIiIidXvqrW4Ge1WnCXlKh1REREREREqoG7pIRAq/XkCn4RYWFk/pmt1hEREREREakGmX9mEx7mOLmCX0ytKEo8HtJ2ZeByuzXsU0RERERE5BgZhoHL7SZtVwYlHg8xtaKOu0yTUc3prLS0lMx92eTlOynxeNRqIiIiIiIixyjQaiU8zEFMrSgCAo6/v67ag5+IiIiIiIicXPRzDiIiIiIiIgp+IiIiIiIiouAnIiIiIiIiCn4iIiIiIiKi4CciIiIiIiIKfiIiIiIiIqLgJyIiIiIiIgp+IiIiIiIiCn4iIiIiIiKi4CciIiIiIiIKfiIiIiIiIqLgJyIiIiIiIieapboLLC0tJXNfNnn5Tko8HtWwiIiIiIjIMQq0WgkPcxBTK4qAgOPvrzMZhmFUZ+hbuHChWklERERERKSadO3a9bjDX7UO9czcl61WEREREREROclyVrUGv9z8fLWKiIiIiIhINcrLd55cwc/j8fr/ugopLCz/78LjO9Wq3sO2ZfNYkZpXdtdFbm4urqM4pdHnKSQ314nOfhQRERERkaNRHddOsVT/ZrlY8tFElh8QSuu2uZABF7TCfpyl71k2hS+3xXHr5Wced1l/n48dy1ezvFk8SaeH405fwOSpG2g+4DYuOT34L5fcNf9tvl4XQJ8R99HMriexiIiIiIiceJYTUqjVwAhsxsDBZxFYkk3KkgWsWvcDn4REcFPneseZK7MoyYrB/K9WmxVbIARa/FthqZ1E375Nia4bfMQla3UYQt/GgTRQ6BMRERERkf9y8AMwAiOoGxuDnRjqN6yL69V3WL8+FVfnetiB7D9+Zea81WQWlGCNbET3i3rRJjbEv7DnT5bPX8Dq3zMoIZDoug04o2M3WgZu5afkIgJKNvHNNzlYPcWEtuhGr7Z1wLWXxfPmsXLTbgiNoUGj5px9bgdi7GZKc7fz8w/zWLcrBwJDaX32RZyfGFcWHj1s+HEaO0KaUN+7nSXJWykglHbd+3Fe6zoV+5P9x1J+XLScXTkQE18XjxNs5fvqymTTuu0Y0Q2IsFsBKNi5jrnzF5OSWUJkTF0atmxP58RGuLO2szGzDvGnx5YtXciGebOZt3oHJUB0k7O5uPfZ1PIXQ9b6OSzMqEOHBk5+XbiazAKIbtmZAb064ChLvybXbhbO+ZnlKVlAIA3bd6VXjwQcAPhIW7uAhUs3klkCkRHRNGzThW5t6/3L4VlERERERP4p/8oPuOetn8n705eSE9yELl06EVO4jR8/m8jSDDfgYfknH/DLugzqtOpAh4RGFG3fxOxVu8HsI7fEX4bVAhYrgBmTK50v3vqExZt2E9e+E63qWNm67hd+S3djKtzKB5O/Yd0uE+27dKNDnIX1C77m/XnbyrbGR/bO7Wxe8jM/rdhLneYtiaGANXM+ZWmm/5zFgtS5vD/9V3YWxtA+qRVhRX+SA1jLSyjIJGX7Jnbm+cfeFvwxh0lf/sgfuREkdUognF2sWfAtaS4oztjEHysz8O+Gi+VfTOCH1Ts4rU0nuiS1JCtlMe+Pn82+srJLstPZse4nvp25FOo0pkk9K1mb5vPlwjR/6POk8/lbn7M8xUdSt150T2rAjtU/MfGbZHxA9tpv+frnNZSc1pwuHRM4jZ2s/nkdLj33RURERERqjBPW42cqKKTQ4wFXPltXzGSjATGtT8dODvN/3Exp5Nnccs3Z2IGzEuOZ8vrn/PJzMomXRrM+20Rw+3706xEHQOeu3dmXW4IlIoRLO63k41XN6Nvv3IrglfHbh+wikK7X3EZSjH+XujozyPRZyVj7KzmE0vuW62npAEgkdtZEZqz+jfQujWhgBbwmSuudy/DLzyQEMHWKZ/z/ZpGb54IYEyt+XoMReAbX33ERtQDowi//G8+G8p01V/4pxBwWzVmPEZrATbf2JMK/A+Tu3AFmKDQDVjNmwJu5ll92mYjrNpRLE6MBaNswmDenrOSXzWczoEU4AAb1GXDLYBo7zEAh89+cyIo/UinsEYdz9Tx2UpvL7rzavy+0Jj5kCu8vWMJ2VwLW7D8pJYEhg3r6ewA7dqUw14lGmoqIiIiIKPgdf/BjIx+M31hxP7hJdwZ3rofJtZ0MA+olNKkIH4a5LkntgkndUIjbfgaNHLBq9deM396IFo3r0aBhY1o09Ecun9ffq+ajvMfNQ3pqFqWhHWkds393zI5YYvGwKt3/WCPH/m2Lb9Mc06ZV7M330MBfLCExdQkpn8EeRAiwbWc2pgalbHNCRFKbstBXvvbD7Lcrjww3RJ/Z2h/6ykTUbwhAYaVpvpICIJT2raIrptnrn04MK9mTkQ0twgEPRmAs9crHdRJC7OkWSDdjxsPunXmY8PDVxDcILJujpKQECAUg0BZMAMn8b2wqTdq0oF5sQ1q0bKhhniIiIiIiCn7HzwhsSr8BSQQBQeGR1HJU7WMKsgVWuW82A5gxE0L3oVcT/MtStmxLY92KbaxbsYhf2w/kph6NDrEm31/8jIKPwqJDTfYHN3dJaaWgenCYswJYAwkGcnzH9psUYcGBRzGXudK+759mrfTYoYSGhOAfK+qjMK8EI/B0evZsidnrrTSXjRgrODpfyaW2xazYtJWUdStIWbeC+XOaMvTuvsQo/YmIiIiIKPgdX/CLIL5+bMVwzP25xh+k/tiyE1qHl00sJPX3IggEfB5c5tp0vKAfHQHIZ/kX/2PBhh0U9miEzwemkkJcUNZjaKdhfAjLVqexxwPx1v2hz+MrfyyDHB/ElgWd/D8zgVDqRNrgL8528wCU+vx/vb4qgdJXcrgs5w9uKRt24msdtT+++Tz4zNZDLFBAanoR8eU/A+HcRxYQFvJXwbE86ZbvXxFRTVvQwFw19Prw4SqEuMSuxCV2BSBr/Uw+mpPKXqePmAglPxERERGRmuCEXNzFa5RHj0MEQmtdOrYPxrz9B75blkJubibJP37Bcic06dyKIE8a74wfy5xlm8nYt4/MnbvZk2WCQBtmIDy6DiY2suC339mZup41qdnUbdEeE3uZ8vFs/sjIZGfqeqZPGsecHUVlj+3k669/YWduLrs2L+CLBRmUxrSnXqVOSPfhAqy1Ae2bWCla9y3fLdvMzh2bmf3eBFa591/cBZ+pyvzntI8gYNdPfPpjMhmZGaSsncsb495j6wEZ01a/NU1MsGbql6zYsY/czC1M+/JHSgjlnIQ6R1XXdVslYWIvX779JUs37yAjYycbls1k7Ni3SS10sWjSeCZOW0zqzkxy92WQnr4HCCTYqtAnIiIiIlJTnJAeP7uV/Z1Sh9Cox1C6u75g/qJpbF3kn9aw00D6to7C8JXSOsbKqkUzWV/2mBHalIGXdcQO2JufTcLyrSQv+Z6tQHD7S2nX4yyuv9jF1zNXMv0z/3mFBrXpFW7FUusshvYq5KM5y/ly8nIASmM6cO0BPwAfaj44CAXb/NNa9x5M+nufs3HRTLYC1nqNCM3ZXjEa0xzkPzvQXFZGox6X09P7DT+t+4nP1vnnscZ0oJYVPJbKvX6n0eeGPkz9eAYLp3zAQgCi6HrZZTSu2DgrHNT5t3+aJSaJWwfD1OkL+XXmTn4tmyMi/myi7HZMiQ1JXrGYqSmLyx4JpN3Fl9M4RE9+EREREZGawmQYhlFdha3bvIV9e3Yf9fyewkL/qWpmOyH2qsHL53HhKvEBgYSEHDxE0uPxJ0urtfJjPlyFLjAHYrcfsIzPhbPIBQF2HCF/55qWPgqdRZQGWI9+eZ+HQlcJgYF2rH/Zw1ZWNmB3OLD+rdr377sPM4F2O1VW5/Pg8vjA58McEvI3yxcRERERkX9DrTp1adOi2XGVYfk3d8D6FyHEbLUT8hcJpWrgq1gKe8hhurLMdhyO4/kRAzMhDscxLmI9ZGitlrKPad+t2M2KeyIiIiIiNVWAqkBEREREROTUVu09ft27d1etioiIiIiIVJN1m7ccdxnq8RMRERERETnFKfiJiIiIiIgo+ImIiIiIiIiCn4iIiIiIiCj4iYiIiIiIiIKfiIiIiIiIKPiJiIiIiIiIgp+IiIiIiIgo+ImIiIiIiCj4iYiIiIiIiIKfiIiIiIiIKPiJiIiIiIiIgp+IiIiIiIicaBZVwYlnGAYlJSUUFBRQWFiI2+3GMIyTZvtuWdzEv52UbZMBJhMYBphMJgzDoG6IQcd6AZzfyETbWJMaVURERE5aK1euVCXIMUlMTFTwk+NXUlLCnj17KCkpoXbt2oSFhZ1U29d4c6k/7fn/YaqS6/xh0FtqYlG6weYsGNER2in8iYiIiD7Ii74oUPCT/QoKCigpKaFp06Yn5fZ5fMYBMQ9MQIDJhK+sZ9IEhARCRiHM+cNQ8BMRERER+Q/ROX7/UPCLjo4+4nwuZxbrf5nNyh3uqg/kbOLT119m3KeLyDkB2+fygstnwuUzUeIz4faZuKSJiQ8GBNCnaQBur38et8+ExWywYLvaVEREREREwe9ftG3mi9wz7mdcZfd9Gb8y6rrb+GZL4dEX4t3NzK8WkltN21RUVERERMRfz+Rcwa1RMbTp2ps5e4orpbK1XBtzBkvD2hKx/Fyihn5esW/VpdhnothLRcDr39RE3+YB/N9vBn2bmejfLIBin4kiL3gMEym51dXbV8Cnwwfy0WHaZs/y7/l2+R69SkVEREREFPyqcqXPYtFHDzEz3QfAb+8MZ86GFWQUeSvCRnrqFtKzqsan3Ix00jNy/aEqJ5UnXrqPX1PzcLm8eF0FeAG8LgpcXnAVkJWRTnpGFt6KsOiiwD8TBQVVy/b5fEfecEcSH3oM1r9+SZVgt+2bF/nowXmMu/5Crnt1L89MuZKvt7qrt868JlzeAIq8AQSYYNAZJkbNhVmp/r+DzjBhMUFx2XwuzwE5+cD6AXDlkrplCxm53sprIiM9lYzc3LL57HQaNorz40IqlklPTyfXX5Fsn/8wj83aSIHLhRcvBWXTXQVl6zuathQRERERkVPvHL8S2pPUq5hxby+g/6hAJq2+gG5R83ED5K7m/gtuYW1iEqYVK+jw0Ie8NCSOr+/vz4SsdjTNmE96n0m8dtpbADw57FIWXv86Vxc8yw0/mDGlbaTOzZN53vQS1/8QRo/QP/ipoD+zv7mTsPXv0u3muTQ07SAl7g4WTrme8j6+Y7mCp8dVtTct788VxEc8VHbPTkwLSP+zGBrbqq3OirwmyjexyBvARZ+Bx+e/yMvyPdDrMygtDSi7yicUeqtu48YPhlWpn+8uSWPIoKeI79uLddPmMPDt2Yxon8czF1/Gt3XOpE3GclabhrFwzhBmPPQGiVM+IHzLFwy46l3adK3NgoVFTJj1NG9/aSMo4gX6r+nI62/15/G+I3A0KGVdehsmTr2HzwccuS1n3K0Tu0VERE6EbTNf5cnPfweKqFU/iSvvHEbHWJsqRkTB7x/iLiJh4IOc9cZwhgw00fP5ScS8NJ80YPuPb7J8yEQWjkyEgkWcd9437Ol9AS8uyOOFb5/nggY2vF4vFu8DxL32HI/PmkJ7CyRPhLq9hvPVbWdjB+Bdvr8gjcw9G8i6+2NSC+6kHeBpeCGvfXIrcfbq2x2rqXbV3QOwVm+VOct68AJMUFopo1a+X/n2vpKDy9hfPy6+vu56mj76MY/3jCO9ZSaDv91Ej3Uv81nPN9k4shO4lnJNv2UA2EL9hW797ll29xvH9CfOw44XLxYevrkutxov8fNtLaFgFaG04tY3J3FOrI3tX918VG0pIiIiJ0Z+ygpiBz3KI92jSfnxWW647jMWz7keS0EBltBQLJSNCrKEYreAf+RPFjgiiY0ILSulbJo9ktjoUP+oqpwcXNiJjY32f1D1uijATqjFP/onNNSOq6AA7OXlisjROAUv7lKIyxrH5cM6k5rbjavOjMXpLAss27Po3qVJWeQNJsJYyFbO4rPRV/PywHNISkrimW+3gNefhDxlYwUNN/TolFAW+nbz+uBzuPipL9iSWUSwKRQrYMJNXNdO1Rr6/NuQiWEvT3qB2AA81Rz8vP7/eR7/X3cpFHght2T//TwP5Jc9fuD6q9aPlxKiyE2ewVtvvcX0bc24s5WFgpIwhnZpWR5nD9qGhOFfM2z3eLokJdFu0AtszgWPkQfu8pV5KI07h7Zl3yQedVuKiIjICWOPDCM0NAhKIL5nY0LJYdL517G0wP/42vFX8/yyPChYz6O9zuGhV1/l2p7dGbs8D7xpjOl1Dpc8+hy3X9ydPhOSSf5gGBfe/jyvPXQliYPGkwEUrn+Xbp0GM+jMTnS+7nNyyWH8ed395YrIUTslvydxe1wEd36C+fMgAhflHVR1WjXk669XMrrzeZCzm62mXjSz51LcfgQ/rrgXX+oXdLhiJvcN7EsMTjzeymWW3SlI5bu03sxc/jixpLH6+W8qz3T8QQ8wlexfcaPzb2DHjbPIuqsV0VmLeCP5PCadEVGt9ZXt8/9cAwbUscLKG+DaqTBnL/SqAx/2h/aTYa+vrNfPc6g691Y8pQLJxptwGSMHxANeMjJclK6uxacTZ3Jzx4EULF1AMiFVls/KtHLjhG+5Cy/fDT+TLzfexY21mmLaVmllTnfFOZVH25b3DjmDCL3ORUREqp3VEcz399/IurhQ0tLScHftSi5gq7//GG+xhRJkhaKUaczIvZLpzz9AnB28Xtj+xXAmd3mTTU90AlxkZHiJjT2aUVVernjvA4yGIWoEkZoe/Gxlu1Y+iiAQ8GKh3nl3c9sXQ0i6oBbk5DDs9alEe3dyf7/rWRARSWRODgMe+4xwSyOG9Avi7p5JtBsxmftsIVSMWA9txfCud9A3aTYApaZWDCl7yHGY7TGZjuIqmK613BbejoklANE83X8S+VNvIbzDvcy+5EJiAj4GYy1PztpBJ0f11pezUrbK98Iby+CD/vDwT/BCT3hzGaQUH5BOK7/xV64f7Fw67l1WXzaYpGf9+93u3o945/LHeHLFffTu9B5dezUCRyJgJTA0GIC8lePofdmvREYaZDkG8UVCOA0aDOC0l4fR4aszmTzzVoId+9dytG2p0CciInJieJxFXPXOt9zXLgTI4fWzLmDC8jOJ5OCxPcHthjP26tEM6pKEQUNGfjCZJvsKuLZny4rPD7Gxu3l9cF/eCxnAqEGnHzCq6txKo6osNGjVSg0gcoxMxrFceeQI1m3eQpsWzU76nT7UuPBjHSvuqjR+/UhSUlKIiooiKirq72+zM4diHEQ6qj+rm8YcPO2Zs+CxrvDsQnh8aaUHfBBeDLlPH2M9e3PZkppNTN0oMn56kiGzz2fNhH5V68/rosAFoaH2f7QtRURE5Nitff1qZiaN45HOp+HLXc/IC66n5cczMI+6hKLRC7m9lcF39/dn6xXfcFfTIjItsdQNhe1Tb6Z38s1Mb/w6/Vdey9qxF2FxZfJHympuu+EXPl7+LLGkMarjvQyYO4XWKWO5bE43Zowsv2Cbl20L5pPb7FzaH+ZiMitXriQxURd4k6PzX3i+VEfOqpEfje2hoUc17VjLOJzQ0FB27tx5XMHP7ojEfqIqxAccEP8f/xUeXwyU4h8HWv54AVzW4m/UkXcf3z03jDm7TYS0uZQpr/Q7+MlnsXOMzVAtbSkiIiLHzuoIZspdFzGl7H6fh97l+uZ12DO8DwOu68Z7RAF53DDUgi9zIf2uGkNkZCTZOWE892kbmjR7hUdXDaVT0lggm3MemsjwrjOOYlSVi+kjH6bwjZ8PG/xE5GA1ssfvn+ZyudiyZQter5eGDRtSq1atk+tJ8GxZsDMdIRwWQ+OgUt65PIDuLdSuIiIicmhVr+ZZMZWCAhf2A0ZMeV0uvBZ7xbzHMqrqcNTjJ6fa80U9fv8RNpuNRo0akZGRwZYtWygqKqK0tPTk2cBtF+zv1asc/irfDyvlyhZebugcQPcWAWpUEREROfwHTPuhgpuF0EOMyrHY7VXm1cgdkRP0ulQVnHgmkwmHw0FoaCiNGjWitLSUauxoPW7F57qOuP0BAQFYLNaju1CNiIiIiIgo+NXkAGi1WlURIiIiIiLyj9KYPREREREREQU/ERERERER+S/TUE8REREROeWsXLlSlSCi4CciIiIipyr9lIPIwTTUU0RERERERMFPREREREREFPxEREREREREwU9ERERERET+Hf/5i7sYhoHT6aSwsBCv16sWFRERERGRvx+QLBZCQkJwOByYTCYFv5Ml9K1evRqLxYLD4cBi0UVKRURERETk73O5XGRlZeH1emnfvv0pE/7+00nJ6XRisVhISEjQM1RERETkb0hPTwegQYMGqgyRSpKTk3E6nYSFhZ0S+/OfPsevsLAQh8OhZ6WIiIiIiFSr0NBQCgsLT5n9+U8HP6/Xq+GdIiIiIiJS7axW6yl1DRFd1VNEREREROQUp+AnIiIiIiKi4CciIiIiIiIKfiIiIiIiIqLgJyIiIiIiIgp+IiIiIlKNil0+VYLIIfh8Ne+1oeAnIiIicgrKy/fy5dQsnAU+DMNQhYiU8Xq97N27F5+vZr02FPxERP5LByuXE6fTiVdVISKHUf45dv6vTjZvLeWXJfmYTCaU/UT8cnJy8Hq95ObmYjKZFPxERE6xyITL6Q9N5f9d3r9fVtrSuUybNpvkrOofKuLL2sTsadOY9cvvVQKeb+uXWIPCCKv1EjuV/ETkEEpLDUwm2Lbdzdr1TswBZlaudZK+043JhMJftRxOXGXHEddxF5Wx6hemTZvNpiwNyT3Rynv2XC4XBQUFmM1m8vPzcbvdCn4iIqcU5xouiQgjLGz//yCrib73fsCuYw5RRXw3/Hz69+/N96nOat9UV/pUevfvz8UXTGd/6bsYe+nl0PZRNuY/S7xFTSrbx8v3AAAgAElEQVQiBzOZTHhKSlm0LB+X24LX66bIZWHhknw8XqW+45fPB0OC/MeR8E78lHU8ZWXzcdeu9O/fm89PwLFEDn5tlJaWkpubi9lsxu12Yzabyc3NpbS0tEbUgT46iEjNYIV6AYDRlrtfHEG93BV8/OL/mPHa9dx/5tl8flUz/3xeJ1s3/cGfRR7C6jSnZcOISuFxF5v/yMZaywpR/kl2K4CXnKxMsvftI6/IgzW4Fk1bNMReJc3lsGPXXvKLoFadetSNdpQ/wO4du9iXX0Rwrfo0rBtJSMIwVi48i4KQJjgqlvfQ/O4JfFmnPcFOJ9j3L5+TlY3XHkN0UD6bk7dTEh5HQuPT1OYiNUxpKQQEwNoNhWxOKaLUCAAMDKOUjVuK2bi5mLatgyktNQgIMKnC/o6sZYz9ruy2sZZ3ftxCz/LjR5mc3TvYuy8fgmtRr2FdHJbyw8Budu3dRxHB1KnXkGhHFNcsXkJiVglxzUL3L79jM1v25GENPo2mLRtXLO915pDphJi6kTh3bGbbPg+1m7ahnmP/ur3OXWz6YydFHiu1myUQH2mptF1b2bYnj+DwcGpF1SM60l7jmq+goICioiJ/8xkGpaWlFBYWEhwcjMPhwDCMU3rop3r8RKRmCWjLsJG38uDzrzCk7JiX/6f/IODeOpWB9jCaJCTSqVMnzoiP5JKX5+MFCtZ9jCmsPi0TE2gS35K7fq5UpnM53WvXo0nLBBITE0loGU+QdTgrc/wPp85+ClNQFPFNWpKQ0JJ6MWG8ta7Avz5LEPXim5CQkECTelH0m7gBilN5psf5dHtwGs6ydZ8f0oj+N9zGZb3PIj4mjD7PlPUGOldzaZ16xIRZMVlr0TIxkbZNorn49eVqa5EaxDD8oS83z8tvK5wYhg0TpWCAyfBhlFpZtDSP/HwvAQEmXezlb9oy83OSK1XdFy9Po6LTz5XCmIEmourF0zIhgZZN6hF26f9w4uKHZ/sSFOU/TiS0bEJMxBBWOiH7t9Gcf35Xpm8rALKZcl83ouJb0qlTJxITmhBmG8jMHf6hiOvf70u9elFYTSai4luSmJhA/YiBLCk/1kx7GmtYfRISO9GpUyKNoqy8MDcNyGTSta2JqteExMREWjZpQkytS1hZwzoZPR4PeXl5Zee7+gOez+fDZDKRn5+P1+uteEzBT0TkVFC6lq8mvs/4USN4vNg/6dJeTYDtjG49kKk+eGvJblyZK7jXBjMfvofvd6XyQsehAPQZ/SnJmxYwql2lMq2xPPPlLJI3pbA5eSb3tgW8E5izJRff7pkMvPhpAB765BdSNi3m9aHdKSlMrVhfn0c+ZVPKJqaNuxLcRWAFhwlw2LCynRc6DmVuKdw04Rd2JE9lgBm+f6IfX252g9Xq78k0nceLn3zFxEf6AjDru6XkqLVFaozyToowh5lh19XhyQdjePqhOJ5+qAFPPxTHkyNrc/PQ2jjKuo9q0gUtqk8m3732Lpja8uXGZF5uB6x9kB+2ugEvc57py8ipQI9HWbAphVXfvcC5Jje7Zj/JRY/PgIABfLxwM5tXTuWaBAceAFN4Renp057i0lcXQtv7WJiSwrSX+kDpVC6551tcgNUWB0DXW1/mq6/eZoAZKJ3K4vJjzYCnwHIbi3flk7XyXRJMMOqiSfyxeTrDPtoA5muZunIr2zctZsIjF2GtYa1nsVioW7cucXFxxMfHV/lbp04dzGbzKf/a0FBPEalZjLU8edsNFXcf/C6NG1uEgnMzGz3+aSM61WVExRxrWft7mv+xgAE89eCVtLG7WBUPrCl/J7XiSZ3NPZf3Zm6l0wTsVijet93/7fB5k3jqqi7YgTs/nAfOFQwsL/OJK2lhhxZ3fUpfANeK/YU4/6xY9/DruhBnh1Ev9GHqyBn8uCSFm+LL5ut/HXdfdSn2rAjefHE6yQ6b3uBFaqCAABO2wMofXE0H/JW/y715DiPXAAGNCA20El52HHh7ygquGdmG7Rs3AzB23ON0bWGDFg+zsB+sGd8HgItefZarz20ONOej1f0B2FCp/H0ZWwHoPfxGzm3cGG55gPMemcHcGQvY4roCc9l8l99xF5e2sVHroc+Y+vxCqHys8U7g7HoT9hfqncFu01P+274PGZD4Ia17DOXqm++gmaOGHPYr9e7t3buXkpISSktLK3r3AgICsFgs1KlTB6v11I7D6vETkRr2qWgAC3dtZ+IA/90x475jNwCeillemLWKTcnJJCcns+Tnn7mmZfBfFrnh3Vu59KFxzL3qZVbu2sXs0efu/8jlKb9amJviigOxkwJ3xT08Fav2kpNz+KvElc9XQi4AwaGVtssoK98RTVuzmllEpLqtmD7Rf6N0Khc3acmwqf67vz36DZs9XsqvxuUq2v/+7sxxUn69zjxX0f485szhoHf7En84z83zHPBAMMGVvslze/zlxzSsV+kAsf8YNzV5E8nJySQnr+Tnn94joflF7Fg5k3GjH+Ga/t1ZP+8jHrn6LN5eVVAj2q084FksFsLCwjAMA7PZXBEIDcMgPDz8lA99Cn4iUiMFRzXk1snzOS8AmHsn3UbNwetoTu/u/sdnf/I9W7Jy2f37XJ7v/QFZIfVIbOM/2N9/y7OMf+au/Sf3A56yg3WL4HCKtv7Kt/N+qXgspFEn/3CcuXdy7ahJTPv6fa4NCuP/UmL96yudytlDH+XTaV8zZqiVxDfWVdlWwxHHeWXzjXxiEtM/fYkRDy0C4KIz46rMazkgwIqISDXxbuSjx/zvvU99NZclS5awZOFUhgUC3rF8uyqA9v0uAWBU5xsY9/U0Pnj5asJiJ1Kr4/kALH6oI/dM/JQp74/GGt6DZQecYxdfPt/D9zNu2jTG3HW7fxTJjT2OeCXn0EbtK4Z+fjl1KVm5WWyZ9yEjxq+gcNXbNLzxJ2LP7M19949gaA0cDlI+fDMkJISQkBACAgIwmUxYLBaCg4MJDQ2tGRVhVKPkTb8b/6S0tDQjLS3NEBE5ouLlxlALBuZrjRX5/klZC181AAMwRs7aYRj5G43Xb+1WMQ0waPuosbHYMJzJXxjnBZRNSziv4vabyU7Dtf17Y4C57DFTW2NAD//tt1bmGIZhGDnJU42hbSuVaWprfLHJZRjZa42Xh3avsr47vtq8f1v7TzLyDcPwZq4wRvWvuvwLs7ZW3a+yeQ+6LyKiz1PHzbnyzbJjwhgjs9L0ZeMu8U+/Z7phGPuMaS9dVeU9vek9U4xiwzA2f/eCkWA6+NiyfuKVlY4XHmPVJw9VWb7FNeONP4r966o678H3nZtmGveeR5Xlu9wzxchN+aLqusG4c8IvRnENbUuXy2WkpqYaO3fuNFJTU43iYn9NlJaWntSvjerIWSajGi9ds27zFtq0aPaPhdb09HQAGjRooG+iRKT6vth1OXEWe7EEOXDYK3016nWS4wRHpOMQ58+5yMnxHOaxsjmcTjxYCXLYq8zjdTkp9oA1yIH9L76JdeZk4fKCIzL6L+cTEdHnqX/1IIKz2IPVGoS9ypu1F6ezGKxWHPa/+CkFl5Mspwssjr/1kwsuZw7FXgtBjiDslv3rd7mcFBd7CXJE1vhjyL59+ygsLCQoKIjo6Oj/xGujOnKWPjqIiBz4xmh3cMhjrcVBZOThlrITeYQDtN3hwH6Y9TmO4tjuiIzGoeYRETnZDyI4DvmmbsHhOIp3cbuDaPvff7e3OyIPeayx2x3Y7WoewzCIiIjA7XYTefiD+qn51FTzi4iIiIhITWAymTCbzdSuXbviJxxqCl3cRUREREREapSaFvoU/ERERERERBT8RERERERERMFPREREREREFPxEREREREREwU9EREREREQU/ERERERERETBT0RERERERBT8REREREREahrLf30H2rZtq1YUERER+ZvWrl2rz1Mih3ltKPipQURERET0AVdEFPz+SQ0aNFBLioiIiIhItUlPTz+l9kfn+ImIiIiIiJziFPxEREREREQU/ERERERERETBT0RERERERBT8RERERERERMFPREREREREFPxEREREREREwU9EREREREQU/ERETnZelwun04m3yjQnTpf3n92QnBRmzV2PV01yZM4Ufv6X6srrzPnnnxsiIqLgJyIix2f9/3oSFhZGv4lr9k8bn0jYmNX/6HYUbvuIiy+ejfMUrectH9zMFe9vqJ66+uMrev5LdbV+XBRho//quZHPZ9f24K11BXpxiYgo+ImIyMnCGhgOwKwRT7Mwp2yiPYZ4m3X/TK5MNq9bx+atu49QmovdW7eydcdunK5Kk73/396dx0VV738cfx2ZYQ7CjIyKW7mUaVqiZpiVtrh2tV0r2/vdrGv7ds2bVla2qqWZN0tv2U2rm9lq2qZpWmaW+66JqSQaBAgzwAwz+P39MYigoKBUiu/n49EjGc58zvfzPQMzb75nzmSSvGoVq9ZvJVDufeOhdS0I+0hetYpNqSViTdhHeupWktcnszU1q2RhsrJ8hAmQmrye9cmpB14FK3McB6sRLrp9a6meAulbWbV0/3H6AkAga58eAqSmfMfUlHSyfFlk+cIQ9pFVVM+XVbSKVm6fEVlbk1mfnMpvu4LQ2sZRqeMT6TMyzCyy9jRzgGOTlZrM+vXJpGft3b75wC38cn/i3nnISiV5fTKp6UW9BjJJfv8btqan4fNl4QuDr2i/hH1Fcx2RvnU9q1atZ/s+CXa/miIicnQxVWjlug3mz7Rt2zazbds2IyJS3Sx7qbPp8+oc88FADMO/M8YYs/qlzqbZiGXGGGN866YawNC2beT///jA5JRVKOcnMzCayDZgsLqZxTnGBLbMNN1qYGjbzbS1MHQbZ7aXcXffypf33rfov2e+To2McWSL0t+7r2gMOT9Fapf4XucRc02ojPrljuNANUI/m5Hd9u9pw7S7S83JzW+vMsYY418yusweAuteK3XbWWOXFW/brW3R7SN+LL9Pk2++HNqq9Pe6TTQ5lTo+35tuNTBtuyZGtnONMjvKPTb5Zvq++2s/zmTuORbDf4w8Tt4YUGqbZmOXmQ1vl75tzJIU89JpkX1E5rCdWZiTY96/v7UBTLui/qeszCq3pohIdXckZY2qyFla8RMROUKtDh5H3yc/hGFdmO0Dp8sUfSeHd67tT/+3V2FWrMDkr2Xgf/vx/KJd+9X45cvnmbD7AdKMwRjD9rUvc2KMjzcHXEjC1PWYFV+zYncGTy68mzeX7n8aoEUQom5k3vYcjAkxdygMXbAZgFa3LSE/FKmbtXIKjB3OGh/gBI8F4+dvxRjDjq8fZMGwxey/VpZT/jgOUGPNK//HYCYW97R14eMkBJdwe/9xTFnnw6xYQWDTVCZdfz2z0yPjKasHV6sBrH6pM81GLMMYw/f3tMc4XWC144ox68nMzCTnntPK7TO4/m0ueK4V87aHMcaw64dnIDNYqeOD04nHgo79x7I9M5PM9P9jejlzUrBqEpeMOIOFaSX2BzgA557V4PAmxg18nTu/TscYg8n/lc8ubUbLa0cz4TR4ZkkWxhju6+DBVRs4sz/rtmeSmfEtp/z8GleMO48VOYblKwybp93MDUkvk15OTREROboo+ImIHKm/oAN5kHA5X94PPV/8iuzo+Mg3fBuZugIu6tQi8rXdmqvvhMmLtuxXo1GbiyA8mnrtLmfIyIlscjbAG97A59/A1Kv6076dRft2dXg0H+avLOeUxMQunNHIDTho3ulm+HAZWUBgy+dcY1tYloW37Q1gncCeE1GzrW6c0bEJAAnNz4aCz0ne9wzBwMYDjqPsGj4Wf7KAqwb0IKGoTJNO51Bn23zm1LiNM0+KA8DVvDNDXSv4afOuA/YQKivotruTv3c7Ga/Xi9t2lNvnpnkfwiX9OaNRVCSA1bRhPViVOD57+rx9QFcaeb14nVvKnZOfv38bLu5N+4TS+6NkH456nNcfXu6ewKUDH+bVGds5vmnkcRPcZ7/BTBh91020auTF63Wzc+VsuLonp7gj3z/hvH4QmkNyfv1ya4qIiIKfiIhUkV6DZtL2sQt4aMxnNLRhT7oqKN4ijD+v7Pu6Wl1POPNnvn7ySmKT3+G8FuczJ80CYPzi2fzwXSZzv8kkJyeHj65vWXaR9cHiYFH/hDawHpzhtTyU1J/ak5dGVsNCy+laI6dUkAoVfRFV/3i6RpXf34HGUWYNN+QUlI5sjlp1weSV2H+IjN1756qsHorfi2eX3y8H7LP0Cl6M0xX5RyWOT/Fo8yswJ654yCkosT9TRiUP10wOsWnJfK7u4GJa/054nvyGva06SmfvfXfs31ufPH/xhB+opoiIKPiJiEhVaNSH8cNPZs5KiHcBdhtuuRSefWcePiC4dR5j/gP3dD1pv7tueH8s/9sYS7dLruWR5x4Bs4Icx8lcfy3cMfxdfiUGrzuG9OVfMGfTwa/4uDcQhfitEE5q3ADbEWDZxx8zd7encn3ZbQ5hHG7OuvJqvrh1AkvSfYQDWXz7zjts9CZxGZOZOjtyGuq2Oe8yIXwZvVrEl99DUUbb8tN60sMBfL4yLkFzgD5bnH0dfPIf5ib/ji9rE1MnT4WzXZhKHJ/KzEmrc66GOTfx6hfLWL3oEwbd+U+4wFX6/r6VjB35CfYp53DNwGEMfwLYmBn5IwCwaOXPBAI+fAFrv103O6cvfPIfZiX7gQDfTB0HXa+mDeXVzOGDB87j7nc26mdURETBT0REDsWeq3ru0fnON7gsiqLz9WyumrCQ7k9dgMeysJv1oN74b7k7MW6/OjHRu7jhzEZYloVVuycXDp9O90Zx9Ht5LSOtu2nhicFyxtD8vKfxO51lD6bVPl+f7cLY7Rj28gCGntsIy4rh9CcfLw5SAAYPJasZPOxf3j7gOMqr0fLasbxz92KS6nlwxtTm3JuW4KjZmvFzx/NE7+ZYlkXT7kMY/814TneX3wPASZcMots711DPGUPbV1bvv+0B+oxOvJ7pQ8L0OSkBT+0WvLY2E9yVOz7791n+nEQ1v4H1nz/LG306kDjwcxpecC17PjvCGbkrxNTE978rOD4mcmpql8cu46OHewEe/vbMY0z9ewdiYjy8vCabfSIj0c1vYumkE+hzkhvLiqHrw22YN+Vm4sqtCf5f5jPj9zz9wIqIHAUsY4ypqmKr1m8ksVXLP23wKSkpADRu3FhHUkSOQUUfBeBw43U7DrhdwJdPyBmD297nVD+fjxBO3G77kEYQ8GURIuaQ73844wgHAuBw4HA4St5Ili8fh9vLAaek9N7x+SDGve+JkBXr05eVBTHu/ea24senonMSJivdR0yCF5sA3zzVnq4pzxOacNF+4w4HAuSHQsS43aW/Fwjgw1HGWEve14cvP4zb6y1133JriohUU0dS1qiKnKXf3SIiRy0HXq+3QtvZbjdlRarybq8o2+3FroJODmUcDtsu60a83spWsnG7D71Pd7nHoKLHp6JzksdbF9Tmnj2f0+64jXmpvct8InfYNu6y5se2cR90Xt147UrUFBGRo+RVg4iIiBwFPNz9Yz7XZ2WSH3JSr1GCnsRFRETBT0REpPo9a9t4Exrh1UyIiEgl6eIuIiIiIiIiCn4iIiIiIiKi4CciIiIiIiIKfiIiIiIiIqLgV2kOh4NwOKyjKCIiIiIiVSoUCpX+rFgFv79ObGwsPp9Pj0oREREREalSfr+f2NjYatPPUR1h3W434XCYlStX4na7q1UiFxERERGRP18oFMLv9xMOh3G73Qp+RwLLsjjttNPw+Xzk5ubqtE8RERERETksMTEx1K1bF7fbjWVZCn5HUvjzeDx4PB49SkVERERERMqgq3qKiIiIiIgo+ImIiIiIiIiCn4iIiIiIiCj4iYiIiIiIiIKfiIiIiIiIKPiJiIiIiMiBZK2czqPDJrE5eJANC39j3uc/kVOJ2ps+fZLhn2465LGlr5vF8/+6l4H33svgYc/z2cp0IJcZzwzmk1/yK1csuJHn73uBjcHK3KmQ9bM/Z0VagYKfiIiIiIgcrYIsmjGDtN8W8cWK9L235gaBQjJ3pJCWU5SUsn/lnY9fY2mKj2CwsGjDHFJ++YW0nKKvC4PkFkYCU25ukPrtr+DqTg2L62buSCFlR+beWBXMpXDP/fbULB7EWp5/cQbtbnuc0c88xh1XtCN7ezZg0+7y6zmrUUxxD2k7UkjLySmuEcwtqlu0j2Ah4GjAhTdfwnGuPUPfwS+/pJCzd0NyC6EwN5OUlDQiXe/i+/c/ZsGWNILBvYkxZ0cKv6SkUViNHxkO/XCIiIiIiFQTmT8yc9t5DLnPxVP//ZHgGRfiIpePn7yfOVkx2DYEAgH6PTKOlss/BOB/zz/C8h53c09SCkMef5eE004lZdkaOt35HJc5P+eBF1cSTxYZ8b25vc0ClrYbRst62cx4fhDT05vRNLCNXxpfzuhBfyP1o2cZvawG1q7fcHd9gOevPnnv2MIh8qlPvVo1iY11Edu2J83aAmTzzYQPOOWZttQr3MaEfz7NEk8TGmRvY4fVnRdevIDp/3yW1i88x+mxsPbtx5nffhh3nvwLb0xazSMvtmDngvEMm/wbHU51snRNDe589iFa/PYBD7w4DzvSNLkt+jOmn49FBuwPRvHI/N48PqgnK14dwn9T65Ho2sZKujLi4cupreAnIiIiIiJHqi0LvsBz4R00a23TNns4P2VeSJfaADH0e2QUvRpHs/6tB/lkQya9el1H/IzJ3DT6OU6JCvLFYyNpeOVgbj2rITuajubZb5K5rCfsju/AvcOvopEL1r+1GIDdKd/xyabzefHV64glm0m3DWNl5t+oC3hOu5ynrz4N176Di23FrRd8yb+H3AOAq34Hrrv1Wjo1hmjbALDpk5f4MfF2Xh/QHoLLefRfawBwxkcXl3FGu4guSjEunFiFm3l9ygaufOhhzq7noNnIh5izKZsWbnC26M/IQd1wBZcz+N5v8Z/wD/4W8xk5t4ziphbR7E6ZyRvLmzP4mWs4jp2MGfICa3Mup4un+j02ju5TPQMbGHn7A8xK2bNMG2bhpIe4dfgX+CtRZudPM/nop51VPLZFXNprHLsquHnu5lnc3vN0kpJ6MX7eL39d7Upa9/at3PL2uj9vXkVERESkHNks+vp3fp8xkmHDRrLGBJizaAsQBmpRv3YkPDkcsHHr7xAOARAKRF5Hh7Hxb5rHu+++y7zURvQ4IYoCQtRq045G+6S4QFYq0R3bERupiNcOkPybD8KQ2O7k/UNfUUxL7DuYCRPGM/rZJ/n7Wdm89vT0Uu8xDBfYnHla86Kvokvdu9wVq4CPoIHk777k3Xc/YnuTTpxMEAhh169XNJZoLLOJtNwwBQDhSH4I+LOxTAY/zJzG/z76lgZndMWZWz3f/3eUr/jlMuun+bz59FxWvPo3HOnfcvf42RQ0bVW8hT89hVQfNDmxMXbxg2MXKek+3N6GxMc52PLNQzySP5aeifHYtoOAH+LiHAT8fhxxcQR2pZPlC2B7G5IQ5yh6kASw4xykp2wj7G5Ew/g91QPsSMnCSTZud4mHvD+dzak+3E1OJMHet49tPHP1EBJf/pIXj1/FRRdfSevPF9M1Yb9Hddm1A7vYvC2NmHon0jDeUfna4QB+bOIcYfz+MHFxdrk1d+1IwYcbr9vGjrNpdNYd3BfTuMT40sHtpWF83D7zahP2B7DjbMIBP2FHHLYD0lM248PNiY0TSrSzg3QfeBs2JE5r0iIiIiIVsjvlO2YHzmX46ItxFUZRuP1zho6dS2bvvpGXfHte+gF2tBPsmnisfMKFkVjgIMDuky5gQI/jgULS0gJEZ6yEgtB++7IbNCX041zSBrShHtmkBGw6HeeGJVAQKvudcgU7FjF7c326d25GbO16nNrqZPgkSFSJbeIbuln08Xz6tetB3oqf2EkM4CCanaxJzaNdC8P233JKRMIQ2G5cBGh8/nVc2LgGFOaQGYiFbUCpDBepFWsbcopacsTFAi7Ou3YATaKgMCeN3NhoBb8jTjhE86Ydab55Il+k96TB/14j6ZJz+H5F5AivePtebh7zK+cn7WLOkrOYMvcpTkidymXXvk7iufWZNz+PVz9/glfecxET/yyXLj+Dl8ZfyqMX34G78W5WpSQyYfqdjLvkEWqe04bk+fPp/cIMHjgvjjdvOo//bK2D12vIyspi6HsL6NvkN0b1uZx3406ljW8NKz134wCyl0+h+y1jSTo3icXzN/Pgm9Pof2qtEqFwB6vjb2JIx7q46MqjF3hYsCWbrgkltglvK7N2YcoMruz7OM0u7sWq6V9x+StfcEfHupWqnbv6dc67ZQ5Nra1sanIXc1+sy6371Yzj6yd78+D0JnRqvZ0f19bilW8+wJ7xGDPPmkIb92oe7nsTKW3OY8f8+Vz44r9ZVnJeJz/Idzd158vYJmxbm8LNr31I/ORLeH7LWXTy/ch3iUP5dnQ/0qc9xNUTd3B+81+Ztbk/87/6B/H6PS4iIiJyUJsXLKTxpbfRMLboPEVPV85iKD+kXEa0y1UqAMQ4gaimdG3vYuKDAznugvsZ9s/7+PnRJxk4LbLdcRc9yKCTKLV653C6iAZq1OvM/3WZz6MD78UmQN2ut9HeAylF3y87eIRYNvlZPpkMNpBPA6575F/EYorH16DLLVyx7kWG3PEVLU5NAFdLIJazLm7PY8/fzzxsIMh5faLA4cRlOzFRJ3LHfX14/KnbmV60rz6DxtAT9ll5dOF0uEi6uCOPvTyIH+v/jReGX84DF43l6TsGAmBoyaCX/oknqho+QEwVWrlug/lT+X4w1934htn448umQ4/Lzfk3vmE2r55oEjtOMP7QejMwqa9Z5ItsunD4+ebBWTvMipFtzClPfG3yjTHGhEzIGLP21YtNl1fWFtVcYm5IutF8lxoo3k1+VqrZsHqZmfZEojlnxGJjjM+82re7+SA5ss2KsRebuz/61fz81jWm1RMLi+70g7mu5yATpokAABYaSURBVEsmy+Sbj29rb174cZcxxpjsBc+Y1kPml2ojvO0Dk9hzgskq+nr52GvNM0Xb71Fe7Wk3nmYGf7TG+Hw+s/a9AYdU27/s3yax7wSzNd8YU07N4IaJpm3Hl4rq5JtX+95gvvPtrZe77GnTtuOoohrGhEL7zKvxmUl9O5jRC1Ii40p+17Tt+JKJHJ5MM7JjT/NVWpYZe8bpZtislL1FRERERORPFfD7TSBcsW3Dfr/xV3TjPfcJB4zfHyjnm9lm8+ZtJtufbX6eNcIMeOprs6d6OHCwcYWN3x8w4UNpOhww/kDgiD0mVZGzjv6Pc9hZQOOO13BZ9jbOGXgVTZ1F67mBdHZ4z6dlXOTLWvXcfLp0O21vf5+BqePokpRE+77Psn4XhEw2BEPFy8W7m3SmXcPI3wd2zhtDlx4X879FP1PACXhczsiSMo04vl5kG6cLZm3cSXZqLjf2aL3PAPPZurktnVpHVtjsWh6cs5eXen9elLceJ5RYfg0H/ZFdlFB27TAF1GbXyhmMHz+eT39pyd2nOghUsrZFkCbnnkkTu/yavmwftS7qWLT6FibaKl2jZvvbGX3ddvp2SeL0pH58sCF7v3kt4FQ6dzgegGDGZmpdcTaRw+OkrjeDVdstBkx5nLQRl5KUlMQlz8ys8PsYRURERKRquGJjcVVwxSsqNpZYV+WWx6KiXMTGlv0uQMK7mPvGKB4d+igTlzdl6H3dik8FjXIdbFxRxMa6OKTFuigXsS5XtT6uR3/wM0ECeBky5xuGnV2TwJ6cEdeEk7Le5LsdkS9TN27jqi5NSU9zcvOrH7F48Q88Uf9D3lubjadOC6xgiTTkCxafA739x+mcPXwmj918Jd3Pbk/J1FQcaQzUdTmp0yyBt2YsASB32xa24wLctGizgqk/RC5ykrV1GwXFAaqIXYv4rIl8nw6QyofTtnNig9JvBCy7toNoMgm3vYrBgwczePADXNYtEbuStSNJLFS8CF9WzfjjW+L/9E2W7QqQvXkhc7daOEv9jAZoPWAMixcv5oNHvDz+wbr95xUIFU2s6/iW+KZ9ROTwZLIpqw4dmrn4zXE6r8xawuIfptJixsss3wW//jSTWct1kRgRERGR6p86m3Dz8JcYO3YsIwf158RYTUlVOfovnVF0kRNHXGTtqAAw8dEYmnDXs9dx5cVJjPUa0prfzqdn1CX7oyfpfdUCvF5DursvU9vWonHjy6g7ciAdpnVk0mf/oGaJC6e06nMz3990IUnDIl83uKUf4CQ6rmbxNk4LarmgWe/7uGzU/5H0FXi9hgzP3Thw0O3OUbzb/yJ6jjBk7DqDV6afts9RSOTxJy7kyt5JjALsq8bwxIml/+JQdm2bK8a+zrKr+pH0VGQJrv39U3jtutaVqg3g3psUy6nZg4mDF3Nrjy6ccu65pO7p3RWLCyhMm88l147C6/WSmeXh6XcSaRyzd15fnzuq1JxFNbyA56//kIuTeuElk2a3jOPMeJgxpA9X/ZSAl0xiLnmUpHg/b9/1GG/9fRI92zfQT6yIiIiIyCGwjDGmqoqtWr+RxFYtj6wOwwH8ASJXqjzQbQerEXYQZ1ckJ5e4MuZ+twew4+LKTdvhQIBA+EDjKq82BPx+sCNXyjy02hykZpgdm7dB7XpY22fS+/9+4v2Fz9PcUbke9xuX30/AYZea23DATyBsE6dLeoqIiIiIVEnOqv6vrB02RYuBB77tYDUcFZ/SsgOLg7iD7NRh28QdUm2wD7v2wWqGWf7+c4ye9Qu73W0ZOXX4PqGvYj3ud4+4OPY/PHGVHquIiIiIiBzLwU+qiE3vwRPpPVgzISIiIiJytKmhKRAREREREVHwExEREREREQU/ERERERERUfATERERERERBT8RERERERFR8BMREREREREFPxEREREREVHwExERERERUfATERERERERBT8RERERERFR8BMREREREREFPxEREREREVHwExEREREREQU/ERERERERUfATERERERFR8BMREREREREFPxEREREREVHwExERERERkSOMQ1MgIiJ/tPT0dDIzMwmFQsdc706nk9q1a5OQkKAHgoiIKPiJiEj1DX3p6el4vV5cLheWZR0zvRtjCAaDpKenAyj8iYjIX0aneoqIyB8qIyMDr9eLbdvHVOgDsCwL27bxer1kZmbqwSAiIgp+IiJSPYXDYVwu1zE9By6X65g8zVVERBT8RETkGHKsrfSpfxEROdLoPX4iInJECOblUVj07yhXTVxRh1mwMI+c3Cg8HpcmV0REFPw0BSIi8tfL4/Mn7+PzzL0rY7USL+HB2y8k4RADYP7P7/DPF5288OpNeMrZ51fPPYHvisfpd1KMDoGIiCj4iYiIHA5jzMG2gIDFGbc9x83t3fh+XcQzT03mjQUdePCcBkXbFJK+5Reyww7qNG6Gt8RCXk76r2TmQq3aHqIcLjw1XdiN+zJsGLiNwQAEc9iRngOuWGoneLGDWaRu2UV+Vga5uW5weXAFcwjX9OCikJycXFyxHhzBHDKzc8gthFhPAgl7VhAL88gJ18TjgrycSN2ah71MKSIiouAnIiJHqYO/x80iBETH2FiWA0/jJE63JrMypwDLsrCC23jjoadZmBeDNyafrPzaDHjqac5ICPHtxAd5a0mwuFJhzZ6MHnMFzpSZDH/RwdhXr6Fw03QGjZpZYps+PPi3jSw0wGtPshzoev/znLbyEUZ/HUUM+eQDXe5+DPvfTzC7RG49te9g7rmgOfmbPmXwmLl4YyArH0Ln3sOk607VwRYREQU/ERE5NlVkxc8JpG7fSprHxbalXzLbwJUdGmCMYdNn4/gu4Wr+PeR8XMCa/97Kq1/+TLtOq5mypCF3PTuYRG8NfKun8MAkiDIGE+XE4MCYAD9Nm0G45UBee6ADEGTLlkwaN+tB7y8eIOcfo7ihlRuA5HXxGLxc+9D1nFzbhSvWQ+GI0VzuqUkUhSTPGcOIaYvI7nUizignEMMZ191H95ZeHK7YCvQpIiKi4CciItVUMBg82BZYHsPa98bwaNEtJ9/0BF1qG4LBLDasyyZq67v8676PAQgEoiisv4E1roXsrt+NpjVDBINQWKMGVn6YYDCIVRDGAoJBOD6xOY5PJ3LvYyfRIfF0zuneiXAwSL6BwlBB8fjy8wM4z+tN24ZF7woM57H1h3cY++HivRE1/kQKg0F2F+RTGHMO3RMbEDn5M0wwGNbBFhERBT8REZHy5GVbnHnnKK5pGebrcf/i48kf8Wu7v3N8FISDULfHXQzudRwFBYUQFUV0lIvtc3+EEmHLVc6zWpMe9/JU642sXLeBZd++y3Nfb2H4i5cB4GSf9+WFCov/uXv714z9cDEX3TmMbi3rUJj8Pv8ct/fz+KxAiEIdOhEROQroc/xEROQPZ1nWwf8j8k4/y4ql5z0Pc6a9nBEjZuK3Yml79vGkz36f1RkGjyeWGrt+5tslqZzQthNRu2Yy88ef2bx2Aa9Nmg/1nMU1wcKy8vn+vY/YZp9Al56X8Pd+SVjGT4FlEQ38svlXQqF88kMWRYMovv/uwjDgpV4dD47Q7/ywcAWmVvQ+9Sv2n4iIyF9JK34iIvKnBL+DbIHTNgSKQ1Ijbnz0TnYOfZnH3zqO0TfcwbW/vcrkEUOZXHSPVv0eotfxF/Dg9ZmMe+vffGO34JzTm2DW7AlbgA2W5SA6dxkTh39TvLeOVz9IQyuWM/ol8dVb/2bQ53DWXc9yZtFY9ow3utnZ9GryBZOGD4JIOYhnn/qR0CoiInJEPxebKnwn+qr1G0ls1VKzKiIixVavXk1CQkKV1CoM5hEsBFfNmkUnaBbiy8oj2uvGRZClU4byWuYVjLv3LKL2vzN5wcL9Pxw+GCQPxwE/iiHP54NoNzUP47Pg09PTadOmjR4QIiLyl+QsrfiJiMifoipOd3TYsfs8cRUw+9mhzMmPfGVoycAnz8RR1r4cNrFlPevZNrEH2W+sx3NY49bVPkVE5K+m4CciIn/sE43DQSgUwuVy/QHVY+k3YjS9cnIIhB3UTvByJH6EekFBAQ6HnnJFRETBT0REqqk6deqQnp5OrVq1iI6OrvoLnThsPLVtPEdg78YYCgoKyMnJoW7dunowiIiIgp+IiFRPe97fl5GRQTh87H3OncPhICEhocre5ygiIqLgJyIiR2z4U/ARERH56+hz/ERERERERBT8RERERERERMFPREREREREFPxERERERESkmgQ/fUitiIiIiIjIkZWvqjT4OZ0OggUFOjoiIiIiIiJVIFhQQLTTeWQFv3iPh7TfM3V0REREREREqkDa75nU8riPrOBXr05tCkIhtm3fQSAY1GmfIiIiIiIilWSMIRAMsm37DgpCIerVqX3YNS1Txels9+7dpGVkkp3joyAU0lETERERERGppGink1oeN/Xq1KZGjcNfr6vy4CciIiIiIiJHFn2cg4iIiIiIiIKfiIiIiIiIKPiJiIiIiIiIgp+IiIiIiIgo+ImIiIiIiIiCn4iIiIiIiCj4iYiIiIiIiIKfiIiIiIiIgp+IiIiIiIgo+ImIiIiIiIiCn4iIiIiIiCj4iYiIiIiIiIKfiIiIiIiIKPiJiIiIiIiIgp+IiIiIiIiCn4iIiIiIiCj4iYiIiIiIiIKfiIiIiIiIKPiJiIiIiIiIgp+IiIiIiIgo+ImIiIiIiIiCn4iIiIiIiCj4iYiIiIiIKPiJiIiIiIiIgp+IiIiIiIgo+ImIiIiIiIiCn4iIiIiIiCj4iYiIiIiIiIKfiIiIiIiIKPiJiIiIiIgo+ImIiIiIiIiCn4iIiIiIiCj4iYiIiIiIiIKfiIiIiIiIKPiJiIiIiIjIYXNoCkREZA9jDAUFBfj9fnJzcwkGgxhjjqoeLMvC5XIRGxtLXFwc0dHRWJZVrXuuinkQEZHqzTLV4dlNRESqRDAYZOfOnRQUFFC/fn08Hs9R2UdOTg6//fYb0dHRNGjQAJfLVe17Ptx5EBGR6k2neoqISDG/309BQQEtWrQ4qgOQx+OhRYsWxSt5x0LPhzsPIiKi4CciIsdQ8EtISKg2/SQkJFQo+FWnng91HkRERMFPRESOEXl5ecTHx1do2x2rFrEkedcR3U98fDx5eXlV1HMOq+dM46WRLzHhv+/w+bcb8P2BYw+uf51zLp9cJfuoyDyIiIiCn4iIHCMKCwsrtmF4Lf/qcCZJV7xFVpWOIJM5739B+p/YU4V6Dm/iqdNqkfjA19Rt1QxPMIWR3Z9hzR+Y/MJ5OXz3Rc6ff2xFRKRa0lU9RUSkWEWv95Ux/z2mhIHldzNr6+1c1TSqKK2kMfe9//Fdcg4JrS/ilitOwxHYwqcTJ/N9oCk33nodrb0OCrNWMmtZPvVZy4wF6SRddjO9E+uy+YuX6H7lEzz06ttccXE/Tnfv4MtPv+DH5BxO7Hwp/budjIMwG+bMZld8LMs/W0f3Qf/gJPvQe6pIz2tev5dH140iLTCIyEmhl3DNwMj3/FuX8OkXs9mUVpOzr7yG7q3qQng7cz7bQKOWNZk3bRbRHS/nhr+1iTzpVnCOcO7df9n7SGPOZ6vx1s/gq0Ue7r3nAuwqOLYiIlI9acVPREQqKYcPBj3Bsz9s5cv7of/kpUW3pzGqY326veej8/mdcRfkkk8ao+qewCeeblx44hJOafgi6UDg16/p3f1MOkz1c1KtVPq0TeDjrYXkFUSiS17QhRPwb/mORb8fx0W9GjGyRys+3FoI5DFvUG/OPP1cdh3flJg/od8FEz6j/1v9KOudgFsWzCatYVe6tt5Oj8Rn2QKQv4OnL+9O61NH4Gru4cU+ibybHKzUHB18H9t4+vLudOg8g3rN6ulhKSIiB6QVPxERqZTC1M8ZuPJGfu7UhIY8A53/zbohb3Lipk8ZvKIbixc+wulFS0/B5CkMzmvHKw0McCIU/Jd1vkGcDmCPI2fCXbgJwzdjmb4ilUl9etPVMYsBd/SjrQNodD3DmqWzfss6ukdD8k4fNI38zXLYD1n8q1P8n9JzEGjX2Fvm99pc+y+apm9l6/qWUPg2O33QzAnGasesHR/RIyFMwfP38fPv+QRDlZyjCuxjXtabnOvW41JERA5MK34iIlIpqz6YAoWTaWFZxJ05FAonM3Xh74RCQbA8OEv8STGU5wPqUJCZwqad9Xj7vedovmeJrtXe7dz1IK8gDOEQAHn5kds3vnMLVvw/mLfhV/IM2M69Qcx2/lkdR1O3GQz9ak0Z3wvw4W0WnlsnsiolHawSHwdh1SHOBsgrHm+l56gC+4jWQ1JERCpAK34iIlJx4bWMfmAmUzcFuKp5FOBg+YTOnPb4Zwz58nxuqHEnMxfuoO05DQn4fMS16Ew3605qd/iM61vt/fDwXIA1O8kIg9vxK3P+C53uTIDQTjJ2Z1AAQCaf/ON1hn3vY2CnbB6+ASKJafef3LRNn/ufgXO7MKlXKjd3agiE2bpqJdENC3jiP+2Y53+ac/2fca35CucBAmlc60rOEWD5llVqHyIiImXRip+IiFRY9sL3mHLum1zS3MWevx227/sEzB3N11knM2LOeIae2wjLsoi57F18djvemDWGG1rb1GhnYTluYokPDC4IPc0JTgvLOoGfHp7OLYlx4D6ZB65bwXkei0mroukzcQDDz3RjtbuL/CtO5YEOD7IyYOH6k/uudc6DrJr2OAPOjPRmWU6adfgP2XEn89CtKzivpkXirdO5oe0ckm59Fz9grOOpWRTQisfrOKXCcwRAKzDuiu1DRETkQCyjy3yJiEiRVatWkZiYeHhFwgECYXDY9t7TSsIBfPkhYtxuHEDu0jHEDYgjc9nfcfjCuN2lr0cZCASK7x/2+Qi73diE8QXAbTuqtKdK9Rz2keULgyMGb4kxB3wBbLcd6R0HtsNx2HO0r0rv4484tiIictTSqZ4iIlLMsqwqeGax2S+bOexS4c44XdAUHDhwu/d/KrLtvds6ioOQA7dd9T1VqmeHG28Z13ix9wzMYWNX0Rwd9j7+iGMrIiIKfiIicvSzbZvMzExq1679h+4nLvEOzMd/fD+ZmZmlQuRf2fNfqSLzICIiCn5SDp0lKyLVTWxsLCkpKXi93mrRT0pKCvXq1Tvg7+vq1vOhzoOIVG9a9Rdd3EWhT0SkWHx85HPxli5dSkZGxlHbR0ZGBkuXLi3VU3Xv+XDnQUT02lWqefjXxV30gyMiUvL3m9/vZ8eOHWRkZJCXl8fu3buPqh5q1KhBzZo1qVOnDg0bNiQuLu6Af+muDj1XxTyIyDHy4l+/BxT8REFPRKTk771wOMzu3buPut+BlmVRo0YNHA5HpV7gHM09V+U8iIiCoCj4KdCJiIiIiCggylHomH2Pn0KfiIiIiIheOyv4iYiIiIiIiILf0Up/sRARERER0WvoY4lDD04RERERETmc19d6D6CCX7UOfQqWIiIiInI0+KODmTFG4U/BT6FSRERERORIeP2qcHYMh//q+HEOVdWSAp6IiIiIHBOhoIoCoYKlgt8RHfAU+ERERERE/rjgpkCo4PeXhjMFPBERERGRPye4Kfz9tf4fA3wNXIu1wCkAAAAASUVORK5CYII=',1,'x'),(32,'iVBORw0KGgoAAAANSUhEUgAAArEAAAD2CAIAAABOekiHAAAAA3NCSVQICAjb4U/gAAAAGXRFWHRTb2Z0d2FyZQBnbm9tZS1zY3JlZW5zaG907wO/PgAAIABJREFUeJzt3Xd8FHX+P/D3brakb3pTEkioIUBIQgsl0oIU6VaK3y/f74knR0TBAw/1TvEU9M4H+hMVcvb7egrSFBQQAoQWIEASQkggCRDSSM8m2b47vz8+59y6LVtSCLyeDx48JrOfmU/Zz8y+Z+YzMwKO4wgAAADue8LuLgAAAADcFRATAAAAABFiAgAAAGAQEwAAAAARYgIAAABgEBMAAAAAEWICAAAAYBATAAAAABFiAgAAAGAQEwAAAAARYgIAAABgEBMAAAAAEWICAAAAYBATAAAAABFiAgAAAGAQEwAAAAARYgIAAABgEBMAAAAAEWICAAAAYBATAAAAABFiAgAAAGBE3V2Au8tf/vIXkwkAAID7RMfEBDU1NdeuXSstLW1qalIoFBqNRiqVenl5hYWFxcTEDBo0yN3dvUMygk5lOxKSSCQeHh6hoaHR0dHx8fH4TgEA7jGuxgQ1NTVHjhwpKioyma9UKpVKZV1dXX5+/oEDB8aPHz927FiBQOBidtCNNBqNRqNpbm6+du1aRkbGtGnTEhMTu7tQAADQYQQcxzm98JUrV3bv3q3T6Yiod+/eQ4cOjYyM9Pb2FovFra2t5eXlly5dKi4uZokHDBjw2GOPubm5dUzBXSCXy9977z3CBQIzNi6dcBynUqlqa2vz8/MvXLig1+uJaPLkyePHj+/aMt690K8AoKdz/jxBfn7+zp07OY6TSqVz5syJjY01/lQmk8lkssGDBxcUFOzevVur1RYVFR04cGDmzJkul9lVt2/f7u4i9DwCgcDDwyMyMjIyMjIuLu7rr7/WarUZGRn9+/cPDQ3t7tLdFdCvAKCnc/K+g8bGxh9//JHjOJFItGjRIpOAwFhsbOzChQvZVYPs7Oxbt245WdKOU15e3t1F6NkiIyOTk5OJiOO4c+fOdXdx7hboVwDQ0zkZExw9elStVhPR+PHjIyMjbSceMGDAgAEDiIjjuIyMDOdy7EA4nnNdXFwcm7hx40b3luTugX4FAD2dM9cOWlparly5QkTu7u7seLFdEyZMqKuri42NHTx4sLU0Go3m4sWLRUVFNTU1KpXK3d3d19e3X79+iYmJMpnM2lKtra25ubk3btyora1VKpU6nU4kEvn4+ISGhvbv3z8uLk4k+ncdGxoaPvjgA+Nl+eu+s2bNSkpKIpsX1FtbW8+fP19SUtLQ0KBWq6VSqUwmi46OTkpK8vf3N0msUqk2btxIRJGRkcuWLSOikpKSS5culZWVtbW1CQQCLy+vBx54ICEhoW/fvhbr1dTUdOHChRs3btTX16vVarFYLJPJ+vTpM3LkyMDAQJPECoXinXfeIaI+ffo8/fTTarU6IyOjsLCwpaXF09NzzZo11lrPaXyVW1panCuGne2pUCjee+89Nmblf/7nf3r16mWtSNXV1Z988gkRiUSiF1980dPTk813rl/p9fqrV69evXq1qqqqpaVFIBD4+vr27t17xIgRJtdK7OlXDlXZhP09HADARc7sTYqKitgQs9jYWLFYbM8iERERf/jDH2wkKCsr2759e2trKz+nra2tra2tqqrqzJkzDz/8sMUh7tnZ2QcPHtRqtcYzNRpNfX19fX19QUHB0aNHH3300QcffNCuilmXn5//ww8/aDQafo5CoVAoFFVVVVlZWampqaNGjTJOz++mtVqtTqf78ccfc3NzjRM0Nzc3NzcXFBSMHTt26tSpJtnl5ubu27fPuF5qtbqmpqampubChQtz5swZMmSIxew0Go1er//qq68qKirYHOMm7UAGg4FNCIX/OdVkfzHsb09PT89BgwZdvnyZiC5dumQjJsjJyWETgwcP5gMC5/rVnTt3duzYUVdXZzyzrq6urq7uwoULY8eOnTx5sqM30TjahZgu6+EAAORcTMCfI+3du3eHFKK6uvqrr77S6XQSieShhx4aMGCATCZTKBTsnjeFQrFv3z6pVMqfr2YKCwv37dtHRO7u7ikpKf369ZPJZEKhsLW19datW1lZWZWVlc3Nzf/85z+XL1/u7+8fEBDADuAcfTBRcXExP5oyJSUlNjbWx8dHoVBcv379yJEjbW1tP//8s4eHx9ChQ/lF+F9KrVa7f//+vLy8hISEhISEkJAQoVDY1NR06dKl06dPcxx36tSpmJiY6Ohoftny8vI9e/ZwHCcWiydNmhQbG+vl5SWXy4uKig4fPqzT6fbs2RMSEmJ8tMrfzaHT6S5cuMD/EneehoYGNmF8gGtnMRxtz6SkJBYT5OfnP/zwwxKJxHydBoOBpWHp2YRz/aq+vv6LL75QKpVisXj8+PGDBw+WyWQ6na6srOyXX36pra09efKkXq+fNm0aS29Pv3KiC5HjPdxiawMA2M+ZmKCqqopNhIWFdUgh2A2Nbm5uS5cu5Y94fH19k5KSIiMj09PTtVrtzz//3K9fP6lUyi918uRJNvHoo4/GxMTw82Uy2dChQ2NjY7dv337t2jWVSnX8+PG5c+c6Vza9Xs9GUwoEgieeeKJPnz5svo+PT0JCQnh4eHp6usFgOHDgwMCBA/mfK/4gsqGhoa6ubt68ecOGDePXGRQUNHXqVJ1Od/bsWSK6ePGicUxw6tQpdoPo1KlTR44cyWYGBASMGTNGo9EcPXpUr9efOXPGuEZ8CKLT6c6dO+fp6Tl16tT+/ft7eHgoFArnKm4bu3hERMbXPuwphhPtGRUVFRwcXFtbq9Forly5Mnz4cPPyXL9+va2tjYhCQ0P5cwnO9au9e/cqlUqBQLBo0SI+6hWJRP3793/wwQe3bNnS1taWlZUVFxf3wAMP2NNWznUh6qoeDgDAc2aMIb9/9/b2dr0ExcXFd+7cIaLExETzU6AhISEJCQlE1NbWVlBQYPwRW4qIoqKizFcrEolSU1OlUmlISAi70uGca9euNTc3E1H//v35vTkvPDycHWUqFIrCwkJ+Ph8TGAyGQYMGGQcEPP6g0OR4WqfTBQQESCQS87EX/BGtye0bxiFIU1PT008/PXz4cC8vL6FQ2CHfkYnbt2+fOXOGiMRisfEZb3uK4Vx78mf4L168aLFI/KWZESNGsAnn+tXNmzfLysqIKDY21vw0mKenZ0pKChFxHJeVlWWleUw5V2Xqqh4OAMBz5jyBSqViE8ZHV07jn4FobfjhoEGD2PF0cXGx8TGiSCRi11nLysqMj7N5QUFBL7/8sovFu3btGpuwdr/lgAED8vLyWPFMzv0y7LfHYvHYhMm19kWLFlkrDD8mznhknzGO4+Lj4zvjgQEcx6nV6rq6uoKCgnPnzul0OoFAMGfOHB8fH4eK4Vx7Dhs27MiRI1qt9vbt23V1dXzTMUqlkvUiiUTCj7Rwrl/x8YG14vXr108sFnt5eSmVSosJzDndhbqmhwMA8JyJCYwPgq09l9D2pXrjT/nRCSY7eh7/08IfNjH9+/dnR4fffvvtuHHj4uPjfX197Si+Y9q9UBISEmKxeLyIiAiL8/mzxCYjyGzgB/GxcfgWDRo0yM612dDuSAsvL685c+b079/f0WI4154eHh6DBw9mowgvXryYmppqvEh+fj47UB46dCgfpzrXr/hnDFiLq/z9/devX2/xI2uc7kJd08MBAHjOxAQeHh7sZ0ylUtl534EN/CHvu+++azulyfF0ampqZWUlu8yckZGRkZERFBQUFRUVGRkZFRXl5+fnYsEYuVzOJqzdt8YfKFs7dufHwJuwMXCd3QhXUlLS2Ngol8sVCoVerzcYDPxofxs6b6yZWCz29PQMDw/v27fvsGHDbH/11orhdHsmJiaymCA3N3fy5MnGwSh/xwF/4YCc7VeNjY0mxXCd01Xumh4OAMBzJibw8fFhu7nGxkZru06LB5oWZ/JXItrFnpLE8/Ly+t///d/Tp09nZ2ez8WX83WJEFBwcHBcXN2LECGs/yY5manG4u/F8k+LxHL1praqqavv27fyPk6M6ZACB60/st1YMp9uzV69eoaGhd+7caWtru3btGn8eora2lg3IYAn49M71K/5eQdeDXfP1O1rlrunhAAA8Z2KCXr16sb1wRUVFuw8xbBf/k/nqq686+oYkqVQ6ceLE8ePHl5SUlJSUsOe6sI9qa2uPHj16+vTp2bNn23hQkv3Fs/ayKH5+h7z1sbm5+auvvmLXqsPDw0eOHBkWFubl5SWVSt3c3IRC4RtvvGF7DdZ+eLqYtWK40p5JSUn79+8nokuXLvExAT+60PjpQORav7JRPCe4UuUu6OEAADxnYoKoqCg26LqwsHDMmDEulsDd3Z2dvFWr1c4d8YhEIv7xyW1tbTdv3iwpKSkoKFCpVGq1+vvvv/fx8XE6dpFKpezivVartfjTwh9ZdsiIy1OnTrGAICYm5qmnnjLJ0Z5rB3c5V9pz6NChv/zyi0ajKS4ubm1t9fb2NhgMbHSep6enye+ic/3K3d2dHZE73RvNud6FOrWHAwDwnLkXsV+/fuzM8K1bt/ijFqfxF575x+C4wsvLa/DgwbNnz161alW/fv2IiOO4X375xekV8teA2e1k5vj5HTL+6/r162xi4sSJ5r8f/JXpnsuV9uSfL2QwGNgNAiUlJaxN4uPjTR7x61y/CggIYBNNTU32L2Vbx3ahDu/hAAA8Z2ICkUjED+b6+eefXSwBPyyf3RfeUdzd3WfNmsWm+YHfTuCLZ20l1dXVbCI8PNzpXHj8KDOL496Li4tdz6J7udie/AWC/Px8ImJX1gUCgcmFA3K2X/FLWXvJYUtLy5tvvvn3v//9888/d3SdHduFOqqHAwDwnHwv4tixY9kNVKWlpUePHm03Pcdx7Cmt5vhTvjk5ORYvuN66dWvz5s179uxhZ4mZw4cPf/nll++++66NPb67uzubsHZt255rxuyELRk9uc8E/5wZPqUrjB+KbPKRTqdjTwpieuh1BBfbMyIigv1w3r59u7y8nN36Hx0dzR/f85zrV/wjBIxnGrt+/bpOp2tpafHy8rJcQ7N+5VyVO6SHAwA4xMmYQCQSLViwgO2Sjh8/vm/fPmuj7omoqqrqs88+y87OZn8+9NBDxp9GRkayx8zV1NQY/+YxarX6wIEDTU1NOTk5xq/lbW1tvXHjRltb26FDh6yNMOd36yaPgfPw8GAT1u4eNNa3b192g/v169dLS0tNPr116xZ7No6/vz87keui4OBgNmGSl8FgYG/Q4X+Keuh1BNfbk50S4Dhu586dLDAyP0lAzvaryMhI9mjk8vJyvsfy2trajh8/zqb5x07zrPUr56rsSg8HAHCOm9N3nXl7ew8YMODatWtqtbqysjInJ0ehUIjFYjc3N/b8tfr6+qKioiNHjhw+fJhdMfX29p4/f775HrxXr155eXl6vb6kpEShUPj5+Uml0tbW1uLi4l27drEHuXh5eS1cuJAfhBUREZGbm6vVauVy+dWrV9nbZYRCoVAoVCqV7Gfg2LFj7E1CCxYsMD6qKywsZD+oarX6wQcfdHNza2xsZAPKjh07xtLwgYtAIAgPD8/NzeU4rrCwUCKRyGQykUjU0tKSm5v7ww8/6HQ6oVD42GOPmRyqmq/KnHkajUZTUlJCRGVlZYGBgT4+PlqttrS0dM+ePcXFxQsXLpTL5ewCuUajiYyM5DiODTuwJ7t2ub6SdtfgdHvygoKCzp07p9fr2S+lj4/PrFmzLN704US/EggEDz744OXLl3U63fXr15VKpUwmk0gkbW1thYWFO3bsYD0nMTHR/DWG1vqVc1V2pYcDADhH4OI9VyqV6sSJE2fPnrXxZD0i8vT0TEpKSk5O5s92mqiurv7uu++s3ZQfFBT02GOP8Y97Y2pqar7//vuamhob+QYEBMyfP9/kcfcFBQXbt283SWn71XbXrl3btWuXxcM1d3f3efPmmZ/otufti+Zp2CuGTV5nQERCoXDWrFkJCQl5eXm7du2yv+QOcX0ldq7BifY0tm/fPuPTTjYiGCf6FRFVVVXt3LnT5F3JvFGjRk2bNs34JdGMjX5FTlXZ6R4OAOAc588TMCKRKCYmJjExMSQkhA38FggEer3ezc3Ny8srPDx80KBBEyZMmDlzZkxMjMnIcGPe3t4jRozw8/PjOE6r1er1evbinD59+owfP37mzJnmD0fy8vJKTEwMCwtjj5fR6/Xs1XNSqTQwMLBv374pKSkzZswwf3hccHBwUFBQY2OjRqMRCAReXl4RERHx8fFk/TA3MDAwISFBLBbrdDqdTmcwGDw8PMLCwpKSkubPn2/xmbXOnScQCoVDhgwRi8UKhYIVTyaTxcXFzZ07l72BMCQkxN3dva6uTqvVisXioKAgNt6zp5wnYJxoT2O+vr4sJhAKhfPmzbNxF6gT/YqIfHx8EhMT2Z0LrHhubm7+/v6xsbFz5swZPny4xdMSNvqVc1V2uocDADjH1fMEAF2vrKzss88+I6KBAwc+8cQT3V0cAIB7hJNjDAG6EX/hwHygHwAAOA0xAfQwdXV17OEEERERFt8gDAAAzkFMAD2JVqvdvXs3uwVxypQp3V0cAIB7ijPvOwDoYmq1WiQSlZeXHzx4sLKykoiGDx+OkwQAAB0LMQH0AG+//bbxn/379585c2Z3FQYA4F6FmAB6AG9vb4VCIRKJgoODExISEhISOuTN1AAAYAz3IgIAAAARxhgCAAAAg5gAAAAAiBATAAAAAIOYAAAAAIgQEwAAAACDmAAAAACIEBMAAAAAg5gAAAAAiBATAAAAAIOYAAAAAIgQEwAAAACDmAAAAACIEBMAAAAAg5gAAAAAiBATAAAAAIOYAAAAAIgQEwAAAACDmAAAAACIEBMAAAAAg5gAAAAAiBATAAAAAIOYAAAAAIgQEwAAAACDmAAAAACIEBMAAAAAg5gAAAAAiBATAAAAAIOYAAAAAIgQEwAAAACDmAAAAACIEBMAAAAAg5gAAAAAiBATAAAAAIOYAAAAAIgQEwAAAACDmAAAAACIEBMAAAAAg5gAAAAAiBATAAAAAIOYAAAAAIgQEwAAAACDmAAAAACIEBMAAAAAg5gAAAAAiBATAAAAACPq7gI4rLWlRalQ6PW67i6IBW4ikYeHh5e3j0Ag6O6yAEAPwXHNzc2tLS06nba7iwI9m0gs9vLylvn5Of0b1MNigoa6usrKitzcnPq6uu4uiymhUCiTyQbHxUVF9Q4MDunu4gBAT8Bxd6qrSm+Uns06U1VZqdfru7tA0FO5ubmFR0SMGT12aHy8h6encyvpSTFBW2tLRWX52TNnJk+dFhkZKXRz6+4S/YZery8vv3340EG9Xu/u4eHl7dPdJQKAu11zc3NpaemRw79MnzEz4sFebi7s1jiDoQML1u0M91Z1OI7jOK5Ts9Dr9RXl5b8cPujl4x07OE4odGZsQE+KCRRtbXm5uZOnpvbu06e7y2KBm5tbVFTvKVOnZZ/LeuCBBxATAEC7WlvkZ8+eeXj6zP4DB3l4eHT4+oUCAeFSZkcQCAR3/0XhyKgo/8CAUycyB8XGOjdesCfFBHq9vrGhITKqd9dkd/rk8dHJ4x0Ntby9vTmOtFpcFwSA9ul0uqrKytCwMG9v77v/JwfufjKZTKVSOX1KoifFBERkMBiEQmFnn4Ex5mheHMeRwOGlAOC+pdfrhUIhAgLoOByRk79BPexeROcukAAA3LVcGUMA0LF62E+sm5vbPTbwBADuc2KxBLcbwF2ih107ICKDQS8Udl1YbX4VoKGhgYgCAgIsphcIBDrd3fjsBAC4a2GnAR1FKHRzZUBbDztP0O0aGhqmTZs2bdo0FhmYE4nFBj3OZAAAQDeQSiR6nfOnne6FmKCqquqtt96Kjo4WiUSFhYUmn54+fXrChAkBAQFTp049dOiQKxmxgKCpqampqclGWAAAANAT9aSYQCAQiEQizsyuXbsyMjLefPNNlsz4o6ysrGnTps2bN+/UqVOpqamzZs06evSo+RosMlkbCwiGDRtWUFBQUFAwbNgwFhaYLoU7DgDAbgKBwN3dvbtLAfBvPWo8gZV7dX7/+98/99xzRLR06VKTj1577bWVK1euWrWKiAYOHFhWVvbaa69lZmY6kblUKn3qqafS0tLYvQ9bt2794IMPpFKpeUoDh2sHAGAXgUBAuAkROpTB0H3XDkaNGlVeXs7/WV1dPWbMGBfXaZvBYHogbu2+Xr1en5mZuXjxYn7Ok08+mZWVpVAonMjX09Nz1apV/M2QQqFw1apVnpaeKa1z7YFFSUlJriwOAI5KSkpKSkoaOXLk7Nmzf/rpp64vAO47gA6k1micXtbV8wRCofDEiRNPPvkk+zMzM9POzv3EE098++23TuSo1WpsBEFarUajUbPp8vJynU4XHh7Gz4mJieY4rqKiPCoqys7s+GXtpHP5hY3Z2dnmM51uLgCwR3Z2tsFgyMnJWbNmzYwZM7o4dz3uO4AO4uKbgFw9T6DVanU6XW1tLRE1NjaqVCr++QHHjh1LTU1NTU3NyMggou3btycnJ69bt46INmzYUFxcPHLkSIPBMGnSJHbO/6233powYUJKSsr+/fuJyPgjnpubG8cRZwX9djABO6Y3vuSvVCqJSCKRODGeoK2t7YMPPtDr9exPvV7/wQcftLW1mSxl/vgR44qcPHly+vTpM2fOPH/+PPs0IyNj4sSJH330UXJyMsuUnSdot7lsNC8AOEen04WGhrJp/oyd+SZJRKdOnZoxY8b48eP/9re/sTk29mC2T/6JRT3qGi7c3SQSsUvL2/PraENiYmJ9ff2WLVs4jtuyZUtFRUViYiL7aO7cudnZ2RcuXJg7dy7HcZMnT75165bxgmwiKSnpypUr/PyysrKUlBSLH1VXVX7+j23NTY0t8maL/4joQvZ5/s+G+jqpVPrjDz/wc/bv2yeVShvq66ytwfjfycyjOp2O//N22a34YcOWLFnS2FDf2FC/ZMmS+GHDbpfdMlmqvq72s/RtN0quG7cSX5H58+fn5uZevnx5yZIl7KOHH3740qVLmZmZSUlJxi3TbnPZbl4AsF/ir5KTk7OysviZxhMmm9jcuXPPnTtnviobezCLym7eeHfTW1fbSwZgJ6VSseH117RajXOLd8B9BwEBAc3NzZWVlaWlpREREfz86urqoUOHDhky5M6dO0SUlpa2cuXKnTt3mgclAwcOJKJDhw5NmjRp/vz5ra2tJh/9Nj0ZOM7iP6LffOQmEk2aNPHAwQP8nAMHD6SkpLiJRNbWYLI24xX6ymR79u7Jy8sbOix+yNBheXl5e/bu8ZXJzBdUa9QmNx/wFamqqlq2bNl//dd/lZSUsI8aGhqGDBkyatQo7rfLtNtcdjYvANgjOzv73Llz77333ttvv208nz/xabKJVVdXJyQkGKe0cw8G0NlUSpXTy3bMOatHHnlkw4YNM2fONJ4ZFhaWl5fHcVxYWBgRzZ49Ozk5ed68eQsWLGAJ5HK5r68v/foWg/fff//DDz8UCoXLly9vaGhgDwo0f8EBR5zJyx3UajW/ETY2NtXV1Xl6erK3jq5fv37KlKnBwcHTp8/45ZdD27alHzx4gHPkdkHjxH5+fnv27J47dx4R7dmz28/Pz3xVv84xnc8qEhER8eabbxrvJmQy2dWrV+VyuUn6dpur3eYFAIewu535MchisbisrKysrIxtcSabWERExNmzZ5OTk/nF7dyDAdzNOqa/xsXFcRw3efJk45nPP//8yy+/vH79+ueff56I1q9fP3v27GXLlrFP09LSZs+ebZz+ueeeW758eV5e3uOPP27yEU8gEBgMBpNzHfv27YuJ6RsT05eIUlNTY2L6fvLJJ+yjwYMH79mz+5dfDk+ZMmXfvv27d+8aNmyYnadQWI4mM/38/Hbv3rV79y4WENhY0KLVq1evXr163LhxmzdvZnNWrly5YsWK/Px8k5TtNpft5gUAh7D7Dl5//XV+xMCzzz67ePHi/Px8Ly8vjuNMNrHVq1e/9dZb48eP37hxI5tjYw9mezyBUCjEfQdwlxA4dNDcve5UVx0+dHDa9Bld8xqxgiuXRyePlzc3ObSUXq//fsf2adOm9YnpZ0/6n3/+efjw4aWlpa+//vrBgwedKikA9FS3b93cu3fP+Akpw+KHd3dZ4F6g02n/8uorf9nwpkjkzGDDHjjelbPwXqJOzM3BvIRCoUPPJ6iqqtq4caNUKmUPVgIAAHCaSCTWarvv+QRdj92K2HXZOZ6XQ29zXrZsGU74AwBAR3HlUlTPiwnkcrmvTNZl2Rkcjwm65tIGAACACb1e78pvUE+KCYQCgUgk0qjVnCMH4i5yNK/GpsaAgEAMNgYAewiFQqlUwt85BeCikuLrEQ88YO2R/+3qSTGBh6dnv/79T506OX5Cip+fv/n9fkTEcZzWwdcNGAwGnaUHi4aFP3DzRqnFRXQ6nXmsIBAKOYPhzOlTQ4YO9fT0cqgMAHB/8vL2GTJk2OHDh4KDg2P69uvUs4wGg0Gtcv7O9buBRqPR9eh7NH59nG4naWlt2bnju3nzFwoETh6X9qT7DjiOa6irLS0tKSosbGpuNvy2Z7iJRKL2HhHqJhSKxf8Zimmx5kKBUNzesyEFAoFEYuGNiMRxkVGRoaGhvaL62F4DAAARcRynUipLS4sP//JLZUW56zclCoVC6V3z8mWpVOp2d5w0Fbq5WXyNbbdwl7oLOqdZBALB2HHjBg6KdXNz8oC/J8UETFtrS1NTo1ajcaLkTp9OsX/9np5eQSGhnZ0RANxLDAb2ENQetjeGu41AIBAIhK5cvO55MQEAAAB0hrvirA4AAAB0O8QEAAAAQISYAAAAABjEBAAAAEDk3PMJlEplS0uLxqmR/wAAANA1BAKBRCLx8fHx8PCwK72jv+sFBQUKhUImk0mlUtxxBwAAcNfiOE6tVsvlcg8Pj9jY2HbTO3aeQKlUKhSKhIQEPLsXoKe4ffs2EfXq1au7CwLQddDtjRkMhosXLyqVynbPFjj2097S0iIo/20uAAAft0lEQVSTyRAQAAAA9BRCodDX17elpaX9lA6tV6PR3D2PhwQAAAB7SKVSjUbTbjLHYgKO4zCGAAAAoGcRCoX2DB/EVQAAAAAgQkwAAAAADGICAAAAIEJMAAAAAAxiAgAAACBCTADQ02m0hn0H6nR6PGgc7iMGg6Gurg7P1+d1VIMgJgDo2bLOyc+el2dfkHd3QYC+/PLLvn37dncp7gvNzc3Nzc1yObr9v3VUgyAmAOjBamo1Z842Gwx0Kqu5vkHb3cW5rxUVFa1Zs+b777/v7oLc+zQaTXNzMxE1NTVptej2HdkgiAl6MIGR0NDQxx57rKysrLsLBV2H47iTp5vlLXoiamjUnTnbjFOpXYNtdCYzH3vssU2bNsXHx/NzVCqVxZTgCo7jmpqa9Ho9Eel0uubmTun2VVVV/N715s2bji7eld97xzYIYoIej+M4nU733nvv7dixY/HixV2W7zPPPIOdXfe6cVN1pbCN//NCTsut2+puLM99Ljc3d9myZd1dinufSqVqa/tPt5fL5SqVqsNzOXPmDBEFBgYSUVZWlqOLcxzXZQF6xzYIYoJ7gZub24IFC4jo0qVLSqVSIBCEh4dv2LCBvQJLrVanpaX5+fn5+vouX76cdZfp06f7+Pio1WoiOnbsmEAg+PDDDxUKRVpaWnh4uI+Pz7Jly9inarX6pZde6tWrl6+v7/Tp04uLi4lIIBCkp6ezCYvrh86mVhsyMhtVKgM/R6PhjmU26nQ4VdA9+EPDsrKyIUOGeHt7b9q0if/UfOMy31ShXQaDoaGhwWD4T7fnOK6xsbHDf4BZTLBo0SIyigks7gyt7SFZZzDfPbLvPSws7IsvvggKCoqKijpy5AhZ6iFEdP78+Yceekgmk/n4+EydOrWgoKDTG4RzRFlZWVlZmUOLQOfhv0G9Xv/5558T0fTp01nnkEgk77zzjkKh4Dhu/fr1RLRt2zaW5qWXXuI47rvvviOin376ieO4P/7xj2KxuK6ubuXKlUT09ddfs5Rvv/02x3GvvfYaEW3duvXo0aMikWjChAkmuVtcP3S27IvyV98oeW1DqfG/V98oyclrMUmJzbbDWdx58jMff/xxIvriiy8++eQTfqb5xmW+qUK7mpubi4uLS36ruLhYLpebpHSx2ycnJxNRfn4+EY0cOZLNtLgztDjTxu6Rfe9isTg9PX3v3r1ENGTIEM5SD+E4rk+fPkRUVFR05swZDw+P1NTUzm4QxAQ9mHFs5+/vP2/evIqKCn5+TU0NSxYdHU1E9fX1DQ0NRBQVFcVxnEqlCggIWL58OcdxQ4YMmTNnDsdx4eHhRCSXy9ng1bi4OI7jYmJi2OIWc7e2frh7YLPtcLZjgpCQECJqaGior6/nZ1rcuEw2VehArnR7tVotlUojIiI4juvTp49EIlGpVJyVnaHFmbZ3j+zTpqYmdlZVLBZzVnoIm7lixYrDhw+zMjjNzgYRcI6cYbh9+zYR9erVy/5FoPOwc1Pm3yCbbzAY2ISHh4dKpdLpdBzHicVid3d3pVJJRGlpad9///25c+d69eq1c+fO+fPnm7xM09vbu6WlhV/czc3NYu7W1g93CWy2Hc7ipsfPlEgkWq2W3yLYTIsbl8mmCu1qaWmpqakxaS6O44KDg319fY1nutLtz549O3r0aOM5p06dSk5OtrgztDjT9u7RuP/w0xZ7yP79+9PS0kpLS4nI39//ww8/fOqppzq1QTCe4J7F9xI+/GxsbCSiBx54gM1ftmxZVVXVG2+8ERAQMGvWLCKKjIwkIqVSyQLGlpYWIgoLCyOipqYmaxlZWz/A/cnf35+IWlpa+PMEZGXjYhAQ2M/b29vDw8Pk0Nbd3d3b27sDczl9+jT9ehn05Zdfpl+HFFjcGdreQ9q/e7TYQ2bOnFlSUnLt2rUNGzY0Nja++OKLJkt1eIMgJrj3sWEye/bs2bVrFxHx9ybEx8cPHz78008/ffzxxyUSCRE98cQTRPTdd98dP37cw8PjkUceIaInn3ySiHbs2HHq1CmRSDR27Fi2uKenJxHdunXL2voB7k/jxo0jor179+7cuZOfaXHjAkcJBAJ/f3/jKEooFAYEBAiFHflbxgYYJiUl8f+zORZ3htb2kIz9u0eLPeSRRx7x9fWVy+WPPvooEfn5+Zks1fEN0hkXJKBrWPsGTearVKoVK1b4+Pj4+vqmpaWp1Wr+ozfeeIOIsrKy2J9KpfKFF16IiIhgA2hv3LjBZj7//PN+fn4+Pj5sVC1LvHbtWqlUGhwcbGP9cDfAZtvhLO5I+Ylr16717dvXx8dn06ZNUqmUiDQajcWNy4mdMBgMhtra2uJf3blzx2AwmCdzpds/+OCDRFRSUsJx3K1bt4jowQcf5KzsDC3O5L9Zi7tH4++dn7bYQ86dO5ecnOzp6ent7Z2SknLp0qXObhCMJ7hP6fV6uVw+YcIEPz+/EydOdHdxoBNhs4V7jFarraysZJfwIyIi2GlOE/dVt+/ABsG1g/vUt99+GxoaKpFIPvvss+4uCwCAA8RiMTuLLpPJLP7+3W86sEFEHVQk6GEWLVrELnQBAPQ4vr6+Wq1WJpN1d0HuFh3VIIgJAACghxEIBEFBQd1dirtIRzUIrh0AAAAAEWICAAAAYBATAAAAABFiAgAAAGAQEwAAAAARYgIAAABgEBMAAAAAEWICAAAAYBATAAAAAJETzzEcNmxYZ5QDADpJbm4uNlu436Dbm8jNzbUnmTPvRQQAAIAep933IjrzvoP75O2TAPeG++qlsQAMur0JOw/pMZ4AAAAAiBATAAAAAIOYAAAAAIgQEwAAAACDmAAAAACIEBMAAAAAg5gAAAAAiBATAAAAAOPMM4sAAADuB80NdWcO768oL0+ZPqfvoLhOzYvjOK1Ww54tLCAigUCr1Xp5eXVqpiYQEwAAAFhwo/Dy9q1/u3n9aqvKkHM+a/FzL5bfLq+rrZ0685Hovv3sX0+jspjjdAGeA20nUygUSqVCIBAISEBEEqkkJyfHXeqeNGKES9VwBK4dgKnMzMwZM2Z0dyksuGsLBt0OfQM6nKJV/uk7r5UU5Dc2qZrl6qJrN/6y5vl333r74y2f/O7pp2+X3bJ/VVm3N/18fcWd1su2k3GcQSAQEBEJSCAQCAVCg8Fw9OjRnEuXXKmIQzolJrh48eJDDz3k6+vr6+s7ceLEK1eusPn/ri0REf38889JSUnu7u5BQUELFy6081HM9qzZ3MSJE52timNsF8OeZBzHvfDCC56enh1XKIfL8/XXX3/33Xf2L+7cV+kE44IZN5SdzQ62CX7l6+ubkpJyqQt3Q65vOI52WoB2VdwsuVlcMmlU3xFDo7R6vVKtaW3TJMZFxfQOVShajx09anEpA6dT6VrUujb+n1avbNPW1yqu7itaUS4/326+7CQBEWm12n59+8XGDqqsrKypqenIutnI3Yn3Irb7VolBgwZt2rRpypQpOp1u69at33777YULF4hIIPh3didOnJg/f356evr06dMbGxu3bNmSl5e3d+/edgtgbc22PfDAAxUVFXbV0DV8BZ1O1tDQEBgY2NDQ4O/v39Gl6xROf5Uu6nEN1Y3s3Gz5btnW1paenv7ZZ5/l5eV1Rfk6YsMBMOH6O5Cu5Fza9/H6Zxel6DlhWWUjZ9CdvFASl5AwcnLi9n8evKMLW/fyWvOlTpV9VNJwTCj4z3V5oVBU05aj0TUSCX2kfWb2fydSNtJijq2tLWq1mliATgIiEgqFIrFIr9cLhW7e3t5O14XsbpBOOU+gUChCQ0M9PT19fX1feumlM2fOmCR455133nzzzblz50ql0rCwsA0bNtj5K2JtzfwBxPfff9+vXz93d/e4uLjjx48T0ZQpUyorKwUCQX5+flVVVWpqqpeX18SJE5uamohIp9P5+/t/8803YWFhQUFBX3/99aeffhoaGhocHPzNN9+wdWZkZAwZMsTDw2PgwIGHDh0yKVJhYeHQoUODgoL27NnDzzTPyJxOp2M5hoaGhoSEsOyGDh1KRAEBAURUUVExceJEHx+fCRMm3Lp1i4i0Wm1gYOArr7zi6enpdMkLCgoGDBgQFha2b98+k9Yzz9FiIe38Ki02gnkWRHTt2rWBAwf6+/t/+eWXrGrGNbVYEeOG4stvXjXb3x1Y5OXl9bvf/a60tJT9af49mvRDiz3EvOVNvlOLG47F7mGbxc3Ew8Njx44dMpksJiYmPz/fWkXGjRsnMNJRDQj3hgFxQ+Y9tUjo6Sf0Du4fO2jokIEDB0XHJo7wCu59pbRGZulohOMMN5vOljVfuNl8lv9X2niqTaPQGtw1BlG9snx34doKea7FHFnEyxHnRlKJUCZxkxEnUqlUWq22U2tqrFNigg0bNkydOnXZsmU7d+5UKBQSicQkQV5e3iOPPNIZa/7973//zTfftLS0rF+//sUXXySiw4cPExHHcXFxcatWrYqPj79z586oUaPWr19PRCKRqKWlJScn5/r16x9//HFaWtqVK1eKi4s/+ugjloCI0tLSNm3a1NTUtHbt2meffdYkx3Xr1i1YsODGjRvG51rNMzInEonkcnlubm5xcfGWLVtYsvLyclZaIlq7du2oUaMqKytTUlLWrVtHRGKxWC6XCwSC+vp6p0u+du3adevWffvtty+99JJJkcxztFhIYza+SouNYJ4FEa1Zs+bxxx+/efNmVlaWSqUSiUTGNbVYEeOGMi6/SdVsf3dgkVwu37x58/z589mf5t+jST+02EPMW97kO7W44VjsHrZZ3ExUKlVOTk55efnSpUvXrl1rrSInT57kOI7juH/961/oHmBCJBL1H/8o+USKfMMNnqF6n6ibLd5td240F+SUV9UuWfyU+SIccZzBU62TqLW/+afSilVakVorUWtF9W13jt1MN3AGC4tznMFgEAs9q5WnMqtXZlatrGo7IRJ6/HvdXYNzRFlZWVlZmT0pS0pK3n///UceeSQ8PPzgwYNsJp+du7u7SqXiZzpUEttrHjx48Lp1627evGm8CP9pYGBgbW0tx3F37tzp3bs3/ymbyU7a1NXVsWmhUGiSNUtgMjM4OLimpobjOHZ5wkZG5uUxzprPjv80PDy8urqarSQiIoL/tKqqypWSBwQENDc3WyyPtRzNC8mz8VVabASLWQQGBrKZRUVFxo3D19RiRcwnzKtmccH7jZ2brfFuYeDAgXzjW9tqLPZD233PeCmLG47F7mFcQvNi295MampqAgMDbVSE47iLFy9OmzZNo9G020TQg9j/a2Wbuu66svSw/nZmQea/fjrwS/mhTXcO/uX44f0nTp5SKBQmifUGXfq5Z1/cP9jGvxf2xR66/rHFvBobG6uqKuUN2qPXNryZSW9m0pGi11ob9TU1d5qbm1ysiJ0N0ln3HURHR6elpf3www979uxZuXKlyafh4eFVVVXGvx/ma7B2Ns/2mn/88ce6urqRI0cOHz48MzPT5FO5XB4cHCwQCEJDQ/kCEFFQUBARsbMOgYGBbNpg+Hccd+zYsREjRvj4+Hh4eJiXp6mpiV3SZiuxnZE5Pms+O159fT37NDAwsK6ujp8fGhrqSsnlcrm161LWcrRRSBtfpcVGsJhFc3MzK3xkZKTxyvma2v4KbFTNzgWBYd9gU1PT4sWLlyxZwmZa68wW+2G7Ww2/lMUNx1oPtMHaIsHBwUTk7+8vl8ttVKS2tjYtLe2rr74Si8X2ZAf3lTt37lwqrNAYJBqdoahccf16yQPDJobETWjTuv35T2vfe/cdvV7/2yUEKo1bq0LYqvztP5VQoRIqVMJWhTAh/LFJ0b+zmB3HcXq9Xq/T6fUeOoOfzuBnMHjq9Tq9Tm8wdNF5gk6JCc6ePctf/4iJiTEf3zdmzJjdu3fzf1qMCSzGCu2uuU+fPunp6dXV1atXr168eLHJp6GhoXK5nK1ZpVLZWZ0nn3xy1apVlZWVzc3N5p/KZLLGxkYiunPnjosZmQgODmZnWevr69kOjrH/wqfFkvv5+Vkb4mAtRxtsfJUWG8FiFj4+PqyE7IoAj6+p7a/ARtXsXBCMyWSytLS006dPsz+tdWbb/dBay/NLWdxwnOiB1hZh8UFjY6NMJrNWEa1Wu3Tp0vfffz8kJMSevOD+0dbW9uXnny9burggN+eHlkH/qO4ncPP45st/vP/5/ks3tX9/Z2NpSfH1a4UKhcJ4KaFA+EjsyseHvbYofsOi+A2Lhm9YPPzNpcPfkrn1a5JTYzON7vX44oQ/uwndLGaq1+v1eoNep1FruTattE0rVWk5nU6t1+vNj8c6SafEBGvWrPnzn//c2NjY1NT08ssvjx071iTB2rVr33zzzV27dqnV6qqqqrfeeis+Pr5D1jx69Ojt27frdLro6Gg+gmOnpono4Ycf/tvf/qZQKD799NPJkyfbWZ2BAwcOGDBAo9Fs2rQpMDCwpKTE+NMRI0akp6e3trZu27aN3985l5GJKVOmfPDBB21tbX//+9+dW4nFkicnJ3/77bcnTpwYMGCA6zna+CotNoLFLBITE9PT0+Vy+XvvvWd/RcyZV83OBcGYUqncunXrsGHD2J+dsdWQlQ3HiR5obZGtW7e2tLR89NFHycnJ1irywgsvPP300wkJCXZWCu4THMd99P8+2Lb1o9ramtyL2UXVjdcbtNlnTysVrZ99teMPL77av1/fNWtffnZFmvnovyj/AZP6LZwQM2dCzJwJ0XPGR88eGz3LjQtqlNPk/kv/e5Tl4WWMVqMhrdsPpW/vK92qVgWpVUE/lX62q/h1gV7cdcMMO+OCxM2bN2fMmOHr6+vv7z937lx+EePsDhw4kJCQIJVKw8PD09LSrF0GdnTNBw8eHDBggEQi6d+//759+9jMb775RiaTcRxXU1Mza9Ysb2/v2NjYzMxM81JZnM7Ozvb39+/du/ehQ4deffVVT09P4yLl5uYOGjQoICBg586dHh4eWq3WWkbma7aYHT9RUVGRkpLi7e09efLkiooKO0vbbsmvXr0aHR0dHBy8Z88eV3LkWfsqLTaCxSzOnz8fExMTGBj4+eefu7u7m+dlsSLmLWZeNdvf3X3C0fEEnp6ekyZNKioqYvM7cKsxTmlxw7HYPcxLaLzvstZpd+zY4efn17dv38LCQmsVMVnhmTNn7GtR6AFcGU/Q2NAw5aHxwwYPjI8dMHHEkLFrPx/7xt4pY5KGDR4YHzdodGJ8XV0tS2kyDEWhUFRWVhYXF1+9evXy5cu5ubmXLl0qLi7+cO/mv27/c3l5eUlJSXFxcWVlpflYBI7jKisrr1y+kpuf/cfd8x79YuCjXwxcs2t2XkF20dWiarPBVY6ys0E65fkEAA45evRov379QkJC0tPTv/nmm1OnTnV3ie4p9+FmiycZgCvdXq1W7/p+x4Gf9t8uK1O1NYvCBwrcxLrKAk8fWa/IqLFjxy9autTd3d18Qb1er9FodDqdXq/nOM5gMLAfWj8/P7FYzK5surm5iUQiiUTi5vabKwitra21tbXVVZUigVTFKbdc+KuB069IXO/l5qvj1MHBwcEhIb6+vk41BpHdDYL3HUD3++GHH/75z3+2trYOHTo0PT29u4sDAPc1Nze3J55aNHXaw3W1tWqNxqDVEse5SSQSqSQkJNTf31+n01lb0MZwZj8/PxuZslOtffr0YX/GD9lBRD4+PuxPlUolFHbFuwhwngDgHofNFu5D6PYmuvM5hgAAANDjICYAAAAAIsQEAAAAwCAmAAAAACLEBAAAAMAgJgAAAAAixAQAAADAICYAAAAAIkdjAjwxFAAAoMcxGAz2vFPXsZhAIpGo1WpniwQAAADdQKPRSCSSdpM5FhP4+PjI5fIue5EzAAAAuMhgMMjlcv7tCTY4fC2goKBAoVD4+vpKpdKueSUDAAAAOMFgMGg0Grlc7uHhERsb2256Z8YHKJXKlpYW9t5opwoJAAAAnU4gEEilUh8fH4svd7aQHr/rAAAAQLgXEQAAABhRdxcAAACghzl//ry1j0aMGNGVJelYiAkAAAAclpiYaD7zwoULXV+SDoSYAAAAwGH35G35GE8AAADgML1ef/HixVWrVo0ePVr/q+4ulKsQEwAAADjMYDBs27btqaeeYtNMdxfKVYgJAACgZyspKVmxYkVhYaGL61m+fLn9ifV6/ebNm4cOHcqmLZ4nyM7OfvXVV1esWPHqq6/m5OQ4kYtDiV2HmAAAAHq2jIyMJ5544tixYzbSvPHGG+2uZ+vWrfZnanxuwNp5gn/961///d///cEHHyxZsuTKlStO5OJQYnvqaJvDMcGoUaPKy8v5P6urq8eMGeNiIeyRlJTUsYkrKipeeeUViykdystONrLr1HydYKMYLjZsRxUDAIDX1NQkl8vHjx/f2tra2NhIRBzHvfDCC3v37l25cuWJEyeI6KuvvqqoqPj9739PRJcvX167du26devYeQWW+O233yajg/KcnJyXXnppzZo1Fy9eNEnDMz43YO08gbe3d2FhoUql6t+//6JFi9hMPpeLFy+ycv7hD39gzw/kPzKfsFhsO+toP4djAqFQyLJnMjMz7RxV8cQTTziaV6favHnzM8880yGrsqdqHZid/WwUrPO+jo6qaXZ2tvnMu60XAUC3y8zMTElJIaJJkyYdP36ciAQCgUqlio6O/tOf/rRnzx4iWrp0KRF9/PHHRLRjx45nnnlm+fLlu3fvZomVSuWTTz5pvM6dO3f+7ne/e+aZZ2yksec8wfPPP9/U1LRx48Z33nnn+vXrJp9+9913K1as6NOnj06na/dFxubFtr+O9nM4JtBqtTqdrra2logaGxtVKhXfCseOHUtNTU1NTc3IyCCi7du3Jycnr1u3jog2bNhQXFw8cuRIg8EwadIkVvS33nprwoQJKSkp+/fvJyL20ccffzxu3Di+GkeOHJk6der777/PF8AkF2PmiU+ePDl9+vSZM2eaP1/i3XffjYyMtNwoQuHWrVvHjRvHn+oxKarFqpknszM7h4rNHz2zCYuNxhgXzKTR7CyzcyW0VlPjr9588YyMjIkTJ3700UfJycksXmYVbLcX2eh1AHDP0+l0J06cSE9PX758+datW0+ePKnT6YjIYDDExcWFh4e3traaLFJfX//OO+9s3LixoqKCzeE4LioqyjhNQ0NDdHR0dHR0Q0ODtTT2nCcICAh46qmnNmzYMG3atH/84x8mn8rl8ujo6EGDBpm8ZMDiOwfMi+1QHe3FOSgxMbG+vn7Lli0cx23ZsqWioiIxMZF9NHfu3Ozs7AsXLsydO5fjuMmTJ9+6dct4QTaRlJR05coVfn5ZWVlKSgqbHjFixIkTJ0pLSydPnsyvMzc39/z589ZyMWaeeP78+bm5uZcvX16yZIm16pjPHDFixMmTJ0tLSxcuXGg8ny+qtaqZ18ie7BwqNp+GnzBvNPPE5o1mo8zmheyohuW/evPFH3744UuXLmVmZiYlJRmvod1eZLvXAcC9LSsr6+uvv+b//L//+78zZ85wHPfMM8+wOcYTbW1tHMe99tprJnsJ88SvvPJKUVFRYWHhK6+8YvIRc+7cuapfJSYm8tPnzp0zTrZ58+acnBydTldUVPTHP/7RZFWrV68uLS3Nz8/n5zz33HPV1dV5eXnPPvusSWJ7im2jjnZy5plFAQEBzc3NlZWVpaWlERER/Pzq6mo2AvPOnTtElJaWtnLlyqVLly5YsMAkChk4cCARHTp0aOPGjS0tLdyvMZHBYEhOThYKhU1NTfw6Bw8ebBx8meRizDxxVVXVsmXLiEgqldpfQYPBMGbMGKFQeOPGDTbHpKjWqmZeI3s4UWzjM1TmjWYxC2uNZk+ZO6ph+a/efPGGhoYhQ4bo9XqTYrTbi+zsdQBwT8rIyFiyZAn/58SJE7/44ovRo0ebp1ywYMGf/vSnzZs3P/bYYx999FFbW1tKSsrChQstrnbBggXbtm0TCASLFy+2lrVer58zZw6bnjVrFhHt3bvXJE1qaup33323bdu2wMBAdmrT2Pz58zdv3jxlyhR+zuzZs//6179OmTLF3d2d4zjjCwp2Ftv+OlrmaBDBDtQuX7787LPP/vjjj5zZwej58+fnzZvH5tTW1o4bN45fsLm52Tj9jBkzrly5cvXq1QkTJtTX13OWDoJnzpyZl5d39uxZ/vDRPBeeeeIFCxZcvXq13epYm2mjqBarZp7MnuwcKvbo0aNv3bp14sSJESNGWCutcXasYOaNZqPM5uvp8IY1X3zq1KmXL18+deqUeXVs9yLbvQ4AoDOcO3euzBKT8wS2ZWVl1dfXX758ec2aNZ1XVIc4eS9iXFwcx3GTJ082nvn888+//PLL69evf/7554lo/fr1s2fPZoeDRJSWljZ79mzj9M8999zy5cvz8vIef/xxk494L7zwwurVq0+ePCmRSDiOM8/FduLVq1evXr163LhxmzdvNkmclJTErljzEzaYFNVa1WzUyEZ2DhX72WefXbx4cX5+vpeXF9fe2Qi+YOaNZk+ZnSuhPQ1rvvjKlStXrFiRn59vkrLdXmS71+HmBQDoJHpLHFpDfX3966+//sUXXzh2KN+ZBO3+rgB0gZ9//nn48OGlpaWvv/76wYMHu7s4AAC2nD9/PjAw0Hx+fX093osI4KqqqqqNGzdKpdJVq1Z1d1kAANpXX1/f3UXoeDhPAAAAAER4tjEAAAAwiAkAAACACDEBAAAAMIgJAAAAgAgxAQAAADCICQAAAIAIMQEAAAAwiAkAAACACDEBAAAAMIgJAAAAgAgxAQAAADCICQAAAIAIMQEAAAAwiAkAAACACDEBAAAAMIgJAAAAgAgxAQAAADCICQAAAIAIMQEAAAAw/x+W8uje01E60wAAAABJRU5ErkJggg==',1,NULL),(33,'iVBORw0KGgoAAAANSUhEUgAAA+YAAAFCCAIAAADzEFChAAAAA3NCSVQICAjb4U/gAAAAGXRFWHRTb2Z0d2FyZQBnbm9tZS1zY3JlZW5zaG907wO/PgAAIABJREFUeJzs3XdcFNfeP/AzW9ilIx0UUFBQxI4lWIgFrDG2eDVRc+PNL0aNqNFcNZpqrleNN48xN0VNco03yY0kRmPMY4nB3hBRFBEUUJEmZYFd2Dq78/tjnszdbGNZyg74eb985TWcOTPnOyW73z175izFMAwBAAAAAAC+Ejg7AAAAAAAAsAUpOwAAAAAAryFlBwAAAADgNaTsAAAAAND+KBSK/v37f/rpp84OxLKWDQ8pOwAAANiLMhIcHDxnzpzi4uK2aTopKcmxDUtKSubNmxcaGioWi318fCZOnHjt2jV2FUVRXLUjR47Ex8dLpVJ/f/9Zs2Y9fPiwNVox5/BxOcZ2MHbWpGl63bp1bm5uLRSUvUxCWrx48aZNmxYvXmz/Hpp5lZvEODzjM2b/JTCGlB0AAACagGEYhmEMBsONGze6des2f/78tmn3zp07jm04bdq0mJiYjIwMlUpVWFg4d+7cL774wqTO2bNnFyxYsGHDhrq6uuzs7F69er3yyist1Yrt2fkcPi4nevjw4ebNm0tKStq4XZMz+fXXX0+aNMn+zZt/lZvEODzjM+bgbI0MAAAAgH1MMoe6ujpPT0+GYVQqla+v77vvvuvq6sowTHFx8ZNPPunh4TFy5Mj79+/LZLLIyEiVSsVt2NDQEBUVJZPJSktLk5KS3NzcnnzyyZqaGnZtZWXlpEmTXF1d+/Xrl56ezjDM0KFD2bxl/fr15vu3Fh7Lzc2toaHB9uFMmTLls88+a8aJsauV77//vnv37hKJpHfv3qdOnWLMjsv8bKjVah8fn2+++SYoKMjPz+/rr7/+/PPPAwMD/f39v/nmG3a3v/32W1xcnFQqjYmJOXbsmHkAt2/f7tOnj7+//88//8wFY/HMm4etVqv9/Pz27t0bGBgYEBDANiqRSLg00vxaGN8MDsdvfg8Yn0nzRi3GacL2VbZ4QizeaXl5eTExMT4+Pl999ZWrq6vBYDC5/82PyPiMcUdh8RitXU2k7AAAAGAv45y4oqJi7dq1EydOZBjGYDC4uLi8/fbbSqWSYZjnnntuzZo1crl8w4YNc+bMYRhm+fLlO3fu5LbdunXrypUrGYaZPXv2q6++qlAo1qxZs2TJEnbt888/v3btWoVC8eOPPw4cONC8afP92/Diiy/u27fv22+/vXXrlsFgsHg44eHhJSUlDp4Uu1vx9/dPT0/XarXffvutxeMyPxsGg0EkEv31r3+Vy+Wpqam+vr6vvvoqu9y1a1d2q969e//yyy9qtfrLL7/s1q2beWxPP/3022+/LZfL33nnHa45i2fePGyDwSAWi1evXm3SKLcf82thfDM4HL/te8BioxbjNGb7Kls8IRbvtKeeeurNN9+sra1dvHgxRVGM2f1v8Yi44LkFi8do7WoiZQcAAAB7GX9RHxwcvGDBgkePHnGrysrK2OWQkJDy8nKGYR49ehQaGsowzP3793v37s3msvX19aGhoUVFRQzD+Pn5sVs9evSIS7MCAwO53Ro3zS2b798GvV7/zTffTJ8+ne3cXbx4cVVVlck+xWKxWq02P0b7z4w9rfTu3Xvt2rXGXwuYHJfFs0EIqaysZBhGo9EQQtjdajQagUBgEgNbwTy2gICAiooKhmG4gRnW2rIYmHEAXKPcWovXwvhmcCx+2/eAtUbN4zRm+ypbPCEWG/Lz82ML8/LyjM8Sd8gWj8h8weIxWtyWQcoOAAAA9rORxRJCuN5lFxcXmqYZhqFp2sXFhS2cO3fugQMHGIbZsmXLggUL2EKxWMxlThKJhCvU6XQ2mra4f3vk5+e//fbbY8aMMdlnSEhIXl6ePQdrTypvrZXCwsIXX3wxMDCwf//+p0+fNm/F4tn4Q95mafnkyZPx8fEeHh4CgcBibNz5NM4CLbZl8fAtNsotWLwWxjeDY/HbvgesNWqxIY7tq2zxhFhsSCQSsbGpVCrjE8IdssUjMl+weIzWriZSdgAAALCX7ZSdW+7cuTPbffjo0aPOnTuzhZmZmYGBgZWVlcHBwTdv3mQLu3TpIpfLTXYVEhLy8OHDpu7fTjKZzMPDw2Sf8+fPX7NmjXE1vV7fpF52e1phGQyGf//732FhYeZrLZ6NRlPe4ODgr7/+Wi6XKxQKizH7+/uzvexFRUVcBYttWWzXdspu8Vo0GnOj8du+B5rUKMf2VbZ4Qiw21KlTJ/a7grt371o8SxaPyHzB4jFau5qYMQYAAABa2Lhx43bs2NHQ0PCPf/xj7NixbOGAAQP69Okzbdq0gQMHxsXFsYUTJkzYtm2bUqn84osvuJqTJk3aunVrbW1tamoqV7Nz5875+flardba/m0Es2nTpkePHtE0XV5e/t57740cOdKkzltvvfXFF1+89957VVVVarX60qVLU6ZM2bx5c5MOudFWhg0blpqaStN0ZGQkmyyaHJfFs9Gonj17xsTEaLXa999/PyAgID8/36TC4MGDd+/eXV9f/8UXX3AzDDrWlsUDt/9a2B+/xXugmY3avsoWT4jFhgYNGrR79265XP7hhx/af0TmLB6j1W3NP4IAAAAAWGQjczBeVVJSkpiY6OHhMXbsWOMH/o4ePUoIYSdLYVVUVEyZMsXDwyM2NvbMmTNsYVVV1fjx4yUSSVxc3MWLF9nC69evd+/ePSAgwMb+LYZ3//792bNnBwYGikQif3//v/zlL8bj77lqt2/fnj59eqdOnSQSSWxs7IcfftiUE2NXK8eOHYuJiXFxcYmOjj58+LD5cVk8G6SxXuqMjIxOnTp17dr1119/feutt9zc3Exiy8rK6tWrl5+f308//cTOcGKtLWPEvl52i9ei0Zgbjd/iPeBYo8ZsXGWLJ8RiQ1euXImKigoICNi3b5/Fs2TxiMxrWjxGa1eTYhybGxIAAACgiVJTUz/44INLly45OxCAFlBRURETE1NTU9MGbWFgDAAAALQ6mqbPnj2bkpLy97//3dmxADTLjBkzDh06pFAotm7dys2s39pEbdMMAAAAPM7c3d0DAwM3b948evRoZ8cC0CwvvvhiSkpKaWnpwIEDv/zyy7ZpFANjAAAAAAB4DQNjAAAAAAB4DSk7AAAAAACvIWUHAAAAAOA1pOwAAAAAALyGlB0AAAAAgNeQsgMAAAAA8BpSdgAAAAAAXkPKDgAAAADAa0jZAQAAAAB4DSk7AAAAAACvIWUHAAAAAOA1pOwAAAAAALyGlB0AAAAAgNeQsgMAAAAA8BpSdgAAAAAAXkPKDgAAAADAa0jZAQAAAAB4DSk7AAAAAACvIWUHAAAAAOA1pOwAAAAAALyGlB0AAAAAgNeQsgMAAAAA8BpSdgAAAAAAXkPKDgAAAADAa0jZAQAAAAB4DSk7AAAAAACvIWUHAAAAAOA1pOwAAAAAALyGlB0AAAAAgNeQsgMAAAAA8BpSdgAAAAAAXhM5OwDoyPR6/b/+9a/i4mJCSGBg4JIlS5wdEQAAAED78/im7G+//bbJArS4Y8eOsfl6dHT0zJkzHd5Py14sXHoAAABoX5qcsldUVNy5c6ewsLC2tlapVGq1WolE4u7uHhwcHBUV1atXL6lU2hqBQsvislWhULhy5UoPDw97tqJp+oMPPlAqlSY7sSg7Ozs9PZ0QkpCQkJSURFFUcwIGAAAAeGw1IWWvqKj47bff8vLyTMpVKpVKpaqqqsrOzj569OjIkSOHDx+O/Ky90Ov1169fHzFihD2Vb9++zeXrtlVVVR06dEgoFD711FP9+/dvXowAAAAAjzV7U/Zbt24dOHCApmlCSNeuXfv27RseHu7h4SEWi+vr64uLi69du5afn6/RaE6cOPHw4cPZs2cLhcLWjNwucrn8gw8+IJb6gzEogpOZmWnnp6yrV6/auc/U1FSxWDxv3rzw8PDmRQcAAADwuLMrZc/Ozt6/fz/DMBKJ5Omnn46NjTVe6+3t7e3t3bt375ycnAMHDuh0ury8vKNHj06ePLl1Ym6Chw8fOjuEdkAmk927dy8yMtJ2terq6vv379u5TzxpCgAAANBSGp/ksaam5ueff2YYRiQSPffccyb5urHY2NhZs2axnbUZGRkPHjxoyUgdwj77CNZ4eHi4ubkRQjIzMxutzHaxu7i42DnwHQAAAABaROMp+8mTJzUaDSFk5MiRjQ5yiImJiYmJIYQwDJOWltYiITYHetltYximR48exI5B6uyQd0JIVFQUOz4KAAAAANpGIwNjFArFrVu3CCFSqTQhIcGePY4aNaqqqio2NrZ3797W6mi12szMzLy8vIqKCrVaLZVKvby8evToMWjQIG9vb2tb1dfXZ2Vl3bt3r7KyUqVS0TQtEok8PT2DgoKio6Pj4uJEov87HJlMtmPHDuNtuZHrU6ZMiY+PJzZn+quvr79y5UpBQYFMJtNoNBKJxNvbOzIyMj4+vlOnTiaV1Wr15s2bCSHh4eELFy4khBQUFFy7dq2oqKihoYGiKHd3986dOw8cOLB79+4Wj6u2tvbq1av37t2rrq7WaDRisdjb27tbt25Dhgzx8/MzqaxUKrdu3UoI6dat2/PPP6/RaNLS0nJzcxUKhZub2+rVq62dPYt0Ol3Pnj2zsrLYjNzGJeZy+tjY2Lt379rYZ5POHqeiouLKlSuFhYUKhYJhGA8Pj5CQkLi4OBvf6tgzV2NT53N0LHj770wAAAAABzSSSeTl5en1ekJIbGysWCy2Z4+hoaGvvPKKjQpFRUWpqan19fVcSUNDQ0NDQ1lZ2cWLFydMmDBo0CDzrTIyMo4dO6bT6YwLtVptdXV1dXV1Tk7OyZMnn3nmmS5dutgTpA3Z2dmHDh3SarVciVKpVCqVZWVlly5dSk5OHjp0qHF9LhvT6XQ0Tf/8889ZWVnGFerq6urq6nJycoYPH56UlGTSXFZW1uHDh42PS6PRVFRUVFRUXL169emnn+7Tp4/F5rRarV6v37t3b0lJCVtifErtRNN09+7dxWKxTqfLzMy0kbKzo2LEYnF0dDR7S1jU1LPHunDhwokTJwwGA1dSU1NTU1OTk5PTo0ePZ555pqnH5RjHgm+zOxMAAAAeW42k7NzAkq5du7ZIe+Xl5Xv37qVp2sXF5cknn4yJifH29lYqlXfu3ElLS1MqlYcPH5ZIJHFxccZb5ebmHj58mBAilUoTExN79Ojh7e0tEAjq6+sfPHhw6dKl0tLSurq6r7/+etGiRZ06dfL19WV7VZvayZqfn889aJuYmBgbG+vp6alUKu/evfvbb781NDQcOXLE1dW1b9++3CYCwf8NLtLpdL/88suNGzcGDhw4cODAwMBAgUBQW1t77dq1CxcuMAxz/vz5qKgo46c8i4uLDx48yDCMWCweM2ZMbGysu7u7XC7Py8s7ceIETdMHDx4MDAwMCgriNuHm4aFp+urVq1y+7hi26Z49e968ebOqqurBgwcRERHm1bgHT2NiYiQSCcMwLXX2CCFZWVnHjx8nhLi4uIwaNap3795eXl46ne7Ro0eZmZlZWVmHDh0SCATGCX1rcCz4pt6ZrXoIAAAA0FE1krKXlZWxC8HBwS3SHjtTpFAoXLBgAdfv6OXlFR8fHx4evnv3bp1Od+TIkR49ekgkEm6rc+fOsQvPPPNMVFQUV+7t7d23b9/Y2NjU1NQ7d+6o1erTp09PmzbNsdj0ej37oC1FUXPmzOnWrRtb7unpOXDgwJCQkN27dxsMhqNHj/bs2dPFxYVdy82NKJPJqqqqpk+f3q9fP26f/v7+SUlJNE1fvnyZEJKZmWmcsp8/f55Nf5OSkoYMGcIW+vr6PvHEE1qt9uTJk3q9/uLFi8ZHxH1CoGk6PT3dzc0tKSkpOjra1dXVzhnTjbGtDxgw4ObNm4SQq1evWkzZMzMzuZrWduXY2dPpdGy+zm7FnRyhUBgREREREREcHHzs2LGmHldTORY8aas7EwAAAB5zjTx+ymWBLTJJSH5+/qNHjwghgwYNMh8nEBgYOHDgQEJIQ0NDTk6O8Sp2K0KIxYRSJBIlJydLJJLAwEAbYzYadefOnbq6OkJIdHQ0l7Rx2KHVhBClUpmbm8uVcym7wWDo1auXcb7O4bpmTTrFaZr29fV1cXExH/fPfc9gMvGO8SeE2tra559/fsCAAe7u7gKBwOFr1K1bN7YDOCcnR6VSmazlHjz18fGxMRGkY2cvNze3oaGBEBITE2Nx58OGDevcubNjx2U/x4InbXVnAgAAwGOukV52tVrNLhj3eTuM++VUa0+m9urVi+2Nzs/PN+7QFYlE7FjhoqIii4mdv7//unXrmhnenTt32AVrjzzGxMTcuHGDDc9kgASL/chhMTx2wWS4+XPPPWctGO4xXIVCYbECwzD9+/c3HjPjMIqi+vfvf/LkSZqms7Kyhg0bZryWy6r79+9v4+eWHDt7+fn57EKvXr2sxdavX79mjv9plMOXvm3uTAAAAHjMNZKyG3chW/s1U9vDxI3XciPjuRTWBJeAcp2XrOjoaPaZzu+++27EiBH9+/f38vKyHbkDGh0FFBgYaDE8TmhoqMVy43EgdgbDPWZqY0ZFa2muA/r373/q1CmGYTIzM01SdvbBU4qibIyKIY6ePW7ZxsirNnhw0+FL3zZ3JgAAADzmGknZXV1d2SxTrVbbOWOMDVyH8fvvv2+7pklvdHJycmlpaWVlpVarTUtLS0tL8/f3j4iICA8Pj4iI8PHxaWZgLLlczi5Ym2jS09OTXbDW883+LJE5G53Ter3+9u3bBQUFNTU1crlcqVTq9XqDwWDP05Yt+Dijt7d3VFRUfn5+RUXFw4cPw8LC2HL2h1EJIVFRUTbm3ySOnr1GtyItepjWOHzp2+bOBAAAgMdcIym7p6cnm83U1NRwWYsJi73sFgu5YTaNYn+8iePu7v7iiy9euHAhIyODHaRRVVVVVVXFdgAHBATExcUNHjzYWsbc1EaNny80xpWbhMexkZpbVFZWlpqaWlNT06StOC37K6QDBw5kh6lcvXqVS9m5B0+tjfnhOHb2uBkVbXwgbJFBWbY5fOnb5s4EAACAx1wjKXtYWBg7jLikpKTRnz5tFJfRvvHGG9aG2VgjkUhGjx49cuTIgoKCgoIC9mdr2FWVlZUnT568cOHC1KlTbfx+k/3hWZvEkCtvampuUV1d3d69e9nHPUNCQoYMGRIcHOzu7i6RSIRCoUAgePfdd23vwVp+6ZiYmBg3NzelUnnr1q0JEyZIpVLuwVN3d3f2R21tcOzs2XNK2+DBzeZc+ja4MwEAAOAx10jKHhERcenSJUJIbm7uE0880czGpFIpO+JFo9E41u8oEoliYmLY9LGhoeH+/fsFBQU5OTlqtVqj0fzwww+enp4Of7SQSCTswHGdTmfxEwXXJdwi/b7nz59n8/WoqKhnn33WpMXWnobcnFAo7Nev38WLF3U63c2bNwcPHnznzh32evXt27fRj1iOnT0XFxf2JOh0Omtn1dp3Go2y/xw2/9K36p0JAAAAj7lGJnns0aMHO/riwYMHXN+hw7hByTKZrJm7IoS4u7v37t176tSpK1as6NGjByGEYZhff/3V4R1y45jZ+f7MceUt8ojh3bt32YXRo0ebp4nc6Oq2xD1gyk6yyU7WTuwYFUMcPXvc2B5rjwcQQqqrq203ba1r3HzCSmta9tK3+J0JAAAAj7lGUnaRSDR48GB2+ciRI81sjJtQpaioqJm7MiaVSqdMmcIuc1N/OIALz9pOysvL2YWQkBCHW+FwSarFiRq52Q/bUmBgIDs9S1FRUUNDAxtDWFhYQEBAo9s6dvYanYSHGE00ZIIb/s51gZsoLS21FbGRVrr0LXVnAgAAwGOukZSdEDJ8+HA2ryosLDx58mSj9RmGYX/C3Rw3nPf69esWe0YfPHiwffv2gwcPsnNgs06cOPHVV1+9//77NhJ9qVTKLlgb3m2tI9YYN1z71q1bFitwP6PT6MBue3C/Y2o+8yNN0xcvXuT+bMtBMmxHu16vP3v2LJsK257bkePY2eN+t+j27dsWtzIYDOx4enNcD721bvjMzMxGgv6dY8G3yJ0JAAAA0KjGU3aRSDRz5kw28zh9+vThw4dtjC0uKyv78ssvMzIy2D+ffPJJ47Xh4eFsJ25FRYVxSsrSaDRHjx6tra29fv06O7Egq76+/t69ew0NDcePH7c25wyX4pv8CKWrqyu7YGPcBad79+7shPF3794tLCw0WfvgwQP2p6A6derEjnZoJq7r2qQtg8Fw6NAhrVbr7u7OlrTlIJm4uDg2uWTnPHFxceF+h9U2x85ebGws21l+69Yti4nv6dOnq6qqLLbIdY2zM6ObuHbt2u3bt7nPRa0RfHPuTAAAAAD7CW3/EBLLw8MjJibmzp07Go2mtLT0+vXrSqVSLBYLhUL21x+rq6vz8vJ+++23EydOsKN+PTw8ZsyYER8fb7KrsLCwGzdu6PX6goICpVLp4+MjkUjq6+vz8/N//PFHdnSEu7v7rFmzuOf8QkNDs7KydDqdXC6/ffs2wzASiUQgEAgEApVKxWb/7M8AicXimTNncpkuISQ3N5fNdzUaTZcuXYRCYU1NDfvk66lTp9g63OcKiqJCQkKysrIYhsnNzXVxcfH29haJRAqFIisr69ChQzRNCwSC2bNn+/r6Gh+U+a7MmdfRarUFBQWEkKKiIj8/P09PT51OV1hYePDgwfz8/FmzZsnlcnbQv1arDQ8PZxiGHfJuT3ONsrYTkUhUXV1dXl7Odu3369fP/AdBLW7r2NkTi8UCgYDNknNycsRisYeHh1gs1mq1xcXFv/7665UrV3r37q1QKNjHQ41blEqlbEJcWlqq1+t9fHxcXFxomi4vLz916tTp06cHDx6sVCrZZHrUqFHcZC8tdembc2cCAAAA2K+RGWM4AQEBixcvPnv27OXLl+vr68+dO3fu3DmLNd3c3OLj4xMSErghASb7eeGFF/bt21dTU5Oenp6enm5Swd/ff/bs2cYP+Xl5ef35z3/+4YcfKioqqqurjx49arFdX1/fGTNmcGOjWQkJCampqYSQzMxMbpiEjU8pYWFhc+bM+fHHH9Vq9ZEjR0yG70ul0unTp3NjOZppyJAhubm5Dx48qK+v/89//sOVCwSCqVOnRkdHq9VqdjQ5F7w9n6+ab+DAgdxYFHsePOU4dvaGDx+uUCguX77Mfs1icn0jIyOnTp368ccfs5k3TdPc78JGRUUlJCRcuHCBYZizZ8+ePXvWeMMBAwZMmDDhs88+Y/+kadr20BQHgm/OnQkAAABgP3tTdkKIVCpNSkpKSEi4e/cu+zOZSqVSpVJRFOXq6urr6xsSEhIZGRkVFWV7QsDg4OBXXnklKysrNze3vLxcqVQSQtzc3EJDQ3v16hUXF2e+eWBg4Msvv5yXl5eXl1deXl5XV6fVahmGYXtDg4ODY2JievbsaT4KIjY2dtasWefPn6+urjYYDK6urn5+frYPMzo6OiUlJT09PT8/XyaTaTQaiUTi5+fXo0ePwYMHcyNtmk8oFM6fP//ixYvZ2dkymcxgMHh6enbv3n3o0KHsmJk+ffo0NDRcunRJoVCIRKI2+BFQVnh4uL+/f1VVVUBAADuQyX4OnD2KoiZOnBgXF3f16lX2AwwhxM3NLSQkpHfv3nFxcewNxn5bYpyyE0KSk5MjIyMzMzNLSkoaGhoYhnF3d4+IiBgwYEBkZCQxmpOx0ZTdseAdvjMBAAAA7EfZ81wmAAAAAAA4Czr/AAAAAAB4DSk7AAAAAACvIWUHAAAAAOA1pOwAAAAAALyGlB0AAAAAgNeQsgMAAAAA8BpSdgAAAAAAXkPKDgAAAADAa0jZAQAAAAB4DSk7AAAAAACvIWUHAAAAAOA1pOwAAAAAALyGlB0AAAAAgNeQsgMAAAAA8BpSdgAAAAAAXkPKDgAAAADAa0jZAQAAAAB4DSk7AAAAAACvIWUHAAAAAOA1pOwAAAAAALyGlB0AAAAAgNeQsgMAAAAA8BpSdgAAAAAAXkPKDgAAAADAa0jZAQAAAAB4DSk7AAAAAACvIWUHAAAAAOA1pOwAAAAAALyGlB0AAAAAgNeQsgMAAAAA8BpSdgAAAAAAXkPKDgAAAADAa0jZAQAAAAB4DSk7AAAAAACvIWUHAAAAAOA1pOwAAAAAALyGlB0AAAAAgNeQsgMAAAAA8BpSdgAAAAAAXkPKDgAAAADAa0jZAQAAAAB4DSk7AAAAAACvIWUHAAAAAOA1pOwAAAAAALyGlB0AAAAAgNeQsgMAAAAA8BpSdgAAAAAAXkPKDgAAAADAa0jZAQAAAAB4DSk7AAAAAACvIWUHAAAAAOA1pOwAAAAAALwmcnYAttQrFCqlUq+nnR2IBUKRyNXV1d3Dk6IoZ8cCAADtGcPU1dXVKxQ0rXN2KNCOicRid3cPbx8fZCYdEn9TdllVVWlpSVbW9eqqKmfHYkogEHh7e/eOi4uI6OoXEOjscAAAoN1imEflZYX3Ci9fulhWWqrX650dELRLQqEwJDT0iWHD+/bv7+rm5uxwoOXxNGVvqFeUlBZfvnhxbNL48PBwgVDo7Ij+QK/XFxc/PHH8mF6vl7q6unt4OjsiAABol+rq6goLC3878evESZNDu4QJm/F+xxgMLRiYczEMwzCMs6NoMW1wOHq9vqS4+NcTx9w9PWJ7xwkEGPnc0fA0ZVc2NNzIyhqblNy1Wzdnx2KBUCiMiOg6Lml8Rvqlzp07I2UHAADH1Cvkly9fnDBxcnTPXq6uri2+f6RuLYX/ZzI8IqKTn+/5s2d6xcbiYcWOh6cpu16vr5HJwiO6tk1zF86dHpYwsqn/N3p4eDAM0ekw9BAAABxE03RZaWlQcLCHhweGIEMzeXt7q9XqDvT9BPwXT1N2QojBYBAIBG35vVhT22IYhlBN3goAAMCYXq8XCATI16GFMIQgM+mA+Pu9Cf+/gQIAAGi+5oxfB4DHBH/TYqFQaOhAT9IAAABYJBZTxyVaAAAgAElEQVS7YKIYALCNvwNjCCEGg14gaLu+B/MhLjKZjBDi6+trsT5FUTTNxznjAQCgfcG7CbQIgUCIR+w6Kv72sjudTCYbP378+PHj2cTdnEgsNujxPQAAAADwgsTFRU/jG5uOqZ2l7GVlZZs2bYqMjBSJRLm5uSZrL1y4MGrUKF9f36SkpOPHjzenITZfr62tra2ttZG1AwAAAAC0Np6m7BRFiUQixsyPP/6Ylpb23nvvsdWMV126dGn8+PHTp08/f/58cnLylClTTp48ab4Hi0z2xubr/fr1y8nJycnJ6devH5u1m26FuWIAAKB5KIqSSqXOjgIA+I6vY9mtzHW1ePHiJUuWEEIWLFhgsurNN99ctmzZihUrCCE9e/YsKip68803z5w540DjEonk2WefTUlJYWet2blz544dOyQSiXlNA4OBMQAA4DiKoghmd4SWYzBgYEzH1IRe9qFDhxYXF3N/lpeXP/HEE60Q0n8ZDKbd2NamrdXr9WfOnJk3bx5XMnfu3EuXLimVSgfadXNzW7FiBTfLpEAgWLFihZubm3lNunkPecTHxzdncwAAaL74+Pj4+PghQ4ZMnTr1f//3f50SA2aMgZai0WqdHQK0iib0sgsEgrNnz86dO5f988yZM3a+xMyZM+e7775zIDidTmvjw6JOp9VqNexycXExTdMhIcFcSVRUJMMwJSXFERERdjbHbWsnWt/cB/wzMjLMCx0+XQAA4JiMjAyDwXD9+vXVq1dPmjSp7QPQY8YYaAkCzPHfcTWhl12n09E0XVlZSQipqalRq9XcvOmnTp1KTk5OTk5OS0sjhKSmpiYkJKxdu5YQsnHjxvz8/CFDhhgMhjFjxrADWjZt2jRq1KjExMRffvmFEGK8iiMUChmGMFaQPw5kZ3vEjYebq1QqQoiLi4sDY9kbGhp27Nih1+vZP/V6/Y4dOxoaGky2Mv/xC+MDOXfu3MSJEydPnnzlyhV2bVpa2ujRoz/55JOEhAS2UbaXvdHTZeP0AgBAS6FpOigoiF3mvgU1f6EmhJw/f37SpEkjR47ctm0bW2Ljfa3RL1TFIr4OUoX2xsVF7OwQoNXYk9GyBg0aVF1d/fHHHzMM8/HHH5eUlAwaNIhdNW3atIyMjKtXr06bNo1hmLFjxz548MB4Q3YhPj7+1q1bXHlRUVFiYqLFVeVlpf/6fFddbY1CXmfxHyHkasYV7k9ZdZVEIvn50CGu5JfDhyUSiay6ytoejP+dO3OSpmnuz4dFD/r36zd//vwaWXWNrHr+/Pn9+/V7WPTAZKvqqsovd++6V3DX+CxxBzJjxoysrKybN2/Onz+fXTVhwoRr166dOXMmPj7e+Mw0erpsn14AAGiOQb9LSEi4dOkSV2i8YPLCO23atPT0dPNd2Xhfs6bo/r33t2y6bUdNgEapVMqN77yp02mdHQi0vKbNGOPr61tXV1daWlpYWBgaGsqVl5eX9+3bt0+fPo8ePSKEpKSkLFu2bP/+/eYfD3r27EkIOX78+JgxY2bMmFFfX2+y6o/1iYFhLP4j5A+rhCLRmDGjjx47ypUcPXY0MTFRKBJZ24PJ3ox36OXtffCngzdu3Ojbr3+fvv1u3Lhx8KeDXt7e5htqtBqTaWO4AykrK1u4cOGf//zngoICdpVMJuvTp8/QoUOZP27T6Omy8/QCAIBjMjIy0tPTP/jgg7///e/G5dyXySYvvOXl5QMHDjSuaef7GkBrU6vUzg4BWkWTv4x76qmnNm7cOHnyZOPC4ODgGzduMAwTHBxMCJk6dWpCQsL06dNnzpzJVpDL5V5eXoQQdgTLhx9++M9//lMgECxatEgmk7E/L8o97slhCEP+mBBrNBru1bCmpraqqsrNzc3V1ZUQsn79+nHjkgICAiZOnPTrr8d37dp97NhRpinzMBpX9vHxOXjwwLRp0wkhBw8e8PHxMd/V7yWm5eyBhIaGvvfee8av197e3rdv35bL5Sb1Gz1djZ5eAABoJnZyYW7SArFYXFRUVFRUxL4Om7zwhoaGXr58OSEhgdvczvc1AADHNPnVJC4ujmGYsWPHGhcuX7583bp169evX758OSFk/fr1U6dOXbhwIbs2JSVl6tSpxvWXLFmyaNGiGzdu/OlPfzJZxaEoymAwmHwpcPjw4aio7lFR3QkhycnJUVHdP/vsM3ZV7969Dx488OuvJ8aNG3f48C8HDvzYr18/O79rYFs0KfTx8Tlw4McDB35k83UbG1q0atWqVatWjRgxYvv27WzJsmXLli5dmp2dbVKz0dNl+/QCAEAzsTPGvPPOO9xo9ZdffnnevHnZ2dnu7u4Mw5i88K5atWrTpk0jR47cvHkzW2Ljfa3RsewCgQAzxgCAbVST+qHbzKPyshPHj42fOMn8Ec/WkHPr5rCEkfK62iZtpdfrf/g+dfz48d2iethT/8iRIwMGDCgsLHznnXeOHTvmUKQAANChPHxw/6efDo4cldiv/wBnxwLtHk3r3n5jw9sb3xOJ8BxqR8Pvp9QZ0pafKJralkAgaNK87GVlZZs3b5ZIJOzvPQEAAAC0IJFIrNNhXvaOidcpOzvHY9s11/S2uCeT7LFw4UKMZgEAAIDWg0FWHRWvU3a5XO7l7d1mzRmanrK3zbgdAAAAgEbp9XpkJh0VT1N2AUWJRCKtRsM0pRu7mZraVk1tja+vHyYEAAAAhwkEAonEhZsMDaA5CvLvhnbuTFGUswOBlsfTlN3Vza1HdPT58+dGjkr08elkPpEiIYRhGF1ThpITQgwGA23pR6GDQzrfv1docROaps1TeUogYAyGixfO9+nb183NvUkxAAAAcNw9PPv06XfixPGAgICo7j1atYtUr9drNZrW239rYxhGpW7fk46r1SrG0FojfhX1iv3f75s+YxZFoTOxA+LpjDEMw8iqKgsLC/Jyc2vr6gx/HJglFIlEjf28s1AgEIv/+7i0xYMUUAJxYz/tS1GUi4vEYojhEeFBQUFhEd1s7wEAAMAahmHUKlVhYf6JX38tLSlu/kBkoVDoIrH0ttXmKIpylUqdHcX/kUpdKQEv+p5dXCSt9MGMoqjhI0b07BUrFPK0Qxaag6cpO6uhXlFbW6PTah0IsrW/FaIoys3N3T8wCF8/AQBAMxkM7G9q8/cdGfiPoiiKEmC8bkfF65QdAAAAAADwUQwAAAAAgNeQsgMAAAAA8BpSdgAAAAAAXkPKDgAAAADAa41MA6RSqRQKhdahOVsAAAAAwFkoinJxcfH09HR1dXV2LNBctmaMycnJUSqV3t7eEokEUxkCAAAAtCMMw2g0Grlc7urqGhsb6+xwoFms9rKrVCqlUjlw4EBM8AkAANAxPHz4kBASFhbm7ECg7RgMhszMTJVKhb72ds1qOq5QKLy9vZGvAwAAALRfAoHAy8tLoVA4OxBoFqsZuVarlfDjF48BAAAAwGESiUSr1To7CmgWqyk7wzAYvw4AAADQ3gkEAswj0t5h3AsAAAAAAK8hZQcAAAAA4DWk7AAAAAAAvIaUHQAAAACA15CyAwAAAADwGlJ2AACADkKrMxw+WkXrMTfI48VgMFRVVWFOmI4NKTvA4+Wrr77q3r27s6MAgFZxKV1++Yo846rc2YFAm6qrq6urq5PLcd07MqTsAI+RvLy81atX//DDD84OBABaXkWl9uLlOoOBnL9UVy3TOTscaCNarbauro4QUltbq9PhundYSNkBOgiKoiiKCgkJ4Uq6dOnCFnIls2fP3rJlS//+/U22VavVJjUt7rzFYwaAlsIwzLkLdXKFnhAiq6EvXq7rMMMkysrKqN/dv3+/qZt37JcvhmFqa2v1ej0hhKbpurqOc93BBFJ2gA6lvLw8JyeHEHL37t2SkhKTtVlZWQsXLnRGXADQuu7dV9/KbeD+vHpd8eChxonxtKCLFy8SQvz8/Aghly5daurmDMN04CxWrVY3NPz3usvlcrVa7cR4oPUgZQfoOKRSqY+PT1paGiHk5MmTPj4+EomEXaXRaFJSUnx8fLy8vBYtWsS+phcVFfXp08fDw2PLli3cTox7pMx7pyzuBwCcS6MxpJ2pUasNXIlWy5w6U0PTHSFVZVP25557jhil7BqN5rXXXgsLC/Py8po4cWJ+fr61Qu51zPzlS6VSURQVHBy8Z88ef3//iIiI3377jRCiVCpTUlJCQkI8PT0XLlyo0WgIIVeuXHnyySe9vb09PT2TkpLYzhHnMhgMMpnMYPjvdWcYpqampgN/RHmciZwdAAC0GK1Wm5SUdPLkyVdeeeXUqVOjRo06dOgQu2rjxo0fffTRrl27xGLxCy+84O3tvXXr1r/+9a/Z2dl79uyxP/O2uJ9WOyAAsEt2TkNRkVok/MMH7MJ7qlu3G/r18XBWVC3lwoULhJCXXnppx44dbPpOCNm0adO2bdt27twZHR2dlJT0l7/85fTp0xYLuf2Yv3yxvRUymYym6S+//PLpp59euXLljRs31q5d+9FHH/373/+mafqFF16Ijo5eu3btn/70p3v37uXl5clksjFjxqxcufLYsWNOOSGc+vp6dlijcaFKpaqvr/f09HRWVNBKKGsfxR4+fEgICQsLa9t4AMBB7Kv2hx9++M4771RWVnbp0mXDhg1Lly4lhDAMExUVVVhYWF1dTVGUr69vRETE/fv3g4KCKioqZDIZwzDsl84Mw7D7YV8ZuGVuweJ+nHfQANA07e7NXavVenl5+fn5lZSUREZGlpSUyOVyiUTSvXv3goKC6upqX19frrLFQtsvX+za2tpaqVQqlUrFYrFWqw0NDS0rK2MnYPHy8oqLi7t58yZbuHTp0unTp48YMYL7DrNdaHfXHcwhZQfoINg3nvz8/O7du6emps6ePfvevXvdunUjhDAM4+rqqlaraZpmGEYsFkulUpVK5eLiotPpuEJiR8pucT9OPGoAaJJ29+Z++fLlYcOGGZecP38+ISGBey0SCoXcKouFtl++LL7iSSQSrVbL7cHDw0OhUPzyyy8pKSmFhYWEkE6dOv3zn/989tlnW/fgG6NQKCoqKkx62RmGCQgI8PLyMi5sd9cdzGEsO0CHEhUVFRMTs23bttjY2K5du3Ll7Ewycrm8pqaGENK5c2dCSKdOnQghCoWiurqaq8nm7hqNpra21nz/FvcDANBK2FExr732GsMw69atI78PZw8ODiaEmLxMWSzk2P/yFR4eTghRqVTso6sKhYIQMnny5IKCgjt37mzcuLGmpubVV19tmSNsBg8PD1dXV+aPpFKph0e7Hw0F5pCyA3Q0kydPTk9PnzRpknEh++TWwYMHf/zxR0LIvHnzCCEjRowghPz000/79+/nakZHRxNCjh8/vn//fhcXF5OdW9wPAEArYQevx8fHc/9lS+bOnUsI+f7778+fPy8SiYYPH26tkGP/y9ecOXMIIfv27Tt9+rSrq+tTTz1FCHnqqae8vLzkcvkzzzxDCPHx8WmdI24CiqI6depk3MsuEAh8fX0FAmR3HRFjRVFRUVFRkbW1AMA33P/R7IwHaWlpxoVqtXrp0qWenp5eXl4pKSkajYZhmDt37nTv3t3T03PLli3suEytVnv06NGwsDB/f/89e/YEBQURQtgZf23sBwDai3b35t6lSxdCSEFBAcMwDx48IIR06dKFYRiVSrV8+XIfHx9PT092chhrhbZfvoxzIW5ZpVKtXLkyNDSUnXnm3r17DMOkp6cnJCS4ubl5eHgkJiZeu3bNKSfEhMFgqKyszP/do0ePDAaDebV2d93BHMayAwAAPC7w5t7x6HS60tJSdgR/aGio+bejBNe9Q8BXJwAAAADtlVgsZkfpeHt7W8zXoWPAvOwAAAAA7ZiXl5dOp/P29nZ2INCKkLIDAAAAtGMURfn7+zs7CmhdGBgDAAAAAMBrSNkBAAAAAHgNKTsAAAAAAK8hZQcAAAAA4DWk7AAAAAAAvIaUHQAAAACA15CyAwAAAADwGlJ2AAAAAABeQ8oOAAAAAMBrtn79tF+/fm0WBwAAALS2rKwsvLk/hrKyspwdAjQXxTCMxRUPHz5s41AAAAAAoJWEhYU5OwRwnK1edoKrCwAA0IGw/XF4c3/coB+2A8BYdgAAAAAAXkPKDgAAAADAa0jZAQAAAAB4DSk7AAAAAACvIWUHAAAAAOA1pOwAAAAAALyGlB0AAAAAgNeQsgMAAAAA8BpSdgAAAID/Q9dXVx7faVDVWVyrvHBG9vnH5uXyg6l1qd+0cmjwWGvk108BAAAA2hJFUSYlDMO0TdMMrc3fOp8pvqS/+6v/vI9E3iHGaxUnjxe9+opBq2vIzQnb9t/EverLT8u3/4MwjKbyUeCSlcQsfoDmQ8oOAAAAvMAm6+YJurVy1ldf7f3fc5kurlL2T7Yal/fTNB0T3OnNDesEgkZGFjAMU3DzorxO5UNode7pu2+OjVx/WBIYya41qNV5KUvoBjUhRH34ME1It20fE0IeffHpw//ZRivVhBDVx//0GJ3kFtvHkYMHsKm5A2MyMzOffPJJLy8vLy+v0aNH37p1iy2n/sjOrVoKwzArV650c3Mjlj6sc2ysapTtA2y+0aNH2269xVsEAABwIoqiGIaxmJez5dbe+27n3imMmZrdc/atmFm3Ymbl9Hwmp+cz7PKtmFm5vefeeljZ0NDQaABM1Te+0n1BKz6j+vxJXqVRFJfLrp75b3gSSae5CzQCSiOglFq6+OfDhW+8Vr53d8H/vF+vVGsEAo1AIO4/SNI1yuEzAGBDc3vZn3vuuS1btowbN46m6Z07dy5YsODq1avsKhtfY9nYqkXU1NRs375dJpPZDqOZX7S16vd0d+7cab2dAwAA8Aqbr9uuw2bt5tX0Br1KrtFp1BRjsLRrAa3TUaSRri6D4rK+cqe3i7unZkXt3C0yQYhLeXZw8nPGEUa9/iZNyP0vdlEUxWjpe9+nCoRCjVItEAgYhvEd+kTfvf8RiDB+AVpFc3vZlUplUFCQm5ubl5fXa6+9dvHixeZsZfwBml3W6XSurq7ff/+9t7d3VFRUdnY2u7asrCw5Odnd3X306NG1tbVsTT8/vw0bNri5ufXt25cQ4uvra7zPnJycmJiY4ODgw4cPmzRnvjdCyA8//NCjRw+pVBoXF3f69Gl7jqukpGT06NGenp6jRo168OCBSVT2NzRu3LjS0lKKorKzs9PS0vr06ePq6tqzZ8/jx4+btNhSkQMAADiLl5eXnb1gFvvaaZpWazQqK/+UGo1Wq2OIrf0zmmL6QQrl2lWvKKQoaSf6C/+kvnFvf0sJxSY1Y15/s/NfXlIRohZQ9Vq6TqnRCAQqQjyfGD7oq2+Rr0PraW7KvnHjxqSkpIULF+7fv1+pVLq4uLTsVmKxWK1WX79+vbi4eMGCBWvWrGHLV6xY0b9//0ePHg0dOnT9+vVsTblcTlFUdXV1cXExMesFX7Nmzdq1a7/77rvXXnvNpBXzvRFCFi9e/O233yoUivXr17/66qv2HNeaNWuGDh1aWlqamJi4du1ak6jsb+jEiRNs/HFxcSkpKVu2bKmtrV2zZs3LL7/cSpEDAAA4i0KhaM7mOq1W0xgbmzMGra5wqcA9xlB3hZJEEtcwysUrKnqkWCK1WD/u9Tfd+w9UM0RNKA1FqRmi9/Qetucbgdg0vwdoQVa/h3r48CEhJCwsrNFdFBYWHj58+MSJExkZGXv27ElOTiZmg63NW7G2FVeTW6YoqqysLDg4uLKyslevXlVVVYQQf3//3Nxcf3//ioqKoUOH3rt3z7imyebsgp+f371797y8vP578L+vsri3uLi4p5566uWXX46IiLBw4iwdYGho6LVr14KCgioqKgYMGFBSUmISlf0NmX/3p9VqJRKJyUE5EDkAADy27H9zb0v2jIqxUXnRoiWHBU/oJN4WB8YwlCA2/9tD3+4yTgD+u5bR6+8tJ6TS0JBPUZ6UtAsRUcKQ9ZSkp7UArm//x82PtjOGP7TVZVzymN3/svMQ2h4/rzs0SQvMyx4ZGZmSknLo0KGDBw8uW7aMK2eM2L+VRQEBAYSQTp06yeVytkQulwcEBFAUFRQUVFZWxtUMCgqythO5XO7h4WFtlfnefv7556qqqiFDhgwYMODMmTPmW5kfYHV1tb+/PyHEz8+P/WhhEpUDDZ06dWrw4MGenp6urq4tFTkAAECHQeu0Yh0t0eldLP2T6PQ6rc7atoy6zqANYNT3iYFQYj+D8hblOd5Gvn7lf7alf/iBymBQE6IiREWImhA1Ifknjh9Z+HzrHB8AIc1P2S9fvqzT/d//CVFRUWy/ssNbCQQCtvzRo0fG9dn0t6amxtvbmy0JCgqSy+VsuqxWq7maNqZS8fHx4UZ7m7C4t27duu3evbu8vHzVqlXz5s2z57gCAgLYATDV1dXsxwyTqBxoaO7cuStWrCgtLa2rs/CzDi0VOQAAgLPYmA3GhMX+eGVDvaq6Ul1doZZVmv6rrlBXV9TX1VjboUCrpERPEsk8yiVULzsucu8n9HvWWuVL2/9x8cP/UTNEzRAVQ0LGjIt7abGKIWzJ3bQThxYuoDVqa5sDNEdzU/bVq1e/9dZbNTU1tbW169atGz58eHO2CgkJ+fnnnxUKxZYtW0RGz3Ds3LlToVB88sknCQkJbMmECRO2bdumVCq/+OKLsWPH2tNoQkLCd999d/bs2ZiYGJNVFvc2bNiw1NRUmqYjIyP1er09TYwbN27Hjh0NDQ3/+Mc/LEZlf0N+fn7l5eWEkJ49e8bExGi12i1btvj5+RUUFLRG5AAAAE5kT9ZuMV+vrKyMjolJdMsb63I1UZDO/htFXR5FXU4UpI+VXBsjzhgc193acPnrt3J1xCD2mynuvFbSZTKJ+MhaaqRTqc5s/4eaMOy/wGHDpuz+1/B1G/q++JLq98LctBOVt287cPgAjWruo81ff/31kiVLunbtKhQKExMTP//88+Zs9be//W3RokWEkPfff9/Dw4P7Hzg2NjY8PNzf35+b7GXTpk0LFy4MCgoKDw//7LPP7Gl0y5YtkydPVigUu3fvNlllcW/vvvtuSkrK/Pnzu3btumvXLnua2LRp07PPPhscHDx06NC9e/darGBnQx999FHPnj1ra2u3bduWlJTk7e29a9cuiqL69u1rPLlsS0UOAADgXAzDeHl5KRSKJv2UUm2dPKJbVJewMIFAUFdXx2YOepomhFACgY+PDyFEbyA1tXWdO3c22Var1Rw8diYyLGhqkq+CdPbutMtL5GktPLGr64T3t//02krCMBEJw+d8s48SCAghoze8pacEF3d9SgiJn/98cN9+zToLAFa0wOOnra1JT6UAAACANfx5c7eB62739PRke8etpQEMw1RWVlZXV6vVap1Op9frDQYDN0+DQCAQCoUikUgikfj6+gYFBRn/AKper7+Snv7pxx/1Hxg/KjExNDRUrVZrtVrjDV1dXX18fNiv/Wtra4VC4Yldn5XfuD585WsCkYidiEYoFPr4+Jza8T+UwTB5w1suLi4Wn3N1rnZx3cE2pOwAAACPC/68ubcghmHYTN1kxgvjHyk3TtZZNE3X1tYyDCOVSuvr63U6HZfrUxTF5foeHh5CoZAQotfrdTqdVColhKhUKpqmjRti57fQarVCoZCtzysd8ro/btrBnP/I1wEAAMAaNsNu6lYikYid5I0Q4ulpdTwMxzgXtziHGyHEzl+nAXBAC0zyCAAAAAAArQcpOwAAAAAAryFlBwAAAADgNaTsAAAAAAC8hpQdAAAAAIDXkLIDAAAAAPAaUnYAAAAAAF5Dyg4AAAAAwGtWU3b85igAAABAB2AwGCiKcnYU0CxWU3YXFxeNRtOWoQAAAABAi9Nqtfhl1vbOasru6ekpl8sNBkNbRgMAAAAALchgMMjlck9PT2cHAs1ia/RLTk6OUqn08vKSSCQCAUa9AwAAALQbBoNBq9XK5XJXV9fY2FhnhwPN0siAdZVKpVAotFotxrUDAAAAtCMURUkkEk9PT6lU6uxYoLnwjCkAAAAAAK9huAsAAAAAAK+JnB0AAAAAQHty5coVa6sGDx7clpHA4wMpOwAAAEDTDBo0yLzw6tWrbR8JPCaQsgMAAAA0DWbBhjaGsewAAAAATaPX6zMzM1esWDFs2DD975wdFHRkSNkBAAAAmsZgMOzatevZZ59ll1nODgo6MqTsAAAA0I4VFBQsXbo0Nze3mftZtGiR/ZX1ev327dv79u3LLlvsZc/IyHjjjTeWLl36xhtvXL9+3YFWmlQZOjak7AAAANCOpaWlzZkz59SpUzbqvPvuu43uZ+fOnfY3atyzbq2X/T//+c8LL7ywY8eO+fPn37p1y4FWmlTZnmOE9stWyj506NDi4mLuz/Ly8ieeeKL1QyLx8fEtW7mkpGTDhg0WazapLTvZaK5V23WAjTCaeWJbKgwAAAAbamtr5XL5yJEj6+vra2pqCCEMw6xcufKnn35atmzZ2bNnCSF79+4tKSlZvHgxIeTmzZtr1qxZu3Yt2yvPVv773/9OjLq0r1+//tprr61evTozM9OkDse4Z91aL7uHh0dubq5arY6Ojn7uuefYQq6VzMxMNs5XXnmF/V1LbpX5gsWw7TxG6BhspewCgYC9D1hnzpyx89GKOXPmNDeuFrV9+/aXXnqpRXZlz6G1YHP2sxFY612OljrSjIwM80K+3UUAAMBDZ86cSUxMJISMGTPm9OnThBCKotRqdWRk5Ouvv37w4EFCyIIFCwghn376KSHk+++/f+mllxYtWnTgwAG2skqlmjt3rvE+9+/f///+3/976aWXbNSxp5d9+fLltbW1mzdv3rp16927d03W7tu3b+nSpd26daNpmqIo24dpHrb9xwgdg62UXafT0TRdWVlJCKmpqVGr1dzteOrUqeTk5OTk5LS0NEJIampqQkLC2rVrCSEbN27Mz88fMmSIwWAYM2YMew9t2rRp1KhRiRc+E2cAAA4LSURBVImJv/zyCyGEXfXpp5+OGDGCu59+++23pKSkDz/8kAvApBVj5pXPnTs3ceLEyZMnm//Awfvvvx8eHm75+AWCnTt3jhgxgvvGyiRUi4dmXs3O5poUNtf3zC5YPGks48BMTpqdMTsWobUjNb705punpaWNHj36k08+SUhIYPsV2ANs9C6ycdcBAMBjiKbps2fP7t69e9GiRTt37jx37hxN04QQg8EQFxcXEhJSX19vskl1dfXWrVs3b95cUlLCljAMExERYVxHJpNFRkZGRkbKZDJrdezpZff19X322Wc3btw4fvz4zz//3GStXC6PjIzs1asX+1bIMfnTWthNOkboCBjrBg0aVF1d/fHHHzMM8/HHH5eUlAwaNIhdNW3atIyMjKtXr06bNo1hmLFjxz548MB4Q3YhPj7+1q1bXHlRUVFiYiK7PHjw4LNnzxYWFo4dO5bbZ1ZW1pUrV6y1Ysy88owZM7Kysm7evDl//nxrh2NeOHjw4HPnzhUWFs6aNcu4nAvV2qGZH5E9zTUpbK4Ot2B+0swrm580GzGbB9lSJ5a79OabT5gw4dq1a2fOnImPjzfeQ6N3ke27DgAAHjeXLl3697//zf35zTffXLx4kWGYl156iS0xXmhoaGAY5s033zR57zCvvGHDhry8vNzc3A0bNpisYqWnp5f9btCgQdxyenq6cbXt27dfv36dpum8vLy//vWvJrtatWpVYWFhdnY2V7JkyZLy8vIbN268/PLLJpXtCdvGMUIH0MhPKfn6+tbV1ZWWlhYWFoaGhnLl5eXl7FPSjx49IoSkpKQsW7ZswYIFM2fONPk80LNnT0LI8ePHN2/erFAomN8/OxoMhoSEBIFAUFtby+2zd+/exh9STVoxZl65rKxs4cKFhBCJRGL/JxaDwfDEE08IBIJ79+6xJSahWjs08yOyhwNhG3/RZn7SLDZh7aTZE3NLnVju0ptvLpPJ+vTpo9frTcJo9C6y864DAIDHRFpa2vz587k/R48evWfPnmHDhpnXnDlz5uuvv759+/bZs2d/8sknDQ0NiYmJs2bNsrjbmTNn7tq1i6KoefPmWWtar9c//fTT7PKUKVMIIT/99JNJneTk5H379u3atcvPz4/9utjYjBkztm/fPm7cOK5k6tSpf/vb38aNGyeVShmGMR4tY2fY9h8jtD820nm2m/PmzZsvv/zyzz//zJh15V65cmX69OlsSWVl5YgRI7gN6+rqjOtPmjTp1q1bt2/fHjVqVHV1NWOpC3ny5Mk3bty4fPky1/lq3grHvPLMmTNv377d6OFYK7QRqsVDM69mT3NNCnvYsGEPHjw4e/bs4MGDrUVr3BwbmPlJsxGz+X5a/MSab56UlHTz5s3z58+bH47tu8j2XQcAANA20tPTiywx6WW37dKlS9XV1Tdv3ly9enXrhQodRuOTPMbFxTEMM3bsWOPC5cuXr1u3bv369cuXLyeErF+/furUqWxnKiEkJSVl6tSpxvWXLFmyaNGiGzdu/OlPfzJZxVm5cuWqVavOnTvn4uLCMIx5K7Yrr1q1atWqVSNGjNi+fbtJ5fj4eHa0NLdgg0mo1g7NxhHZaK5JYb/88svz5s3Lzs52d3dnGuvL5wIzP2n2xOxYhPacWPPNly1btnTp0uzsbJOajd5Ftu86TDsDAABtRm9Jk/ZQXV39zjvv7NmzBx3hYA+q0VwQoGUdOXJkwIABhYWF77zzzrFjx5wdDgAAQNNcuXLFz8/PvLy6unrw4MFtHw88DhoZyw7Q4srKyjZv3iyRSFasWOHsWAAAABxRXV3t7BDg8YJedgAAAAAAXmt8LDsAAAAAADgRUnYAAAAAAF5Dyg4AAAAAwGtI2QEAAAAAeA0pOwAAAAAAryFlBwAAAADgNaTsAAAAAAC8hpQdAAAAAIDXkLIDAAAAAPAaUnYAAAAAAF5Dyg4AAAAAwGtI2QEAAAAAeA0pOwAAAAAAryFlBwAAAADgNaTsAAAAAAC8hpQdAAAAAIDXkLIDAAAAAPAaUnYAAAAAAF5Dyg4AAAAAwGtI2QEAAAAAeA0pOwAAAAAAryFlBwAAAADgNaTsAAAAAAC8hpQdAAAAAIDXkLIDAAAAAPAaUnYAAAAAAF5Dyg4AAAAAwGtI2QEAAAAAeA0pOwAAAAAAryFlBwAAAADgNaTsAAAAAAC8hpQdAAAAAIDXkLIDAAAAAPCayNkBAAAQQki9QqFSKvV62tmBtDqhSOTq6uru4UlRlLNjAQCA9gEpOwA4n6yqqrS0JCvrenVVlbNjaV0CgcDb27t3XFxERFe/gEBnhwMAAO0DUnYAcLKGekVJafHlixfHJo0PDw8XCIXOjqgV6fX64uKHJ44f0+v1UldXdw9PZ0cEAADtAMayA4CTKRsabmRljU1K7tqtW8fO1wkhQqEwIqLruKTxD+7fr6utcXY4AADQPiBlBwAn0+v1NTJZeERXZwfSdjw8PBiG6HQ6ZwcCAADtAwbGAIDzGQwGgUDAMIyzA2kjDMMQijw+xwsAAM2EXnYAcD6BAK9FAAAAVuFtEgCcTygUGgwGZ0cBAADAUxgYAwC8YDDoBYIO/uwph6Iomu74M9ADAEBLQS87AEBbE4nFBj2+VQAAAHshZQeA9kFkxN/ff/r06WVlZQ7sJzc3VyTCF4wAANCeIGUHACejKEokEjGNIYScPXu2rKzs/v37e/bsyc3NXbZsWaNbmYuKiiorK7NR4f79+0OHDnVgz/YjmCsGAACaAl1NAOBsFGVnxU6dOvn7+xNCOnfuLJVKZ8+e7UBrbCe9jQpqtfrq1asO7LlJDAwGxgAAgL3Qyw4AvGAwNK3jmaZpd3d3dlmr1a5evbpr167BwcEvvPCCTCZjy3U63bp167p27Sr+HSEkLy+PXSCEXLt2LTk5OSAgoGvXrkuXLiWE7N+/Py4ujhDC1v/ll18IId7e3mvWrAkNDeVy/ZdeeqlLly5ubm49e/Y8fPgwW2hezVb8+B0lAACwG3rZAYAXdDqtwaC3Xaei4pGnp4der79+/fqrr6565plntFoNIWTdutczMq785z/fenp6rlz56urVqz/77FNCyOuvr09LS9uzZ09gYODx48dfe+01rVaj02kJIeyGf/7zn6dNm/bpp5/8//buJqaNI4oD+PN6HfORJjhUINHgtQnh1kgpDRJSEggOoJaPnugBAhIfalJckWNdKUeg5hapOaQSKIdwantJS5AKUYPUOJEKbSJBSirRXGygJabYDovw2p7XA4QgnIKhjrwt/5/msN59OzPrg/20eju7uhpeXFzUtHBdXe3Dh7+cPPmOqi6vDapp4ZWVlZycnLt3fzAajWsnVlZWtrW1ZmVZBgcHGxsb5+fnTCZTfNg/icawXAwAAOwCUnYASD2j0ci889tAKyocaxsHDx68ePGjK1euMHMsFhsY6B8eHlYUhYicTqfT6WRmIUR/f//w8O3i4mIicjgqiGi9lJzWx1JV1efzMnNh4bHCwmObD22ZTFVVpc1m29hfX1+3tr+z8+O+vj6v12u32+PDtrne3X1BAACwv6EwBgBST5IkYsFiu0ZEP0+MPw8FB2/eFLFYU2OjbDSyEHOzc6q6UlZWrig2RbE1NDQsLCywEIt+v6qqBXb75h62bNwe+s5oNJ47V9HQ8OF9jyc+8pUfWYhvb90qO1tmtSqKYiMiLRx+Zdi2l5NoBT8AAABSdgDQBWYSzNs0ovWAuvq6xqamtvaO1XBYMGdZsojo0aOHwWBgownmNw4dkmX5p/Hx+B42NvKt1qtXrz5+PFVeXlZX/8FSILARoEUi8SeutV+np1vb2ts7OqamJhcX/fHdJtLCWhjLxgAAQIKQsgOALjDttDAiEb8I6u7ujkQibrebmdPT02tqalpb28bGxnw+3/T0k5GRUWaWZbm5udnpdI6O3pmZmRkdHaX1whh6scHXr3/p8XhmZ2czMzMlSTKZTMycnZ1NRENDQ6FQSFXVLUMzcyAQJKKjR9/y+WZ7eno2jm4J2/FyiJCzAwBAQlDLDgCpZzAYhBCStONNhPVk12w+cOPGDYfD4XA4SktLr137orf3c6fzE7//maLYioqKzp93EFFfn9tsNnd1dUWjEatVofUS85el6iMjI263W1XVgoKCgYH+tLQ0ZrZYLJcvd3V2Oi0Wy8BAf0lJyeahiejUqXcvXbp44UKzyWSqra3Jy8vbdPRl2PaXsbcvCgAA9icD/jkAILX+/GP+zsj31e+9/1ofypycnKqqrp6fm319QyQuFot98/VX1dXV9mPHUz0XAAD4D8BddgDQhwRWjPk3xifG8/PzdXKTQpIkrMsOAACJQ8oOALrAiZWU7Iqmac+Xl7VweHxiore31/WpSycpOxEJgbefAgBAopCyA4AuhEKhQ4cPJ7fP+w8euFyfeb1em83mcrlaWlqEblJ2LM0OAACJQ8oOACkmGQyyLG8sbZ5EZ06f9tz7cfOepA+xN0uBpSNHshN43BYAAIAIKTsApFx6RsbxoiKP596Zs2VZWZZElj6MRiLJul8uhIhGo0npiogiEW376RskiYV4cN/z9okTGRmZyRoXAAD+37BiDACkGDP/5X/29Onvvz15EggGRSz2yjBJkkwHDuyhf7PZHP+i0R1/+GRZ3kPtiiRJJtNOk2S2Ktbc3Nx8xb7b/gEAYH9Cyg4AuqAuPw8EliKaltwfJYMhPl1PMYPBkJGR+WZOrg7nBgAA+oSUHQAAAABA1/DwEwAAAACAriFlBwAAAADQNaTsAAAAAAC6hpQdAAAAAEDXkLIDAAAAAOja38Xo9DaqW3qVAAAAAElFTkSuQmCC',1,NULL),(34,NULL,1,NULL),(38,NULL,1,NULL),(43,'iVBORw0KGgoAAAANSUhEUgAAArEAAAD2CAIAAABOekiHAAAAA3NCSVQICAjb4U/gAAAAGXRFWHRTb2Z0d2FyZQBnbm9tZS1zY3JlZW5zaG907wO/PgAAIABJREFUeJzt3Xd8FHX+P/D3brakb3pTEkioIUBIQgsl0oIU6VaK3y/f74knR0TBAw/1TvEU9M4H+hMVcvb7egrSFBQQAoQWIEASQkggCRDSSM8m2b47vz8+59y6LVtSCLyeDx48JrOfmU/Zz8y+Z+YzMwKO4wgAAADue8LuLgAAAADcFRATAAAAABFiAgAAAGAQEwAAAAARYgIAAABgEBMAAAAAEWICAAAAYBATAAAAABFiAgAAAGAQEwAAAAARYgIAAABgEBMAAAAAEWICAAAAYBATAAAAABFiAgAAAGAQEwAAAAARYgIAAABgEBMAAAAAEWICAAAAYBATAAAAABFiAgAAAGBE3V2Au8tf/vIXkwkAAID7RMfEBDU1NdeuXSstLW1qalIoFBqNRiqVenl5hYWFxcTEDBo0yN3dvUMygk5lOxKSSCQeHh6hoaHR0dHx8fH4TgEA7jGuxgQ1NTVHjhwpKioyma9UKpVKZV1dXX5+/oEDB8aPHz927FiBQOBidtCNNBqNRqNpbm6+du1aRkbGtGnTEhMTu7tQAADQYQQcxzm98JUrV3bv3q3T6Yiod+/eQ4cOjYyM9Pb2FovFra2t5eXlly5dKi4uZokHDBjw2GOPubm5dUzBXSCXy9977z3CBQIzNi6dcBynUqlqa2vz8/MvXLig1+uJaPLkyePHj+/aMt690K8AoKdz/jxBfn7+zp07OY6TSqVz5syJjY01/lQmk8lkssGDBxcUFOzevVur1RYVFR04cGDmzJkul9lVt2/f7u4i9DwCgcDDwyMyMjIyMjIuLu7rr7/WarUZGRn9+/cPDQ3t7tLdFdCvAKCnc/K+g8bGxh9//JHjOJFItGjRIpOAwFhsbOzChQvZVYPs7Oxbt245WdKOU15e3t1F6NkiIyOTk5OJiOO4c+fOdXdx7hboVwDQ0zkZExw9elStVhPR+PHjIyMjbSceMGDAgAEDiIjjuIyMDOdy7EA4nnNdXFwcm7hx40b3luTugX4FAD2dM9cOWlparly5QkTu7u7seLFdEyZMqKuri42NHTx4sLU0Go3m4sWLRUVFNTU1KpXK3d3d19e3X79+iYmJMpnM2lKtra25ubk3btyora1VKpU6nU4kEvn4+ISGhvbv3z8uLk4k+ncdGxoaPvjgA+Nl+eu+s2bNSkpKIpsX1FtbW8+fP19SUtLQ0KBWq6VSqUwmi46OTkpK8vf3N0msUqk2btxIRJGRkcuWLSOikpKSS5culZWVtbW1CQQCLy+vBx54ICEhoW/fvhbr1dTUdOHChRs3btTX16vVarFYLJPJ+vTpM3LkyMDAQJPECoXinXfeIaI+ffo8/fTTarU6IyOjsLCwpaXF09NzzZo11lrPaXyVW1panCuGne2pUCjee+89Nmblf/7nf3r16mWtSNXV1Z988gkRiUSiF1980dPTk813rl/p9fqrV69evXq1qqqqpaVFIBD4+vr27t17xIgRJtdK7OlXDlXZhP09HADARc7sTYqKitgQs9jYWLFYbM8iERERf/jDH2wkKCsr2759e2trKz+nra2tra2tqqrqzJkzDz/8sMUh7tnZ2QcPHtRqtcYzNRpNfX19fX19QUHB0aNHH3300QcffNCuilmXn5//ww8/aDQafo5CoVAoFFVVVVlZWampqaNGjTJOz++mtVqtTqf78ccfc3NzjRM0Nzc3NzcXFBSMHTt26tSpJtnl5ubu27fPuF5qtbqmpqampubChQtz5swZMmSIxew0Go1er//qq68qKirYHOMm7UAGg4FNCIX/OdVkfzHsb09PT89BgwZdvnyZiC5dumQjJsjJyWETgwcP5gMC5/rVnTt3duzYUVdXZzyzrq6urq7uwoULY8eOnTx5sqM30TjahZgu6+EAAORcTMCfI+3du3eHFKK6uvqrr77S6XQSieShhx4aMGCATCZTKBTsnjeFQrFv3z6pVMqfr2YKCwv37dtHRO7u7ikpKf369ZPJZEKhsLW19datW1lZWZWVlc3Nzf/85z+XL1/u7+8fEBDADuAcfTBRcXExP5oyJSUlNjbWx8dHoVBcv379yJEjbW1tP//8s4eHx9ChQ/lF+F9KrVa7f//+vLy8hISEhISEkJAQoVDY1NR06dKl06dPcxx36tSpmJiY6Ohoftny8vI9e/ZwHCcWiydNmhQbG+vl5SWXy4uKig4fPqzT6fbs2RMSEmJ8tMrfzaHT6S5cuMD/EneehoYGNmF8gGtnMRxtz6SkJBYT5OfnP/zwwxKJxHydBoOBpWHp2YRz/aq+vv6LL75QKpVisXj8+PGDBw+WyWQ6na6srOyXX36pra09efKkXq+fNm0aS29Pv3KiC5HjPdxiawMA2M+ZmKCqqopNhIWFdUgh2A2Nbm5uS5cu5Y94fH19k5KSIiMj09PTtVrtzz//3K9fP6lUyi918uRJNvHoo4/GxMTw82Uy2dChQ2NjY7dv337t2jWVSnX8+PG5c+c6Vza9Xs9GUwoEgieeeKJPnz5svo+PT0JCQnh4eHp6usFgOHDgwMCBA/mfK/4gsqGhoa6ubt68ecOGDePXGRQUNHXqVJ1Od/bsWSK6ePGicUxw6tQpdoPo1KlTR44cyWYGBASMGTNGo9EcPXpUr9efOXPGuEZ8CKLT6c6dO+fp6Tl16tT+/ft7eHgoFArnKm4bu3hERMbXPuwphhPtGRUVFRwcXFtbq9Forly5Mnz4cPPyXL9+va2tjYhCQ0P5cwnO9au9e/cqlUqBQLBo0SI+6hWJRP3793/wwQe3bNnS1taWlZUVFxf3wAMP2NNWznUh6qoeDgDAc2aMIb9/9/b2dr0ExcXFd+7cIaLExETzU6AhISEJCQlE1NbWVlBQYPwRW4qIoqKizFcrEolSU1OlUmlISAi70uGca9euNTc3E1H//v35vTkvPDycHWUqFIrCwkJ+Ph8TGAyGQYMGGQcEPP6g0OR4WqfTBQQESCQS87EX/BGtye0bxiFIU1PT008/PXz4cC8vL6FQ2CHfkYnbt2+fOXOGiMRisfEZb3uK4Vx78mf4L168aLFI/KWZESNGsAnn+tXNmzfLysqIKDY21vw0mKenZ0pKChFxHJeVlWWleUw5V2Xqqh4OAMBz5jyBSqViE8ZHV07jn4FobfjhoEGD2PF0cXGx8TGiSCRi11nLysqMj7N5QUFBL7/8sovFu3btGpuwdr/lgAED8vLyWPFMzv0y7LfHYvHYhMm19kWLFlkrDD8mznhknzGO4+Lj4zvjgQEcx6nV6rq6uoKCgnPnzul0OoFAMGfOHB8fH4eK4Vx7Dhs27MiRI1qt9vbt23V1dXzTMUqlkvUiiUTCj7Rwrl/x8YG14vXr108sFnt5eSmVSosJzDndhbqmhwMA8JyJCYwPgq09l9D2pXrjT/nRCSY7eh7/08IfNjH9+/dnR4fffvvtuHHj4uPjfX197Si+Y9q9UBISEmKxeLyIiAiL8/mzxCYjyGzgB/GxcfgWDRo0yM612dDuSAsvL685c+b079/f0WI4154eHh6DBw9mowgvXryYmppqvEh+fj47UB46dCgfpzrXr/hnDFiLq/z9/devX2/xI2uc7kJd08MBAHjOxAQeHh7sZ0ylUtl534EN/CHvu+++azulyfF0ampqZWUlu8yckZGRkZERFBQUFRUVGRkZFRXl5+fnYsEYuVzOJqzdt8YfKFs7dufHwJuwMXCd3QhXUlLS2Ngol8sVCoVerzcYDPxofxs6b6yZWCz29PQMDw/v27fvsGHDbH/11orhdHsmJiaymCA3N3fy5MnGwSh/xwF/4YCc7VeNjY0mxXCd01Xumh4OAMBzJibw8fFhu7nGxkZru06LB5oWZ/JXItrFnpLE8/Ly+t///d/Tp09nZ2ez8WX83WJEFBwcHBcXN2LECGs/yY5manG4u/F8k+LxHL1praqqavv27fyPk6M6ZACB60/st1YMp9uzV69eoaGhd+7caWtru3btGn8eora2lg3IYAn49M71K/5eQdeDXfP1O1rlrunhAAA8Z2KCXr16sb1wRUVFuw8xbBf/k/nqq686+oYkqVQ6ceLE8ePHl5SUlJSUsOe6sI9qa2uPHj16+vTp2bNn23hQkv3Fs/ayKH5+h7z1sbm5+auvvmLXqsPDw0eOHBkWFubl5SWVSt3c3IRC4RtvvGF7DdZ+eLqYtWK40p5JSUn79+8nokuXLvExAT+60PjpQORav7JRPCe4UuUu6OEAADxnYoKoqCg26LqwsHDMmDEulsDd3Z2dvFWr1c4d8YhEIv7xyW1tbTdv3iwpKSkoKFCpVGq1+vvvv/fx8XE6dpFKpezivVartfjTwh9ZdsiIy1OnTrGAICYm5qmnnjLJ0Z5rB3c5V9pz6NChv/zyi0ajKS4ubm1t9fb2NhgMbHSep6enye+ic/3K3d2dHZE73RvNud6FOrWHAwDwnLkXsV+/fuzM8K1bt/ijFqfxF575x+C4wsvLa/DgwbNnz161alW/fv2IiOO4X375xekV8teA2e1k5vj5HTL+6/r162xi4sSJ5r8f/JXpnsuV9uSfL2QwGNgNAiUlJaxN4uPjTR7x61y/CggIYBNNTU32L2Vbx3ahDu/hAAA8Z2ICkUjED+b6+eefXSwBPyyf3RfeUdzd3WfNmsWm+YHfTuCLZ20l1dXVbCI8PNzpXHj8KDOL496Li4tdz6J7udie/AWC/Px8ImJX1gUCgcmFA3K2X/FLWXvJYUtLy5tvvvn3v//9888/d3SdHduFOqqHAwDwnHwv4tixY9kNVKWlpUePHm03Pcdx7Cmt5vhTvjk5ORYvuN66dWvz5s179uxhZ4mZw4cPf/nll++++66NPb67uzubsHZt255rxuyELRk9uc8E/5wZPqUrjB+KbPKRTqdjTwpieuh1BBfbMyIigv1w3r59u7y8nN36Hx0dzR/f85zrV/wjBIxnGrt+/bpOp2tpafHy8rJcQ7N+5VyVO6SHAwA4xMmYQCQSLViwgO2Sjh8/vm/fPmuj7omoqqrqs88+y87OZn8+9NBDxp9GRkayx8zV1NQY/+YxarX6wIEDTU1NOTk5xq/lbW1tvXHjRltb26FDh6yNMOd36yaPgfPw8GAT1u4eNNa3b192g/v169dLS0tNPr116xZ7No6/vz87keui4OBgNmGSl8FgYG/Q4X+Keuh1BNfbk50S4Dhu586dLDAyP0lAzvaryMhI9mjk8vJyvsfy2trajh8/zqb5x07zrPUr56rsSg8HAHCOm9N3nXl7ew8YMODatWtqtbqysjInJ0ehUIjFYjc3N/b8tfr6+qKioiNHjhw+fJhdMfX29p4/f775HrxXr155eXl6vb6kpEShUPj5+Uml0tbW1uLi4l27drEHuXh5eS1cuJAfhBUREZGbm6vVauVy+dWrV9nbZYRCoVAoVCqV7Gfg2LFj7E1CCxYsMD6qKywsZD+oarX6wQcfdHNza2xsZAPKjh07xtLwgYtAIAgPD8/NzeU4rrCwUCKRyGQykUjU0tKSm5v7ww8/6HQ6oVD42GOPmRyqmq/KnHkajUZTUlJCRGVlZYGBgT4+PlqttrS0dM+ePcXFxQsXLpTL5ewCuUajiYyM5DiODTuwJ7t2ub6SdtfgdHvygoKCzp07p9fr2S+lj4/PrFmzLN704US/EggEDz744OXLl3U63fXr15VKpUwmk0gkbW1thYWFO3bsYD0nMTHR/DWG1vqVc1V2pYcDADhH4OI9VyqV6sSJE2fPnrXxZD0i8vT0TEpKSk5O5s92mqiurv7uu++s3ZQfFBT02GOP8Y97Y2pqar7//vuamhob+QYEBMyfP9/kcfcFBQXbt283SWn71XbXrl3btWuXxcM1d3f3efPmmZ/otufti+Zp2CuGTV5nQERCoXDWrFkJCQl5eXm7du2yv+QOcX0ldq7BifY0tm/fPuPTTjYiGCf6FRFVVVXt3LnT5F3JvFGjRk2bNs34JdGMjX5FTlXZ6R4OAOAc588TMCKRKCYmJjExMSQkhA38FggEer3ezc3Ny8srPDx80KBBEyZMmDlzZkxMjMnIcGPe3t4jRozw8/PjOE6r1er1evbinD59+owfP37mzJnmD0fy8vJKTEwMCwtjj5fR6/Xs1XNSqTQwMLBv374pKSkzZswwf3hccHBwUFBQY2OjRqMRCAReXl4RERHx8fFk/TA3MDAwISFBLBbrdDqdTmcwGDw8PMLCwpKSkubPn2/xmbXOnScQCoVDhgwRi8UKhYIVTyaTxcXFzZ07l72BMCQkxN3dva6uTqvVisXioKAgNt6zp5wnYJxoT2O+vr4sJhAKhfPmzbNxF6gT/YqIfHx8EhMT2Z0LrHhubm7+/v6xsbFz5swZPny4xdMSNvqVc1V2uocDADjH1fMEAF2vrKzss88+I6KBAwc+8cQT3V0cAIB7hJNjDAG6EX/hwHygHwAAOA0xAfQwdXV17OEEERERFt8gDAAAzkFMAD2JVqvdvXs3uwVxypQp3V0cAIB7ijPvOwDoYmq1WiQSlZeXHzx4sLKykoiGDx+OkwQAAB0LMQH0AG+//bbxn/379585c2Z3FQYA4F6FmAB6AG9vb4VCIRKJgoODExISEhISOuTN1AAAYAz3IgIAAAARxhgCAAAAg5gAAAAAiBATAAAAAIOYAAAAAIgQEwAAAACDmAAAAACIEBMAAAAAg5gAAAAAiBATAAAAAIOYAAAAAIgQEwAAAACDmAAAAACIEBMAAAAAg5gAAAAAiBATAAAAAIOYAAAAAIgQEwAAAACDmAAAAACIEBMAAAAAg5gAAAAAiBATAAAAAIOYAAAAAIgQEwAAAACDmAAAAACIEBMAAAAAg5gAAAAAiBATAAAAAIOYAAAAAIgQEwAAAACDmAAAAACIEBMAAAAAg5gAAAAAiBATAAAAAIOYAAAAAIgQEwAAAACDmAAAAACIEBMAAAAAg5gAAAAAiBATAAAAAIOYAAAAAIgQEwAAAACDmAAAAACIEBMAAAAAg5gAAAAAiBATAAAAACPq7gI4rLWlRalQ6PW67i6IBW4ikYeHh5e3j0Ag6O6yAEAPwXHNzc2tLS06nba7iwI9m0gs9vLylvn5Of0b1MNigoa6usrKitzcnPq6uu4uiymhUCiTyQbHxUVF9Q4MDunu4gBAT8Bxd6qrSm+Uns06U1VZqdfru7tA0FO5ubmFR0SMGT12aHy8h6encyvpSTFBW2tLRWX52TNnJk+dFhkZKXRz6+4S/YZery8vv3340EG9Xu/u4eHl7dPdJQKAu11zc3NpaemRw79MnzEz4sFebi7s1jiDoQML1u0M91Z1OI7jOK5Ts9Dr9RXl5b8cPujl4x07OE4odGZsQE+KCRRtbXm5uZOnpvbu06e7y2KBm5tbVFTvKVOnZZ/LeuCBBxATAEC7WlvkZ8+eeXj6zP4DB3l4eHT4+oUCAeFSZkcQCAR3/0XhyKgo/8CAUycyB8XGOjdesCfFBHq9vrGhITKqd9dkd/rk8dHJ4x0Ntby9vTmOtFpcFwSA9ul0uqrKytCwMG9v77v/JwfufjKZTKVSOX1KoifFBERkMBiEQmFnn4Ex5mheHMeRwOGlAOC+pdfrhUIhAgLoOByRk79BPexeROcukAAA3LVcGUMA0LF62E+sm5vbPTbwBADuc2KxBLcbwF2ih107ICKDQS8Udl1YbX4VoKGhgYgCAgIsphcIBDrd3fjsBAC4a2GnAR1FKHRzZUBbDztP0O0aGhqmTZs2bdo0FhmYE4nFBj3OZAAAQDeQSiR6nfOnne6FmKCqquqtt96Kjo4WiUSFhYUmn54+fXrChAkBAQFTp049dOiQKxmxgKCpqampqclGWAAAANAT9aSYQCAQiEQizsyuXbsyMjLefPNNlsz4o6ysrGnTps2bN+/UqVOpqamzZs06evSo+RosMlkbCwiGDRtWUFBQUFAwbNgwFhaYLoU7DgDAbgKBwN3dvbtLAfBvPWo8gZV7dX7/+98/99xzRLR06VKTj1577bWVK1euWrWKiAYOHFhWVvbaa69lZmY6kblUKn3qqafS0tLYvQ9bt2794IMPpFKpeUoDh2sHAGAXgUBAuAkROpTB0H3XDkaNGlVeXs7/WV1dPWbMGBfXaZvBYHogbu2+Xr1en5mZuXjxYn7Ok08+mZWVpVAonMjX09Nz1apV/M2QQqFw1apVnpaeKa1z7YFFSUlJriwOAI5KSkpKSkoaOXLk7Nmzf/rpp64vAO47gA6k1micXtbV8wRCofDEiRNPPvkk+zMzM9POzv3EE098++23TuSo1WpsBEFarUajUbPp8vJynU4XHh7Gz4mJieY4rqKiPCoqys7s+GXtpHP5hY3Z2dnmM51uLgCwR3Z2tsFgyMnJWbNmzYwZM7o4dz3uO4AO4uKbgFw9T6DVanU6XW1tLRE1NjaqVCr++QHHjh1LTU1NTU3NyMggou3btycnJ69bt46INmzYUFxcPHLkSIPBMGnSJHbO/6233powYUJKSsr+/fuJyPgjnpubG8cRZwX9djABO6Y3vuSvVCqJSCKRODGeoK2t7YMPPtDr9exPvV7/wQcftLW1mSxl/vgR44qcPHly+vTpM2fOPH/+PPs0IyNj4sSJH330UXJyMsuUnSdot7lsNC8AOEen04WGhrJp/oyd+SZJRKdOnZoxY8b48eP/9re/sTk29mC2T/6JRT3qGi7c3SQSsUvL2/PraENiYmJ9ff2WLVs4jtuyZUtFRUViYiL7aO7cudnZ2RcuXJg7dy7HcZMnT75165bxgmwiKSnpypUr/PyysrKUlBSLH1VXVX7+j23NTY0t8maL/4joQvZ5/s+G+jqpVPrjDz/wc/bv2yeVShvq66ytwfjfycyjOp2O//N22a34YcOWLFnS2FDf2FC/ZMmS+GHDbpfdMlmqvq72s/RtN0quG7cSX5H58+fn5uZevnx5yZIl7KOHH3740qVLmZmZSUlJxi3TbnPZbl4AsF/ir5KTk7OysviZxhMmm9jcuXPPnTtnviobezCLym7eeHfTW1fbSwZgJ6VSseH117RajXOLd8B9BwEBAc3NzZWVlaWlpREREfz86urqoUOHDhky5M6dO0SUlpa2cuXKnTt3mgclAwcOJKJDhw5NmjRp/vz5ra2tJh/9Nj0ZOM7iP6LffOQmEk2aNPHAwQP8nAMHD6SkpLiJRNbWYLI24xX6ymR79u7Jy8sbOix+yNBheXl5e/bu8ZXJzBdUa9QmNx/wFamqqlq2bNl//dd/lZSUsI8aGhqGDBkyatQo7rfLtNtcdjYvANgjOzv73Llz77333ttvv208nz/xabKJVVdXJyQkGKe0cw8G0NlUSpXTy3bMOatHHnlkw4YNM2fONJ4ZFhaWl5fHcVxYWBgRzZ49Ozk5ed68eQsWLGAJ5HK5r68v/foWg/fff//DDz8UCoXLly9vaGhgDwo0f8EBR5zJyx3UajW/ETY2NtXV1Xl6erK3jq5fv37KlKnBwcHTp8/45ZdD27alHzx4gHPkdkHjxH5+fnv27J47dx4R7dmz28/Pz3xVv84xnc8qEhER8eabbxrvJmQy2dWrV+VyuUn6dpur3eYFAIewu535MchisbisrKysrIxtcSabWERExNmzZ5OTk/nF7dyDAdzNOqa/xsXFcRw3efJk45nPP//8yy+/vH79+ueff56I1q9fP3v27GXLlrFP09LSZs+ebZz+ueeeW758eV5e3uOPP27yEU8gEBgMBpNzHfv27YuJ6RsT05eIUlNTY2L6fvLJJ+yjwYMH79mz+5dfDk+ZMmXfvv27d+8aNmyYnadQWI4mM/38/Hbv3rV79y4WENhY0KLVq1evXr163LhxmzdvZnNWrly5YsWK/Px8k5TtNpft5gUAh7D7Dl5//XV+xMCzzz67ePHi/Px8Ly8vjuNMNrHVq1e/9dZb48eP37hxI5tjYw9mezyBUCjEfQdwlxA4dNDcve5UVx0+dHDa9Bld8xqxgiuXRyePlzc3ObSUXq//fsf2adOm9YnpZ0/6n3/+efjw4aWlpa+//vrBgwedKikA9FS3b93cu3fP+Akpw+KHd3dZ4F6g02n/8uorf9nwpkjkzGDDHjjelbPwXqJOzM3BvIRCoUPPJ6iqqtq4caNUKmUPVgIAAHCaSCTWarvv+QRdj92K2HXZOZ6XQ29zXrZsGU74AwBAR3HlUlTPiwnkcrmvTNZl2Rkcjwm65tIGAACACb1e78pvUE+KCYQCgUgk0qjVnCMH4i5yNK/GpsaAgEAMNgYAewiFQqlUwt85BeCikuLrEQ88YO2R/+3qSTGBh6dnv/79T506OX5Cip+fv/n9fkTEcZzWwdcNGAwGnaUHi4aFP3DzRqnFRXQ6nXmsIBAKOYPhzOlTQ4YO9fT0cqgMAHB/8vL2GTJk2OHDh4KDg2P69uvUs4wGg0Gtcv7O9buBRqPR9eh7NH59nG4naWlt2bnju3nzFwoETh6X9qT7DjiOa6irLS0tKSosbGpuNvy2Z7iJRKL2HhHqJhSKxf8Zimmx5kKBUNzesyEFAoFEYuGNiMRxkVGRoaGhvaL62F4DAAARcRynUipLS4sP//JLZUW56zclCoVC6V3z8mWpVOp2d5w0Fbq5WXyNbbdwl7oLOqdZBALB2HHjBg6KdXNz8oC/J8UETFtrS1NTo1ajcaLkTp9OsX/9np5eQSGhnZ0RANxLDAb2ENQetjeGu41AIBAIhK5cvO55MQEAAAB0hrvirA4AAAB0O8QEAAAAQISYAAAAABjEBAAAAEDk3PMJlEplS0uLxqmR/wAAANA1BAKBRCLx8fHx8PCwK72jv+sFBQUKhUImk0mlUtxxBwAAcNfiOE6tVsvlcg8Pj9jY2HbTO3aeQKlUKhSKhIQEPLsXoKe4ffs2EfXq1au7CwLQddDtjRkMhosXLyqVynbPFjj2097S0iIo/20uAAAft0lEQVSTyRAQAAAA9BRCodDX17elpaX9lA6tV6PR3D2PhwQAAAB7SKVSjUbTbjLHYgKO4zCGAAAAoGcRCoX2DB/EVQAAAAAgQkwAAAAADGICAAAAIEJMAAAAAAxiAgAAACBCTADQ02m0hn0H6nR6PGgc7iMGg6Gurg7P1+d1VIMgJgDo2bLOyc+el2dfkHd3QYC+/PLLvn37dncp7gvNzc3Nzc1yObr9v3VUgyAmAOjBamo1Z842Gwx0Kqu5vkHb3cW5rxUVFa1Zs+b777/v7oLc+zQaTXNzMxE1NTVptej2HdkgiAl6MIGR0NDQxx57rKysrLsLBV2H47iTp5vlLXoiamjUnTnbjFOpXYNtdCYzH3vssU2bNsXHx/NzVCqVxZTgCo7jmpqa9Ho9Eel0uubmTun2VVVV/N715s2bji7eld97xzYIYoIej+M4nU733nvv7dixY/HixV2W7zPPPIOdXfe6cVN1pbCN//NCTsut2+puLM99Ljc3d9myZd1dinufSqVqa/tPt5fL5SqVqsNzOXPmDBEFBgYSUVZWlqOLcxzXZQF6xzYIYoJ7gZub24IFC4jo0qVLSqVSIBCEh4dv2LCBvQJLrVanpaX5+fn5+vouX76cdZfp06f7+Pio1WoiOnbsmEAg+PDDDxUKRVpaWnh4uI+Pz7Jly9inarX6pZde6tWrl6+v7/Tp04uLi4lIIBCkp6ezCYvrh86mVhsyMhtVKgM/R6PhjmU26nQ4VdA9+EPDsrKyIUOGeHt7b9q0if/UfOMy31ShXQaDoaGhwWD4T7fnOK6xsbHDf4BZTLBo0SIyigks7gyt7SFZZzDfPbLvPSws7IsvvggKCoqKijpy5AhZ6iFEdP78+Yceekgmk/n4+EydOrWgoKDTG4RzRFlZWVlZmUOLQOfhv0G9Xv/5558T0fTp01nnkEgk77zzjkKh4Dhu/fr1RLRt2zaW5qWXXuI47rvvviOin376ieO4P/7xj2KxuK6ubuXKlUT09ddfs5Rvv/02x3GvvfYaEW3duvXo0aMikWjChAkmuVtcP3S27IvyV98oeW1DqfG/V98oyclrMUmJzbbDWdx58jMff/xxIvriiy8++eQTfqb5xmW+qUK7mpubi4uLS36ruLhYLpebpHSx2ycnJxNRfn4+EY0cOZLNtLgztDjTxu6Rfe9isTg9PX3v3r1ENGTIEM5SD+E4rk+fPkRUVFR05swZDw+P1NTUzm4QxAQ9mHFs5+/vP2/evIqKCn5+TU0NSxYdHU1E9fX1DQ0NRBQVFcVxnEqlCggIWL58OcdxQ4YMmTNnDsdx4eHhRCSXy9ng1bi4OI7jYmJi2OIWc7e2frh7YLPtcLZjgpCQECJqaGior6/nZ1rcuEw2VehArnR7tVotlUojIiI4juvTp49EIlGpVJyVnaHFmbZ3j+zTpqYmdlZVLBZzVnoIm7lixYrDhw+zMjjNzgYRcI6cYbh9+zYR9erVy/5FoPOwc1Pm3yCbbzAY2ISHh4dKpdLpdBzHicVid3d3pVJJRGlpad9///25c+d69eq1c+fO+fPnm7xM09vbu6WlhV/czc3NYu7W1g93CWy2Hc7ipsfPlEgkWq2W3yLYTIsbl8mmCu1qaWmpqakxaS6O44KDg319fY1nutLtz549O3r0aOM5p06dSk5OtrgztDjT9u7RuP/w0xZ7yP79+9PS0kpLS4nI39//ww8/fOqppzq1QTCe4J7F9xI+/GxsbCSiBx54gM1ftmxZVVXVG2+8ERAQMGvWLCKKjIwkIqVSyQLGlpYWIgoLCyOipqYmaxlZWz/A/cnf35+IWlpa+PMEZGXjYhAQ2M/b29vDw8Pk0Nbd3d3b27sDczl9+jT9ehn05Zdfpl+HFFjcGdreQ9q/e7TYQ2bOnFlSUnLt2rUNGzY0Nja++OKLJkt1eIMgJrj3sWEye/bs2bVrFxHx9ybEx8cPHz78008/ffzxxyUSCRE98cQTRPTdd98dP37cw8PjkUceIaInn3ySiHbs2HHq1CmRSDR27Fi2uKenJxHdunXL2voB7k/jxo0jor179+7cuZOfaXHjAkcJBAJ/f3/jKEooFAYEBAiFHflbxgYYJiUl8f+zORZ3htb2kIz9u0eLPeSRRx7x9fWVy+WPPvooEfn5+Zks1fEN0hkXJKBrWPsGTearVKoVK1b4+Pj4+vqmpaWp1Wr+ozfeeIOIsrKy2J9KpfKFF16IiIhgA2hv3LjBZj7//PN+fn4+Pj5sVC1LvHbtWqlUGhwcbGP9cDfAZtvhLO5I+Ylr16717dvXx8dn06ZNUqmUiDQajcWNy4mdMBgMhtra2uJf3blzx2AwmCdzpds/+OCDRFRSUsJx3K1bt4jowQcf5KzsDC3O5L9Zi7tH4++dn7bYQ86dO5ecnOzp6ent7Z2SknLp0qXObhCMJ7hP6fV6uVw+YcIEPz+/EydOdHdxoBNhs4V7jFarraysZJfwIyIi2GlOE/dVt+/ABsG1g/vUt99+GxoaKpFIPvvss+4uCwCAA8RiMTuLLpPJLP7+3W86sEFEHVQk6GEWLVrELnQBAPQ4vr6+Wq1WJpN1d0HuFh3VIIgJAACghxEIBEFBQd1dirtIRzUIrh0AAAAAEWICAAAAYBATAAAAABFiAgAAAGAQEwAAAAARYgIAAABgEBMAAAAAEWICAAAAYBATAAAAAJETzzEcNmxYZ5QDADpJbm4uNlu436Dbm8jNzbUnmTPvRQQAAIAep933IjrzvoP75O2TAPeG++qlsQAMur0JOw/pMZ4AAAAAiBATAAAAAIOYAAAAAIgQEwAAAACDmAAAAACIEBMAAAAAg5gAAAAAiBATAAAAAOPMM4sAAADuB80NdWcO768oL0+ZPqfvoLhOzYvjOK1Ww54tLCAigUCr1Xp5eXVqpiYQEwAAAFhwo/Dy9q1/u3n9aqvKkHM+a/FzL5bfLq+rrZ0685Hovv3sX0+jspjjdAGeA20nUygUSqVCIBAISEBEEqkkJyfHXeqeNGKES9VwBK4dgKnMzMwZM2Z0dyksuGsLBt0OfQM6nKJV/uk7r5UU5Dc2qZrl6qJrN/6y5vl333r74y2f/O7pp2+X3bJ/VVm3N/18fcWd1su2k3GcQSAQEBEJSCAQCAVCg8Fw9OjRnEuXXKmIQzolJrh48eJDDz3k6+vr6+s7ceLEK1eusPn/ri0REf38889JSUnu7u5BQUELFy6081HM9qzZ3MSJE52timNsF8OeZBzHvfDCC56enh1XKIfL8/XXX3/33Xf2L+7cV+kE44IZN5SdzQ62CX7l6+ubkpJyqQt3Q65vOI52WoB2VdwsuVlcMmlU3xFDo7R6vVKtaW3TJMZFxfQOVShajx09anEpA6dT6VrUujb+n1avbNPW1yqu7itaUS4/326+7CQBEWm12n59+8XGDqqsrKypqenIutnI3Yn3Irb7VolBgwZt2rRpypQpOp1u69at33777YULF4hIIPh3didOnJg/f356evr06dMbGxu3bNmSl5e3d+/edgtgbc22PfDAAxUVFXbV0DV8BZ1O1tDQEBgY2NDQ4O/v39Gl6xROf5Uu6nEN1Y3s3Gz5btnW1paenv7ZZ5/l5eV1Rfk6YsMBMOH6O5Cu5Fza9/H6Zxel6DlhWWUjZ9CdvFASl5AwcnLi9n8evKMLW/fyWvOlTpV9VNJwTCj4z3V5oVBU05aj0TUSCX2kfWb2fydSNtJijq2tLWq1mliATgIiEgqFIrFIr9cLhW7e3t5O14XsbpBOOU+gUChCQ0M9PT19fX1feumlM2fOmCR455133nzzzblz50ql0rCwsA0bNtj5K2JtzfwBxPfff9+vXz93d/e4uLjjx48T0ZQpUyorKwUCQX5+flVVVWpqqpeX18SJE5uamohIp9P5+/t/8803YWFhQUFBX3/99aeffhoaGhocHPzNN9+wdWZkZAwZMsTDw2PgwIGHDh0yKVJhYeHQoUODgoL27NnDzzTPyJxOp2M5hoaGhoSEsOyGDh1KRAEBAURUUVExceJEHx+fCRMm3Lp1i4i0Wm1gYOArr7zi6enpdMkLCgoGDBgQFha2b98+k9Yzz9FiIe38Ki02gnkWRHTt2rWBAwf6+/t/+eWXrGrGNbVYEeOG4stvXjXb3x1Y5OXl9bvf/a60tJT9af49mvRDiz3EvOVNvlOLG47F7mGbxc3Ew8Njx44dMpksJiYmPz/fWkXGjRsnMNJRDQj3hgFxQ+Y9tUjo6Sf0Du4fO2jokIEDB0XHJo7wCu59pbRGZulohOMMN5vOljVfuNl8lv9X2niqTaPQGtw1BlG9snx34doKea7FHFnEyxHnRlKJUCZxkxEnUqlUWq22U2tqrFNigg0bNkydOnXZsmU7d+5UKBQSicQkQV5e3iOPPNIZa/7973//zTfftLS0rF+//sUXXySiw4cPExHHcXFxcatWrYqPj79z586oUaPWr19PRCKRqKWlJScn5/r16x9//HFaWtqVK1eKi4s/+ugjloCI0tLSNm3a1NTUtHbt2meffdYkx3Xr1i1YsODGjRvG51rNMzInEonkcnlubm5xcfGWLVtYsvLyclZaIlq7du2oUaMqKytTUlLWrVtHRGKxWC6XCwSC+vp6p0u+du3adevWffvtty+99JJJkcxztFhIYza+SouNYJ4FEa1Zs+bxxx+/efNmVlaWSqUSiUTGNbVYEeOGMi6/SdVsf3dgkVwu37x58/z589mf5t+jST+02EPMW97kO7W44VjsHrZZ3ExUKlVOTk55efnSpUvXrl1rrSInT57kOI7juH/961/oHmBCJBL1H/8o+USKfMMNnqF6n6ibLd5td240F+SUV9UuWfyU+SIccZzBU62TqLW/+afSilVakVorUWtF9W13jt1MN3AGC4tznMFgEAs9q5WnMqtXZlatrGo7IRJ6/HvdXYNzRFlZWVlZmT0pS0pK3n///UceeSQ8PPzgwYNsJp+du7u7SqXiZzpUEttrHjx48Lp1627evGm8CP9pYGBgbW0tx3F37tzp3bs3/ymbyU7a1NXVsWmhUGiSNUtgMjM4OLimpobjOHZ5wkZG5uUxzprPjv80PDy8urqarSQiIoL/tKqqypWSBwQENDc3WyyPtRzNC8mz8VVabASLWQQGBrKZRUVFxo3D19RiRcwnzKtmccH7jZ2brfFuYeDAgXzjW9tqLPZD233PeCmLG47F7mFcQvNi295MampqAgMDbVSE47iLFy9OmzZNo9G020TQg9j/a2Wbuu66svSw/nZmQea/fjrwS/mhTXcO/uX44f0nTp5SKBQmifUGXfq5Z1/cP9jGvxf2xR66/rHFvBobG6uqKuUN2qPXNryZSW9m0pGi11ob9TU1d5qbm1ysiJ0N0ln3HURHR6elpf3www979uxZuXKlyafh4eFVVVXGvx/ma7B2Ns/2mn/88ce6urqRI0cOHz48MzPT5FO5XB4cHCwQCEJDQ/kCEFFQUBARsbMOgYGBbNpg+Hccd+zYsREjRvj4+Hh4eJiXp6mpiV3SZiuxnZE5Pms+O159fT37NDAwsK6ujp8fGhrqSsnlcrm161LWcrRRSBtfpcVGsJhFc3MzK3xkZKTxyvma2v4KbFTNzgWBYd9gU1PT4sWLlyxZwmZa68wW+2G7Ww2/lMUNx1oPtMHaIsHBwUTk7+8vl8ttVKS2tjYtLe2rr74Si8X2ZAf3lTt37lwqrNAYJBqdoahccf16yQPDJobETWjTuv35T2vfe/cdvV7/2yUEKo1bq0LYqvztP5VQoRIqVMJWhTAh/LFJ0b+zmB3HcXq9Xq/T6fUeOoOfzuBnMHjq9Tq9Tm8wdNF5gk6JCc6ePctf/4iJiTEf3zdmzJjdu3fzf1qMCSzGCu2uuU+fPunp6dXV1atXr168eLHJp6GhoXK5nK1ZpVLZWZ0nn3xy1apVlZWVzc3N5p/KZLLGxkYiunPnjosZmQgODmZnWevr69kOjrH/wqfFkvv5+Vkb4mAtRxtsfJUWG8FiFj4+PqyE7IoAj6+p7a/ARtXsXBCMyWSytLS006dPsz+tdWbb/dBay/NLWdxwnOiB1hZh8UFjY6NMJrNWEa1Wu3Tp0vfffz8kJMSevOD+0dbW9uXnny9burggN+eHlkH/qO4ncPP45st/vP/5/ks3tX9/Z2NpSfH1a4UKhcJ4KaFA+EjsyseHvbYofsOi+A2Lhm9YPPzNpcPfkrn1a5JTYzON7vX44oQ/uwndLGaq1+v1eoNep1FruTattE0rVWk5nU6t1+vNj8c6SafEBGvWrPnzn//c2NjY1NT08ssvjx071iTB2rVr33zzzV27dqnV6qqqqrfeeis+Pr5D1jx69Ojt27frdLro6Gg+gmOnpono4Ycf/tvf/qZQKD799NPJkyfbWZ2BAwcOGDBAo9Fs2rQpMDCwpKTE+NMRI0akp6e3trZu27aN3985l5GJKVOmfPDBB21tbX//+9+dW4nFkicnJ3/77bcnTpwYMGCA6zna+CotNoLFLBITE9PT0+Vy+XvvvWd/RcyZV83OBcGYUqncunXrsGHD2J+dsdWQlQ3HiR5obZGtW7e2tLR89NFHycnJ1irywgsvPP300wkJCXZWCu4THMd99P8+2Lb1o9ramtyL2UXVjdcbtNlnTysVrZ99teMPL77av1/fNWtffnZFmvnovyj/AZP6LZwQM2dCzJwJ0XPGR88eGz3LjQtqlNPk/kv/e5Tl4WWMVqMhrdsPpW/vK92qVgWpVUE/lX62q/h1gV7cdcMMO+OCxM2bN2fMmOHr6+vv7z937lx+EePsDhw4kJCQIJVKw8PD09LSrF0GdnTNBw8eHDBggEQi6d+//759+9jMb775RiaTcRxXU1Mza9Ysb2/v2NjYzMxM81JZnM7Ozvb39+/du/ehQ4deffVVT09P4yLl5uYOGjQoICBg586dHh4eWq3WWkbma7aYHT9RUVGRkpLi7e09efLkiooKO0vbbsmvXr0aHR0dHBy8Z88eV3LkWfsqLTaCxSzOnz8fExMTGBj4+eefu7u7m+dlsSLmLWZeNdvf3X3C0fEEnp6ekyZNKioqYvM7cKsxTmlxw7HYPcxLaLzvstZpd+zY4efn17dv38LCQmsVMVnhmTNn7GtR6AFcGU/Q2NAw5aHxwwYPjI8dMHHEkLFrPx/7xt4pY5KGDR4YHzdodGJ8XV0tS2kyDEWhUFRWVhYXF1+9evXy5cu5ubmXLl0qLi7+cO/mv27/c3l5eUlJSXFxcWVlpflYBI7jKisrr1y+kpuf/cfd8x79YuCjXwxcs2t2XkF20dWiarPBVY6ys0E65fkEAA45evRov379QkJC0tPTv/nmm1OnTnV3ie4p9+FmiycZgCvdXq1W7/p+x4Gf9t8uK1O1NYvCBwrcxLrKAk8fWa/IqLFjxy9autTd3d18Qb1er9FodDqdXq/nOM5gMLAfWj8/P7FYzK5surm5iUQiiUTi5vabKwitra21tbXVVZUigVTFKbdc+KuB069IXO/l5qvj1MHBwcEhIb6+vk41BpHdDYL3HUD3++GHH/75z3+2trYOHTo0PT29u4sDAPc1Nze3J55aNHXaw3W1tWqNxqDVEse5SSQSqSQkJNTf31+n01lb0MZwZj8/PxuZslOtffr0YX/GD9lBRD4+PuxPlUolFHbFuwhwngDgHofNFu5D6PYmuvM5hgAAANDjICYAAAAAIsQEAAAAwCAmAAAAACLEBAAAAMAgJgAAAAAixAQAAADAICYAAAAAIkdjAjwxFAAAoMcxGAz2vFPXsZhAIpGo1WpniwQAAADdQKPRSCSSdpM5FhP4+PjI5fIue5EzAAAAuMhgMMjlcv7tCTY4fC2goKBAoVD4+vpKpdKueSUDAAAAOMFgMGg0Grlc7uHhERsb2256Z8YHKJXKlpYW9t5opwoJAAAAnU4gEEilUh8fH4svd7aQHr/rAAAAQLgXEQAAABhRdxcAAACghzl//ry1j0aMGNGVJelYiAkAAAAclpiYaD7zwoULXV+SDoSYAAAAwGH35G35GE8AAADgML1ef/HixVWrVo0ePVr/q+4ulKsQEwAAADjMYDBs27btqaeeYtNMdxfKVYgJAACgZyspKVmxYkVhYaGL61m+fLn9ifV6/ebNm4cOHcqmLZ4nyM7OfvXVV1esWPHqq6/m5OQ4kYtDiV2HmAAAAHq2jIyMJ5544tixYzbSvPHGG+2uZ+vWrfZnanxuwNp5gn/961///d///cEHHyxZsuTKlStO5OJQYnvqaJvDMcGoUaPKy8v5P6urq8eMGeNiIeyRlJTUsYkrKipeeeUViykdystONrLr1HydYKMYLjZsRxUDAIDX1NQkl8vHjx/f2tra2NhIRBzHvfDCC3v37l25cuWJEyeI6KuvvqqoqPj9739PRJcvX167du26devYeQWW+O233yajg/KcnJyXXnppzZo1Fy9eNEnDMz43YO08gbe3d2FhoUql6t+//6JFi9hMPpeLFy+ycv7hD39gzw/kPzKfsFhsO+toP4djAqFQyLJnMjMz7RxV8cQTTziaV6favHnzM8880yGrsqdqHZid/WwUrPO+jo6qaXZ2tvnMu60XAUC3y8zMTElJIaJJkyYdP36ciAQCgUqlio6O/tOf/rRnzx4iWrp0KRF9/PHHRLRjx45nnnlm+fLlu3fvZomVSuWTTz5pvM6dO3f+7ne/e+aZZ2yksec8wfPPP9/U1LRx48Z33nnn+vXrJp9+9913K1as6NOnj06na/dFxubFtr+O9nM4JtBqtTqdrra2logaGxtVKhXfCseOHUtNTU1NTc3IyCCi7du3Jycnr1u3jog2bNhQXFw8cuRIg8EwadIkVvS33nprwoQJKSkp+/fvJyL20ccffzxu3Di+GkeOHJk6der777/PF8AkF2PmiU+ePDl9+vSZM2eaP1/i3XffjYyMtNwoQuHWrVvHjRvHn+oxKarFqpknszM7h4rNHz2zCYuNxhgXzKTR7CyzcyW0VlPjr9588YyMjIkTJ3700UfJycksXmYVbLcX2eh1AHDP0+l0J06cSE9PX758+datW0+ePKnT6YjIYDDExcWFh4e3traaLFJfX//OO+9s3LixoqKCzeE4LioqyjhNQ0NDdHR0dHR0Q0ODtTT2nCcICAh46qmnNmzYMG3atH/84x8mn8rl8ujo6EGDBpm8ZMDiOwfMi+1QHe3FOSgxMbG+vn7Lli0cx23ZsqWioiIxMZF9NHfu3Ozs7AsXLsydO5fjuMmTJ9+6dct4QTaRlJR05coVfn5ZWVlKSgqbHjFixIkTJ0pLSydPnsyvMzc39/z589ZyMWaeeP78+bm5uZcvX16yZIm16pjPHDFixMmTJ0tLSxcuXGg8ny+qtaqZ18ie7BwqNp+GnzBvNPPE5o1mo8zmheyohuW/evPFH3744UuXLmVmZiYlJRmvod1eZLvXAcC9LSsr6+uvv+b//L//+78zZ85wHPfMM8+wOcYTbW1tHMe99tprJnsJ88SvvPJKUVFRYWHhK6+8YvIRc+7cuapfJSYm8tPnzp0zTrZ58+acnBydTldUVPTHP/7RZFWrV68uLS3Nz8/n5zz33HPV1dV5eXnPPvusSWJ7im2jjnZy5plFAQEBzc3NlZWVpaWlERER/Pzq6mo2AvPOnTtElJaWtnLlyqVLly5YsMAkChk4cCARHTp0aOPGjS0tLdyvMZHBYEhOThYKhU1NTfw6Bw8ebBx8meRizDxxVVXVsmXLiEgqldpfQYPBMGbMGKFQeOPGDTbHpKjWqmZeI3s4UWzjM1TmjWYxC2uNZk+ZO6ph+a/efPGGhoYhQ4bo9XqTYrTbi+zsdQBwT8rIyFiyZAn/58SJE7/44ovRo0ebp1ywYMGf/vSnzZs3P/bYYx999FFbW1tKSsrChQstrnbBggXbtm0TCASLFy+2lrVer58zZw6bnjVrFhHt3bvXJE1qaup33323bdu2wMBAdmrT2Pz58zdv3jxlyhR+zuzZs//6179OmTLF3d2d4zjjCwp2Ftv+OlrmaBDBDtQuX7787LPP/vjjj5zZwej58+fnzZvH5tTW1o4bN45fsLm52Tj9jBkzrly5cvXq1QkTJtTX13OWDoJnzpyZl5d39uxZ/vDRPBeeeeIFCxZcvXq13epYm2mjqBarZp7MnuwcKvbo0aNv3bp14sSJESNGWCutcXasYOaNZqPM5uvp8IY1X3zq1KmXL18+deqUeXVs9yLbvQ4AoDOcO3euzBKT8wS2ZWVl1dfXX758ec2aNZ1XVIc4eS9iXFwcx3GTJ082nvn888+//PLL69evf/7554lo/fr1s2fPZoeDRJSWljZ79mzj9M8999zy5cvz8vIef/xxk494L7zwwurVq0+ePCmRSDiOM8/FduLVq1evXr163LhxmzdvNkmclJTErljzEzaYFNVa1WzUyEZ2DhX72WefXbx4cX5+vpeXF9fe2Qi+YOaNZk+ZnSuhPQ1rvvjKlStXrFiRn59vkrLdXmS71+HmBQDoJHpLHFpDfX3966+//sUXXzh2KN+ZBO3+rgB0gZ9//nn48OGlpaWvv/76wYMHu7s4AAC2nD9/PjAw0Hx+fX093osI4KqqqqqNGzdKpdJVq1Z1d1kAANpXX1/f3UXoeDhPAAAAAER4tjEAAAAwiAkAAACACDEBAAAAMIgJAAAAgAgxAQAAADCICQAAAIAIMQEAAAAwiAkAAACACDEBAAAAMIgJAAAAgAgxAQAAADCICQAAAIAIMQEAAAAwiAkAAACACDEBAAAAMIgJAAAAgAgxAQAAADCICQAAAIAIMQEAAAAw/x+W8uje01E60wAAAABJRU5ErkJggg==',1,NULL),(44,NULL,1,NULL),(45,NULL,1,'Gestionar Personal'),(46,'iVBORw0KGgoAAAANSUhEUgAAA4MAAAHICAIAAAB79agrAAAAA3NCSVQICAjb4U/gAAAAGXRFWHRTb2Z0d2FyZQBnbm9tZS1zY3JlZW5zaG907wO/PgAAIABJREFUeJzs3Xl8FHWe//Fv9ZFOd45O0ul0EjXc5CCES4jACEZuFU9mxmNWZ30wvx8/x+XHOuOEGRx/487joaKgK7u4SsQLNjvgsazicA4gDHLIqYLhCoTJQU6SzkF3pzv9+6Ocokk6TY6G6jSv51+Vb1V961Nd/UjeqeNbktfrFQAAAMB1p1G7AAAAANygSKIAAABQB0kUAAAA6iCJAgAAQB0kUQAAAKiDJAoAAAB1kEQBAACgDpIoAAAA1EESBQAAgDpIogAAAFAHSRQAAADqIIkCAABAHSRRAAAAqIMkCgAAAHWQRAEAAKAOkigAAADUQRIFAACAOkiiAAAAUAdJFAAAAOrQqV3AtfKHP/yh3QQAAABCytWT6FWTnCRJBoPBZDIlJycPGDBg2LBhJpMpONWh1wIfvoiICKPRaLPZBg4cOHLkyMjIyOtVFwAAQDDOiXq9XofD4XA46urqjh8/vmXLlsmTJ0+YMEGSpN53jmvK5XK5XK6GhoaTJ09u27ZtxowZY8aMUbsoAABwo+hGEu3s7JrH43E4HFVVVcePHz906JDL5dqyZcvFixfvueee4NTYI8G9KG+321977bWgd3s9daxc/heiurr6u+++O3jwoMvl+vzzz1taWm6//XY1CgQAADecIDyxpNVqo6KiBgwYcPfdd8+dO9doNAohDhw4cOrUqd53HiL+9re/qV1C8EmSZDQa09LS7rrrrieeeEKv1wshtm3bVllZqXZpAADghhDkZ+dTUlLuvPNOefrrr78ObucqKi0tVbuEaystLW3ChAlCCK/Xu3//frXLAQAAN4Tgj+KUkZEhT5SVlQW9c7WE5TnRdrKzs+WJs2fPqlsJAAC4QQR/FCflwXmHw9FxrsvlOnTo0IkTJ6qqqhwOR2RkZGxs7JAhQ8aMGWM2mzvrs7Ky8uDBg8XFxY2NjW1tbbGxsbfccsuYMWNuueUWIcTy5curq6uFEAsXLlSe/g4wilNTU9PRo0fPnj1bXV196dIlt9ut0+liYmJsNtvQoUOzs7N1uh8+lrq6umXLlvmuq/R2zz333HrrrS0tLa+88ooQYsCAAU888YTT6dy2bVtRUVFjY6PJZPr1r3/tu259ff3BgwfPnj1bW1vrdDr1er3ZbB4wYMC4ceMsFku7IrvVc1DEx8fLE42NjR3nduvAdav4rh+Odmt9/fXXZ86cqaurczqdBoPBbDYPHDjw1ltvVXZE4XA4Xn75ZSFEWlrak08+KYQ4c+bM4cOHz58/39zcLElSVFTUTTfdNHr06MGDB/v9cLp17AAAQBcFP4nW19fLEzExMe1mnT9/fu3atU1NTUpLc3Nzc3NzRUXFnj17Zs6c6ffB7V27dm3fvr2trU1pqa2tra2tPXLkyG233TZ9+vRLly7J7fKdjoEdOHBg06ZNra2tvo0ul0vu8/jx49u3b//xj3988803d2VnlZDkcrk8Hs+HH36onAn23U0hxNGjR9evX++7XafTWVVVVVVVdfDgwfvuu2/48OE96zlYlE9Yo2l/pry7B67rxffscHz33XefffaZy+VSWlpaWlpaWioqKvbu3Tt9+vTc3Fy/9bS2trrd7s8///zo0aO+CzQ0NDQ0NBw/fnzixInTpk1rt/vdPXYAAKCLgp9Ev/nmG3li0KBBvu0XLlz48MMP3W53RETEHXfckZ6ebjabW1pa5PGDWlpa1q9fbzAYlGvEskOHDv3lL38RQuh0ugkTJuTk5MTFxblcruLi4h07duzduzciIsLpdMoLa7XawLUVFRWtX79eCBEZGTl58uQhQ4aYzWaNRtPU1FRSUrJ3797y8vKGhobVq1f/7//9v+Pj4xMSEuSToJ2dYVW26Ha7Dx482NkNCaWlpevWrfN6vXq9/s4778zKyoqKirLb7SdOnNi6davb7V63bl1SUpLNZutuz0FUV1cnT7Q7p9iDA9fF4rt7OOS1Tp8+/cknn3i9XoPBMHny5KysrJiYmJaWllOnTv3lL39pbm7esGGD0WjMyclRNqRk69bW1i+++OKbb74ZPXr06NGjk5KSNBpNfX394cOHv/rqK6/Xu3v37kGDBg0cOFBZtwfHDgAAdFGQk2hxcfHu3buFEDqdbvz48b6z/vu//9vtdmu12scff1w5xRUbG3vrrbempaUVFBS0trZu2LBhyJAhBoNBnut0Ordu3SpPP/TQQ5mZmT8UrdNlZ2cPHTp09erVu3bt6np5f/3rX+WJH//4x75B2Ww25+TkZGVlrV279uTJkw6H48svv7z//vuv2qEScdxu9/79+00m07Rp04YOHWo0GltaWpTFdu/e7fV6hRDTpk0bN26c3JiQkDB+/HiXy7V9+3aPx7Nnzx7fLXax5yA6duyYPNHuCnUPDlwXi+/B4fB4PJ9//rnX65Uk6eGHHx4wYIC8SkxMzOjRo1NSUgoKCtra2jZu3JiRkRERESHPVYa2raurq6mpeeCBB0aMGKFsLjExcdq0aW63e9++fUKIQ4cO+SbRHhw7AADQRUF4Yqmtra2lpaW4uPh//ud/Vq1a5Xa7NRrNvffem5iYqCxz+vRpeWygMWPGdLzwnZSUNHr0aCFEc3Pz8ePHlfaioiI5uAwaNEiJoYqIiIg5c+bo9Xo5KHSFMj5Rv379Os7V6XTTp083GAxJSUkej6crHfpGnPr6+ieeeGLUqFFRUVEajSY6OlpZzO12JyQkREREDBs2rF0PyqnEkpKSHvQcLH/729/27NkjhNDr9b6Xtnt24LpYfA8Ox8mTJxsaGoQQQ4cOVWKoIiUlRf48W1paioqKOtbT1taWmZnpG0MVyjnUdmdwe3DsAABAFwVhZPt2rFbr3Xff3b9/f9/GEydOyBMd/5zLMjMz5TNSp0+fHjVqlNx4+vTpwGvFxsYOHz784MGDXSlMCKHT6eS7/c6fP+973kuRmJj429/+tou9+fJ6vSNHjuzsEu1jjz3W2YrK4z5+nxO6as+94fV6nU5nTU3N8ePH9+/f73a7JUm67777fG/w7dmB62LxPTgcJ0+elCeysrL89pmeni7fH3L69GnfC/QKOTr73ZY80e5O1t4cOwAAEFgwr85PnDhxyJAh/fr16/ieT2UUJN8Tpb6UsOI7rHpVVZU8kZqa2tlGhw4d2vUkOnToUPlRlT/96U8/+tGPRo4cGRsb28V1r6rjWduuUB6mcbvdwe25nav+IxEVFXXfffcNHTrUt7FnB85XgOJ7cDgqKirkieTkZL8LJCUlBa6ns++Scim/3eNTAXTl2AEAgAB6e060tbV1+fLl8vPyOp2u3alQhXLS6NVXXw28Fd8zUspaAQZ4SklJCdyhr+nTp5eXl1dXV7tcrm3btm3bti0xMbFfv35paWn9+vWLi4vrelcddRw8yJfH4/n+++/PnDlz8eJFu93e0tLi8Xja2tp8xwToWc+9odfrTSZTSkrK4MGDR4wY0XHwgZ4dOF8Biu/B4bDb7fJEZ18J5YRuZ+cplVHG2un475OiN8cOAAAE0Ntzonq9fvr06WvXrhVC7N69Oycnx+/win7HFvVLeRDed1o5X9WR/HLRLoqKipo7d+5XX3114MCB5uZmIURNTU1NTY18VtVqtWZnZ48dO7azsBJYgNs3Kyoq1q5de/HixR50G7jnruvizRXt9OzA+QpQfA8Ox1W/Ekp7Z/UESJx+9fLYAQCAAIJwdT4rK2vAgAFnz551u93r169/4oknOi6j/Pn//e9/f9WxlhTKo0gB0kN3g4XBYMjLy7v99tvPnDlz5swZeUB1eVZ1dfX27du/+uqre++9t7PbIgPoLBs1NDR8+OGH8qCnKSkp48aNS05OjoqKMhgMWq1Wo9H8y7/8S896vg56duB8BS6+u4dDqaezx9S68p3put4fOwAAEEBw7hOdNWvWW2+91dbWdvbs2aNHj3Z8NjkyMlK+eut0Ort+xjEiIkI+J9fa2qqMENSOMqx9t+h0uvT09PT0dCFEc3PzuXPnzpw5c/z4cYfD4XQ6P/7445iYmLS0tB703NHu3bvlIgcNGvToo4+2y3MhfoW3Zweuu7p+OAwGg3xTZmtrq99krAx339kXplv69LEDACD0Bee980lJSWPHjpWnN2/e3DEdKjcLKsOnd0VUVJQ8odwd2FFnD6Z0ayvDhg279957FyxYMGTIECGE1+vdsmVLL7tVnDp1Sp7Iy8vrGJ4C7Foo6NmB643Ah0O5PVQey6kjpT0oz6L16WMHAEDoC04SFULk5eXJ58yam5uV4egVygPL58+f73qfyvPaykP0HSlZofciIyPvueceeVp5Rrv3lEdn/A5mpIxUFZp6duCCwu/hUOrp7ABduHBBnujWo2yd6dPHDgCA0Be0JBoZGXnnnXfK04cOHVJG/5Ep9/kdOXLE7x1+JSUl//qv/7pu3TrlZaHCZ8Bz31HKfTU1NR05cqSLFW7duvWDDz549dVXA4SqyMhIeaKzuxu7Poq+wvdVk+1mud1ueTx5WQhe7e3ZgeuKnh0O+Qq+8HkjVDvKV0VZsjf69LEDACD0BS2JCiHGjBkjn4jyer3r16/3/duclpYmv6GnqqrK9++3zOl0bty4sb6+/siRI2fPnlXas7Ky5Chw7Nix0tLSdmu5XK6PP/646wmgqanp7Nmzzc3Nmzdv7uyRcCVOtXvrj/KEfg/GMLdarfJEcXGxb3tbW9tnn33mcrm6chOCWnp24LqiZ4dj8ODB8pnyU6dOtfs8hRAlJSXyUPzx8fHylf1e6tPHDgCA0BfMJCpJ0qxZs+TpysrKvXv3+s6977775IdINm/e/Oc//7m6utrtdtvt9mPHjr3zzjvyxdaoqKi8vDxllbi4OPlN321tbatXr967d299fb3H42lpafnuu+8KCgrOnTunbPGq7rzzTvn+gdLS0oKCgr1791ZXV1+6dMnj8TQ3N5eWlm7atGnDhg1CCL1e71uGEEIZmmrHjh3Nzc0ej6e2traL21XeCblx48YTJ044nc5Lly6dOHFi5cqV33zzzezZs5XryDt37rx06ZLyzE2I6MGB64qeHQ75LVDy/ydr1qzZt29fY2Ojx+NpaGjYt29fYWGh1+uVXzarnM7sjb5+7AAACHHBfMeSECItLW348OHffvutEGLHjh3Dhg1THjGxWq3/+I//uGbNmosXL+7fv3///v3t1k1MTPzJT37S7kGTadOmNTY2Hjt2zOFwbNy4cePGjcosjUZz1113jR49+rPPPutKbbGxsT//+c8//vjjqqqq2tpa3658JSQkPPjgg8qremQTJkyQx0w9dOjQoUOH5MYujtA5bty4oqKikpKSpqam//qv//Kt/9577x06dKjD4ZDvOFQ679nYn9dIzw7cVfX4cNxyyy0PP/zwp59+6nA4NmzYIKdVRWRk5AMPPNDxlfQ909ePHQAAIS7ISVQIMW3atBMnTrhcLpfLtWHDhocffliZlZyc/PTTTx89erSoqOjChQstLS1CCJPJlJqampmZmZ2d3fHxZK1W++Mf/zgnJ+fIkSNlZWXyKnFxcUOGDBk7dmxCQkK3xo9MSkqaN2/eiRMnTpw4ceHChYaGBpfL5fV6IyIizGZzcnJyenp6RkZGx9NpWVlZc+bM2b17d21tbVtbm9Fo9DuAv19arfYf/uEf9uzZ891339XV1bW1tcXExAwePDg3N1e++Dt8+PDm5ua9e/c2NjbqdLpr90alHuvBgeuKHh+OoUOHzp8/f//+/adPn66rq3M6nQaDwWKxyN+Kbr3sILAwOHYAAIQyqQeP4IQUp9P50ksvCSGMRmN+fr7a5QAAAKCrgnmfqCqUcS57+dZ4AAAAXGfBvzofXJ9//nlFRUVdXd3jjz+ujCXpSxm1J1ivRAIAAMD1EernRD0eT3l5ucPh2LZtW8cBm2pra/ft2yeEkCRpzJgxahQIAACAHgr1+0QbGhrefvtt+RGZfv36/ehHP0pJSTEajY2NjSdPntyxY4c8a/z48TNmzFC7WAAAAHRDqCdRIURFRcXatWsvXrzod64kSbfddtu0adOCMn4kAAAArps+kESFEG63+9tvvy0qKqqsrGxqavJ6vQaDISEhIS0tbfTo0crr6QEAANCH9I0kCgAAgPDDFW0AAACogyQKAAAAdZBEAQAAoA6SKAAAANRBEgUAAIA6SKIAAABQB0kUAAAA6iCJAgAAQB0kUQAAAKiDJAoAAAB1kEQBAACgDpIoAAAA1EESBQAAgDpIogAAAFAHSRQAAADqIIkCAABAHSRRAAAAqIMkCgAAAHWQRAEAAKAOkigAAADUQRIFAACAOkiiAAAAUAdJFAAAAOogiQIAAEAdJFEAAACogyQKAAAAdZBEAQAAoA6SKAAAANRBEgUAAIA6SKIAAABQB0kUAAAA6iCJAgAAQB0kUQAAAKiDJAoAAAB1kEQBAACgDpIoAAAA1EESBQAAgDpIogAAAFAHSRQAAADqIIkCAABAHSRRAAAAqIMkCgAAAHWQRAEAAKAOkigAAADUQRIFAACAOkiiAAAAUAdJFAAAAOogiQIAAEAdJFEAAACogyQKAAAAdZBEAQAAoA6SKAAAANRBEgUAAIA6SKJ9zM6dO++66y61qwAAAAiC65FEJUm6Dlu5qi6WEWAxr9f7z//8zyaTKXhFdbueVatWrVmz5tptJcDuK7Py8vK62y0AAEBHktfrvebbkK7HVq5DGXV1dRaLpa6uLj4+PlhVhYhufTg33XRTWVlZ0LsFAAA3mut3dd7tdicmJq5atcpmsyUlJRUWFsrtJ0+ezMjIiI+P/+CDD0wmk9vtbm1ttVgszz33nHz2saKiYvr06VFRUXl5efX19fJaH3/88ZAhQyIjI7Ozs7/88ku50e+SHW3btm348OFGozEjI2Pz5s3t5sqn8fxWm5OTI4RISEgQQpSVleXl5cXExEyaNKmkpEQI4Vu22+2Oj48vLCxMTk6W+1m5cqXNZrNarcqO+y3j+PHj6enpycnJ69ev963H7xY7+0gVfj+ljv103P0AlUydOrW8vFySpO+++87vLhQVFeXk5CQmJq5bt66LnzkAALhBea89ZSt6vf5Xv/qV3W5fu3Zt//795cbZs2c///zz9fX18+bNk0+heb1enU733HPPtbS0eL3en/zkJ88++2xjY2N+fv5TTz0lL5CYmLh//36Xy1VYWDh69Gi50e+SHcsYNmzYF1984XA43n333QEDBnSrWmXuY489lp+fb7fbn3vuuYcffrhj2Vqt9tlnn5VXj4uL++d//ud2Xfkt45577nn33Xe3b9+ekZHRlS36LVLh91Py24+yFWUiQCWBP8n77rvvD3/4g91uf/7557v4mQMAgBvTdU2iQojq6mqv1+t0OjUajdxosVguXLjg9XpPnDjhu2RFRYWygLxWZWWlb4xbuHDhuXPnfDfkd8mOZSicTmfHxsDVKnNTUlLksisrK1NTUzuW7bu6EKKmpqZdV37LSEhIaGho8FtPZ1vsWKTC76fUWT/tJgJUEviTtFqtVVVVXq9XvoIfYEkAAHCDu97PzicmJgohIiIi2tra5JaGhgaLxSKESEtL813SZrPJE3a73Wq1SpJks9kqKirkxs8//7ympmbcuHGjRo3auXNngCU72rFjx9ixY2NiYoxGY3erVdTW1spzLRZLTU1Nx7J9V5cXa9eV3zLsdnt0dLTfYjrbYoAi/X5KnfXTToBKFH53ob6+Xr6PVt5KgCUBAMANTv1RnGJiYhoaGoQQpaWlvu3KDYs2m81ut8vB2eFwyI0DBgwoKCi4cOHCr371q5/97GcBluzokUceWbBgQXl5ubzdnrFarbW1tUKI2tpaq9Xaseyr8ltGXFxcZ3e4drbFAPx+Sl3sJ0AlgXfBbDZfvHhRCFFZWRl4SQAAcINTP4mOGTOmoKDAbre/9tprfheYOXPmkiVLWlpaVq5cOWXKFLnxtttuW7t2rdvtHjhwoMfjCbBkRxkZGenp6S6Xa/HixRaL5cyZMz0oe+rUqcuWLWtubl66dGmAbQXgt4wJEyb86U9/2rVrV3p6eu+36PdT6mI/ASqRb6jobBfGjh1bUFDQ1NS0YsUKJZcH5TMHAADh5jrcASD83V+oTH/99deDBg2yWCzvvfdeZGRkxyWrqqruueee6OjorKysnTt3yo2bNm1KT0+PiIgYOnTo+vXrAyzZcYsHDhyIj4/v37//5s2bf//735tMpq5Xq0yUlZVNnjw5Ojp6ypQpZWVlAVbpbNpvGd9///3AgQOtVuu6det6s8UAn1LgfpSJAJUUFhaazebOduHo0aOZmZkJCQmffPKJ0WhsbW3tbMnr8/UDAAAhS/3hHrdv3z5kyJCkpKSCgoLCwsLdu3erWw8AAACuD53aBYjPPvts9erVTU1NOTk5BQUFapcDAACA60T9c6IAAAC4Man/xBIAAABuTCRRAAAAqIMkCgAAAHWQRAEAAKAOkigAAADUQRIFAACAOkiiAAAAUAdJFAAAAOogiQIAAEAdJFEAAACogyQKAAAAdZBEAQAAoA6SKAAAANRBEgUAAIA6SKIAAABQhy6Ifdmbmmrq6i85HG1tbUHsFgAAAGrRaDTGyMjEhPjY6Kigdy55vd6gdLRjx46g9AMAAIDQdMcddwS3w+Bcnbc3NQelHwAAAISsxmBHvuAk0Zq6i0HpBwAAACGrOtiRLzhJ9JLD0ZXFjh079tZbby1btiwoG+2N1157zfdHl8v14Ycfbtu2Ta16eqPdvvR4mZ4tDAAAbhxdjHxdF5wnluRHlF577bVnnnkmwGJfffXVPffck5KSEpSN9ka7Ordu3Tp27NjMzEy16um7fGOrVquNjo4eOHDg+PHjIyMjVawKAABcC0F/Kj2Yz85flcPhuPnmm6/nFrvorrvuUruEPkyJ9R6Pp7Gx8eDBgxs2bHjggQfUrQoAAIS+4CdRt9v9zjvv3H333du3b6+vr4+Li5s2bVp0dHRBQYH4+ym0Z555xuPx7Nq168SJEy6Xa/DgwdOmTdPpdMq6W7ZsaWxs/OUvf7lixYp77713+/btdXV1sbGxd955pyRJO3bsqK+vN5vN06dPl8+wVldX79ixo6qqyuv1pqSkTJkyJS4uTgjh9Xq/+uqrb7/9trW19aabbrrzzjvlduX0beAyfHeh46lcl8u1YcOGkpKS6OjoqVOnrlu37umnn9ZoNB6P58svvzx16lRra2tGRkZeXp5Wqw3QZ+Dl5Y/i//7f/9vZPvrV2tq6ZcuWs2fPRkZG5uXlKe1+t9VZJ93aohBCq9XGxcVNnDhx5cqVATbXcdeqqqrkDQkhbDbbHXfcYbVae3B0ulswAABQl/YPf/hD73upqqm91NS4Z8+e8ePHazSar776qrm5efr06RMnTnS73QcOHBg7duz48eP37NnzzDPPjB8/Xghx4MCBlpaW2bNnjxkz5sKFC2VlZf369ZMkae/eva2trdOmTZs0aZJWq/3qq68uXbo0bdq0iRMnejye3bt32+12355zcnKEEP/93/89YsSIGTNmjB49uqWl5eDBg9nZ2UKIw4cPGwyGvLy82267zePxfPXVV8OHDxdCyKV2VobfXZA35GvPnj0ajea+++4bPHjwl19+2dDQMGHCBCHE/v37dTrdjBkzxo0bV1NTU1paessttwTo0+/y7T4KSZI620dlX9rVJknSvffem5GRsXfv3osXL8rL+N1Wx3XlhTvbot+FhRBtbW12u33fvn2RkZEZGRld37W1a9eOGzdu2rRpo0ePdrvdX3/9tXyYunt0ulIwAADoMVN0jC3REsQOr8k7ltxu9+23356QkKDX60eOHFlXV9dxme+//3706NFGozEyMjInJ+f06dNCCEmSWltbx4wZEx8fr9FohBAej2fixInx8fFyV01NTbfffrvyo9Lzz372s6ysLJ1OFxERIacWuf3YsWODBg2KiorS6XQ5OTmPPPJIV8ro4i6cOnVq3LhxJpMpISEhNzfXt8/hw4cbjUa9Xj9q1KgTJ04E7tPv8h0/is720a/Tp0/feuutRqMxNjbWN6d2VptfXdzia3/3xhtvfPTRRwaDYdasWd3aNafTaTQa5Q2NHj1aOUzdPTrd+ogAAIDqrtV9ohbLD3k5IiLC7XZ3XKCxsVG5choXF2e325VZiYmJnXUlhEhISOjY86VLl3bu3Hn+/PlLly55PB5luP76+nqj0RigzgBlXHUXmpqaTCaTPO17/6vdbl+xYoXyo053+UP222eA5X0/is72sbP9UmpTPrHA2+qoi1sM8JhaF3ctLy/vs88+i42NTUtLGzJkSGpqqrIX3To63fqIAACA6q5VEpUkKfACHo+ns+Xb3bnYriu/PX/xxRdxcXE/+clPoqKiJEl64403el/GVdf1DTq+/eh0uqeeekqv13dcxW+fAZb3/Sg620e/PB6Psi35vONVt9VRt7boVxd3LT09feDAgefPn3e5XBcvXiwuLv7Rj34kun90el8wAAC4nq7J1fmuMJvNyimu+vr62NjY3vRWVlZ2++23m81mnU7ne03WbDY7Ag581ZsyTCbTpUuX5GnfjcbGxvqevbuqLi7f2T76FR0drdQmPwnUg9q6tUW/ur45vV4/aNCgzMzMoUOHHjlyRG7s7tHpfcEAAOB6Ui2Jpqennzhxwul0OhyOI0eOpKen96Y3s9l87ty51tbW8+fP7927Nzo6Wk4w2dnZJ06caGpqcrvd33777X/+538GsYwBAwYcOXLE4XBcvHjxwIEDSnt2dvaRI0eamppaW1sPHDjwySefBO6ni8t3to9+9e/f/+DBg5cuXZIfIepZbd3aYm92bc2aNUeOHHG5XB6P59SpU8oV+e4end4XDAAArqfrOp6or3Hjxm3btu29996TJCkjI+O2227rTW9TpkzZunXrpk2bbDbb9OnTT5w48f7778+fP3/UqFG7d+/+8MMPPR5vRv8sAAAgAElEQVRPSkpKx3FDe1PG+PHjv/jii7fffjs+Pn7q1KklJSVy+4gRI3bu3Clv1Gaz+Q6i5FcXl+9sH/0uPGnSpE2bNq1cuTIyMvKOO+44f/58W1ubRqPpVm3d2mJvdu2OO+7Yvn37zp07NRpNcnKy8sBTd49O7wsGAADXkxSUpzq+LTpZe6G89/30LS6XS36ISgjR3NxcWFj4i1/8Qt2SAAAArh1LcurwjKFB7FC1q/NhYM2aNfv3729tbW1paTly5MiAAQPUrggAAKAvUe3qfBi4++67t23btm/fPr1e379//6tehQcAAICvoF2dD+6pWgAAAISaoEc+rs4DAABAHSRRAAAAqIMkCgAAAHWQRAEAAKAOkigAAADUQRIFAACAOkiiAAAAUAdJFAAAAOogiQIAAEAdJFEAAACogyQKAAAAdZBEAQAAoA6d2gUAIcbrbWhoaGpsdLtb1S4FAK6g0+ujoqLNcXGSJKldCxAcJFHAh9dbeaGi+Gzxvr17KsrLPR6P2gUBwA+0Wm1Kaur42ybmjBxpNJnULgcIDpIoQoPZLBoalJ82bty4aNGiY8eOxcbGzpo169VXX01KShJCSJLk9Xp911NafM8QxMfH/+hHP3rjjTcGDBjgOysqKio3N3f58uUZGRl+q2hoaCguLv7L1i2z7ro79eZbtFptsPezG7xtbSpuHV3RxjEKeeF0jDweT1lp6Zatm6JiorOGZWs03F+HcEASRQiYO1cYjWLuXPHOO0KIXbt2PfrooytWrJg9e3Z1dfXSpUt/85vfvP/++1ftRgmpdXV1y5Yte/zxx3ft2uU7q6WlZfny5T//+c/37t3rt4emRvu+fXtmzrp7aEam0WgMys5dB5IkcakOIYvAFERp/frFWxL+uvPLzKwsnvRAeCCJIgRMmiQ2bRIzZsg/vfLKKy+88MKcOXOEEDfffPPrr7/e3f4SEhJ+9atfLVmypF27yWR66qmnXnjhBfnHjmdY3W53RXm5LTk5OjqabAcgBJnNZqfTceWvLqAP4z8qhIAtW8T+/eLTT+Wfvvnmm/vvv783/dXX17/44ovjx49v197S0vLWW2+NGTNG/tHr73e5x+PRaDTEUAChjSiKMME5UYSAVauEEOK//kv+qaqqSr4rtLvk+KjRaEaMGJGTk7N69ep2s4xG4/jx4999990AnURGRvKgEoBQ5ve/aKCPIoki5KSkpJSVlQ0cOLDjLEmS3G63TvfD99blcvnegqbcDHrgwIFJkyb5rtidX9yS2+3uUeEAcM0ZIgxOh1PtKoCg4eo8Qs748ePXrl3rd9ZNN91UVFSk/Hj48OGOgdVkMjU0NPguBgBhgyfAEGb4QiPk5Ofnv/TSS6tXr3Y4HNXV1YsXL5afXhJCvPzyy/PmzTt+/LjD4di3b98vfvGLl156qWMPs2fP/td//ddLly51d9OSJBkiDb3dAQC4lrg6j3BCEkXIycnJWbt27WuvvRYXF5ednf3999+/+eab8qzHHnvs+eeff/TRR+Pj43/+858//fTTSkhtZ+7cuU8//XTgDXV8LEkeDonf8gBCmcPpULsEIGi4TxShaMaMGTP+PqhTO9OnT58+fXrH9nbx8dZbb125cqXfWZ2tomh1ubpRKwBcR/qICLVLAIKJc6LAFQwRXJ0HELq0Wg0jOCGckESBK0gaRhIFENIcDq7OI3yQRAEAAKAOkihwhQh9hNPFWH0AQpROp1e7BCCYSKLAFTRardolAECndDqdw9HtIeqAkEUSBQCgz/B4PFr+YUYYIYkCl2k0Gr1e19TUpHYhAODfmdOnUm+6qeNwyEAfxXiiwGVR0TEjRozaunWz1WodNHhIGJx4cDguedsY8UV9TpfT42lTuwqIVpfL7XarXUXPNTY1fvLRmgcenCNJnEhCmCCJApeZ4+JGjBwVExuz4c9flJeVejwetSv6gVarjTAw0Kl/JqNR7RJCVITBEAb/TV0LOp1Or++T48NLkvTAgw9lZGby9nmEDZIocJkkSUaTKTMrOyMzi3d+Agg1kiRJkoYYinBCEgXa02g03EINAMB1wJ9bAAAAqIMkCgAAAHWQRAEAAKAO7hMFruT1NjQ0NDU2ut2tapcCAFfQ6fVRUdHmuDjGE0XYIIkCPrzeygsVxWeL9+3dU1FeHjqjOAGAVqtNSU0df9vEnJEjjSaT2uUAwUESxfViNouGBnkyMjLy8OHDmZmZykxJknozalIvV1c0NDQUFxf/ZeuWWXfdnXrzLeqOxehtYyD0UNfGMQp54XSMPB5PWWnplq2bomKis4ZlM5YTwgNJFNfF3LnCaBRz54p33pEbXn755XfffTfUht1uarTv27dn5qy7h2ZkGvvOeOmSJHGpDiGLwBREaf36xVsS/rrzy8ysLJ70QHjge4zrYtIkodeLGTPkn9xu91NPPbV06dKOC5aVleXl5cXExEyaNKmkpEReOD4+vrCwMDk5OTExcdWqVStXrrTZbFartbCwUFnx448/jo+Pz8rK+u6774QQra2tFovlueeeM5lMQoiKiorp06dHRUXl5eXV19fLq3RMb263u6K83JacHB0dres7tFqtBghV1+AXyg3NbDY7nQ7evIGwwe8IXBdbtoj9+8Wnn8o/eTye3NzcpqYmOTX6ys/Pz83NLS8vnzx58sKFC4UQOp2usbHxyJEjp06d+o//+I/58+cfO3bs9OnTb7755qJFi5QVDx06VFJS8sgjj8hr6fV6u90uSVJtba0QYsGCBSNHjqysrMzNzVXW8ntB3+PxaDQaTjECCG1EUYSJ4Nxd923RyeEZQ3vfD24Q8m2dTqfzF7/4xbvvvqvT6ZQbPVNTUw8fPmyz2aqqqkaNGlVWViYvX11dnZiY6HK5DAZDTU2NxWJxuVxGo1F+qEiSpLKystTU1Kqqquzs7KqqKrmxoqIiOTlZCJGYmFhUVJSYmFhVVZWbm3v27Fm/hZWcLS5Y8db/mvfLtH79rt/HAQBdVlFR/slHa+Y99bROp1e7FtyIgh75OCcK1RgMhn/6p3965ZVXfBtra2sTExOFEBaLpaamRmmXGyMiIuRZ8rTvswhWq1UIER8f3/D356KEEDabTZ6w2+1Wq1WSJJvNVlFREbAuye1293LXAOAaMUQYnA6n2lUAQUMShZrGjh3rcrmOHDmitFitVvl6em1trRwuu6iurk5eKz4+XmlULrLbbDa73e71er1er8PhCE71AHDdcestwgxfaKjsd7/73ZIlSyIjI+Ufp06dumzZsubm5qVLl06ZMqXr/bz99ttNTU3vvPPO+PHjO86dOXPmkiVLWlpaVq5cGaBbSZIMkYbu7gIAXE9Bua0OCBGM4gSVRUREPPPMM2vWrJF/fPHFFx999NHk5OTc3NwPP/ywKz20traaTKbs7Oxbbrnl5ptv/uijjzou8+KLLz755JM2my0tLe2tt96SGzuOQioPh8RveQChzOHkwg7CB0kUKmgX9UaPHt3a+sOrNVNTU3fs2BFg+Y7Ter2+ublZCPHggw92tpbVav38888Dl6Fodbm6tBsAcN3pIyLULgEIJq7OA1cwRHB1HkDo0mo1jOCEcEISBa4gaRhJFEBI47FLhBOSKAAAANRBEgWuEKGPcLoYqw9AiGJAe4QZkihwBY1Wq3YJANApnU7ncFxSuwogaEiiAAD0GR6PR8s/zAgjJFHgMo1Go9frmpqa1C4EAPw7c/pU6k03KS+QA/o6xhMFLouKjhkxYtTWrZutVuugwUPC4MSDw3HJ28aIL+pzupweT5vaVUC0ulxut1vtKnqusanxk4/WPPDgHEniRBLCBEkUuMwcFzdi5KiY2JgNf/6ivKzU4/GoXdEPtFpthIGBTv0zGY1qlxCiIgyGMPhv6lrQ6XR6fZ8cH16SpAcefCgjM5O3zyNskESByyRJMppMmVnZGZlZvPMTQKiRJEmSNMRQhBOSKNCeRqPhFmoAAK4D/twCAABAHSRRAAAAqIMkCgAAAHVwnyhwJa+3oaGhqbHR7W5VuxQAuIJOr4+KijbHxTGeKMIGSRTw4fVWXqgoPlu8b++eivLy0BnFCQC0Wm1Kaur42ybmjBxpNJnULgcIDpLoDclsFg0N8qTyj3VUVFRubu7y5cszMjLaLS5JUqgNaaSU1HHC72Jd1NDQUFxc/JetW2bddXfqzbeoOxajt42B0ENdG8co5IXTMfJ4PGWlpVu2boqKic4als1YTggPJNEbz9y5wmgUc+eKd96RG+Ss1tLSsnz58p///Od79+5tt0aoxVC/glJkU6N93749M2fdPTQj09h3xkuXJIlLdQhZBKYgSuvXL96S8NedX2ZmZfGkB8ID3+Mbz6RJQq8XM2a0azaZTE899dR3330nhGhtbbVYLM8995zJZBJ/P2/qdrvj4+MLCwuTk5MTExNXrVq1cuVKm81mtVoLCwvlTioqKqZPnx4VFZWXl1dfX9+xK8W2bduGDx9uNBozMjI2b94sL2k0Gj/66COz2Txo0CC5Er99+qVEsaKiopycnMTExHXr1ilzy8rK8vLyYmJiJk2aVFJS0m4VhdvtrigvtyUnR0dH6/oOrVarAUJVd3494erMZrPT6egL5weALuF3xI1nyxaxf7/49NN2zS0tLW+99daYMWOEEHq93m63S5JUW1urLKDT6RobG48cOXLq1Kn/+I//mD9//rFjx06fPv3mm28uWrRIXmbBggUjR46srKzMzc2VG/12JYSYP3/+4sWL6+vr8/Pz582bJy/pcDiOHDlSWlr6+OOP5+fnd9ZnYAsXLnzooYfOnj17+PBhpTE/Pz83N7e8vHzy5MkLFy6UG/2eRvV4PBqNhlOMAEIbURThwhsM33x/Iij94PpTvglGo/HOO+88ffq00l5RUaFMKxPV1dVer9fpdAohampq5GmNRiMvYLFY5AUqKyv79+/fsauO5K7aLVlVVWWxWAL32dmE1Wqtqqryer1lZWVKY0pKyoULF+ROUlNTOyvmXPGZRQufLTl37iqfGgCopLy87N/eeK211aV2IbhBBT3ycZ8oOr3D0mazdWxMTEwUQkRERAghLBaLPK08E2C3261WqzxtMBgCdLVjx45nn322qKiopaXFt11ePT4+3m63B+6zM/X19fHx8UqpstraWvlHi8VSU1MTsAPJ7XZfdSsAoApDhMHpcKpdBRA0XJ1Hp3pwhdpms9ntdvm/HIfDEaCrRx55ZMGCBeXl5Q1/f4pfJsfEixcvms3mwH12xmw2X7x4UQhRWVmpNFqtVvn2gNraWiXXAkCfw623CDN8oRFMM2fOXLJkSUtLy8qVK6dMmRJgyYyMjPT0dJfLtXjxYovFcubMGbn97bffbmxsfPPNNydMmNDdPmVjx44tKChoampasWKFkoCnTp26bNmy5ubmpUuXBuhEkiRD5NVPuwKAijq7kAX0RVydRzC9+OKLTz75pM1mS0tLe+uttwIsuWTJkmnTppnNZjkv5uTkNDc3CyGysrLS0tISExPXr1/f3T5lL7/88sMPP7x06dKCgoLIyEi3263T6V588cVHH300OTk5Nzf3ww8/lJfsONqoPBwSv+UBhDKH8+pXh4C+Ijh/dL8tOjk8Y2jv+8ENTvUU+LeScx988N6cOT/NyMpSsQwA6Exzc/PrS19Z+LvndDq92rXgRhT0yMfVeeAKhgiuzgMIXVqthhGcEE5IogghoXBZXNIwkiiAkNaVZzeBvoIkCgAAAHWQRIErROgjnC7G6gMQorg9FGGGJApcQaPVql0CAHRKp9M5HJfUrgIIGpIoAAB9hsfj0fIPM8IISRS4TKPR6PW6pqYmtQsBAP/OnD6VetNNPXgHHhCaGNkeuCwqOmbEiFFbt262Wq2DBg8JgxMPDsclb5v6IxLA6XJ6PG1qVwHR6nK53W61q+i5xqbGTz5a88CDcySJE0kIEyRR4DJzXNyIkaNiYmM2/PmL8rJSj8ejdkU/0Gq1EQYGOvXPZDSqXUKIijAYwuC/qWtBp9Pp9RFqV9ETkiQ98OBDGZmZvH0eYYMkClwmSZLRZMrMys7IzAqFwU0BwJckSZKkIYYinJBEgfY0Gg23UAMAcB3w5xYAAADqIIkCAABAHSRRAAAAqIP7RIEreb0NDQ1NjY1ud6vapQDAFXR6fVRUtDkujvFEETZIooAPr7fyQkXx2eJ9e/dUlJeHzihOAKDValNSU8ffNjFn5EijyaR2OUBwkETD1qFDh5555plDhw4JIcaMGfPv//7vw4YNuw7blSTpOox/pGyl40RvimloaCguLv7L1i2z7ro79eZb1B2L0dvGQOihro1jFPLC6Rh5PJ6y0tItWzdFxURnDctmLCeEB5Jo2HrssccWL148depUt9v99ttvP/744wcPHlS7qGsoKPG3qdG+b9+embPuHpqRaew746VLksSlOoQsAlMQpfXrF29J+OvOLzOzsnjSA+GB73HYamlpsdlsJpMpNjb22Wef3bNnj9xeUVExffr0qKiovLy8+vp6ufHkyZMZGRnx8fEffPCByWSS34bnG27kabfbnZiYuGrVKpvNlpSUVFhYKM8tKirKyclJTExct26dskpZWVleXl5MTMykSZNKSkralbdt27bhw4cbjcaMjIzNmzcLIVpbW41G40cffWQ2mwcNGvTdd98FKLgjpdquF9Mxvbnd7orycltycnR0tK7v0Gq1GiBUXf23FbrDbDY7nQ7evIGwwe+IsPXHP/5x2rRpTz755CeffNLS0hIR8cOr7RYsWDBy5MjKysrc3NxFixbJjb/+9a9/+tOfnjt3bu/evQ6HQ6fzf7Jcp9PZ7fajR4+ePn16+fLlyuoLFy586KGHzp49e/jwYWXh/Pz83Nzc8vLyyZMnL1y4sF1X8+fPX7x4cX19fX5+/rx584QQer3e4XAcOXKktLT08ccfz8/PD1BwAF0vxu9pVI/Ho9FoOMUIILQRRREuvMHwzfcngtIPguvMmTNvvPHG7NmzU1JSNm3aJDdaLJbq6mqv11tZWdm/f3+l8cKFC16v98SJE8q3wvfr4dsor+50OjUajdxotVqrqqq8Xm9ZWZmyZEpKitxnZWVlampqZ0U6nU7fzisqKrxeb1VVlcViCVBwxyKVid4Uc674zKKFz5acO9fZAgCgrvLysn9747XWVpfaheAGFfTIxznRcDZw4MD58+d/9tln69at+6d/+ie50W63W61WSZJsNltFRYXc2NDQYLFYhBBpaWlX7TYxMVEIERERoTwKUF9fHx8fr8yS1dbWyj9aLJaampp2nezYsWPs2LExMTHtbse0Wq1CiPj4eLvdHqDgAHpQzJUk+eYEAAhBhgiD0+FUuwogaEiiYWvfvn2trT+MiDlo0CD5BKEQwmaz2e12+R8Rh8MhN8bExDQ0NAghSktLlR40Go3cQ2VlZeBtmc3mixcvtlvSarXW1tYKIWpra+V86euRRx5ZsGBBeXm5vF2FHBMvXrxoNpsDFBzcYgCgr+DWW4QZvtBh69e//vX/+3//7+LFi/X19b/97W8nTpwot8+cOXPJkiUtLS0rV66cMmWK3DhmzJiCggK73f7aa68pPaSkpHz++eeNjY2LFy/u7M5R2dixYwsKCpqamlasWKHcYTl16tRly5Y1NzcvXbpU2ZAiIyMjPT3d5XItXrzYYrGcOXNGbn/77bcbGxvffPPNCRMmBCg4uMUoJEkyRBquugkAUJGX55UQToJyjZ/7REPQuXPn7rrrrtjY2Pj4+Pvvv//8+fNye1VV1T333BMdHZ2VlbVz50658euvvx40aJDFYnnvvfciIyPlxvfffz8xMTExMfG9996Li4tra2vzdnLz6NGjRzMzMxMSEj755BOj0dja2ur1esvKyiZPnhwdHT1lypSysrJ25R04cCA+Pr5///6bN2/+/e9/bzKZ5A4/+uijuLi4wYMHFxUVBShYdH6faNeL6fj9P3/u7B9feP70qVM9+sgB4Jq7WFf3xxee5z5RqCXokS84g5B/W3RyeMbQ3vcDtWzfvn3IkCFJSUkFBQWFhYW7d+9WpYzrMyp+AH8rOffBB+/NmfPTjKwsFcsAgM40Nze/vvSVhb97TqfTq10LbkRBj3yMbA8hhPjss89Wr17d1NSUk5NTUFCgdjlqMkRwdR5A6NJqNYzghHBCEoUQQrz++uuvv/662lWExM1PkoaRRAGEtK48uwn0FTyxBAAAAHWQRIErROgjnC7G6gMQorg9FGGGJApcQaPVql0CAHRKp9M5HJfUrgIIGpIoAAB9hsfj0fIPM8IISRS4TKPR6PW6pqYmtQsBAP/OnD6VetNNyms7gL6OZ+eBy6KiY0aMGLV162ar1Tpo8JAwOPHgcFzytqk/IgGcLqfH06Z2FRCtLpfb7Va7ip5rbGr85KM1Dzw4R5I4kYQwQRIFLjPHxY0YOSomNmbDn78oLyv1eDxqV/QDrVYbYWCgU/9MRqPaJYSoCIMhDP6buhZ0Op1eH6F2FT0hSdIDDz6UkZnJ2+cRNkiiwGWSJBlNpsys7IzMrFAY3BQAfEmSJEkaYijCCUkUaE+j0XALNQAA1wF/bgEAAKAOkigAAADUQRIFAACAOrhPFLiS19vQ0NDU2Oh2t6pdCgBcQafXR0VFm+PiGE8UYYMkir5h586dL7/88p///Odruxmvt/JCRfHZ4n1791SUl4fOKE4AoNVqU1JTx982MWfkSKPJpHY5QHCQRPs+s1k0NCg/bdy4cdGiRceOHYuNjZ01a9arr76alJSkVmmSJHVrLKS8vLzt27f7nbVq1ao1a9YEd3MdNTQ0FBcX/2Xrlll33Z168y3qjsXobWMg9FDXxjEKeeF0jDweT1lp6Zatm6JiorOGZTOWE8IDSbSPmztXGI1i7lzxzjtCiF27dj366KMrVqyYPXt2dXX10qVLf/Ob37z//vtqV9lVJ0+e7GxWQUHBVVfv/QigTY32ffv2zJx199CMTGPfGS9dkiQu1SFkEZiCKK1fv3hLwl93fpmZlcWTHggPfI/7uEmThF4vZsyQf3rllVdeeOGFOXPmGAyGm2+++fXXX1diaFlZWV5eXkxMzKRJk0pKSoQQra2tFovlueeeM5lMvtNCiIqKiunTp0dFReXl5dXX13fWgy+/qwSee/z48fT09OTk5PXr1wshpk6dWl5eLknS4cOHfYvpuF23252YmLhq1SqbzZaUlFRYWCh3qKSxdj13VnzH9OZ2uyvKy23JydHR0bq+Q6vVaoBQ1aNfbeiU2Wx2Oh28eQNhg98RfdyWLWL/fvHpp/JP33zzzf333+93wfz8/Nzc3PLy8smTJy9cuFAIodfr7Xa7JEm1tbW+00KIBQsWjBw5srKyMjc3d9GiRZ314MvvKoHn5ufnL1y48E9/+tOzzz4rhNi6dasQwuv1jho1yreYjtvV6XR2u/3o0aOnT59evnx5x82167mz4v2eQ/V4PBqNhlOMAEIbURThwhsM33x/Iij9oJciIyMdDoffWSkpKRcuXPB6vZWVlampqXKjEKKioqLjtMViqa6ulhfu379/gB4UfldRvmB+5yYkJDQ0NPh2oizvW0xnlcsdOp1OjUbTbvWOPQcuXnGu+Myihc+WnDvX2QIAoK7y8rJ/e+O11laX2oXgBhX0yMd9omElJSWlrKxs4MCBHWfV1tYmJiYKISwWS01NjdJus9k6TtvtdqvVKk8bDIbAPQRYJfBcu90eHR3d2b4oxXS2XbkxIiKi4xMJHXsOXPyVJLfbHXABAFCNIcLgdDjVrgIIGq7Oh5Xx48evXbvW7yyr1Spf7K6trVVCobjyXkll2maz2e12+Z8Vh8MRuIcAqwSeGxcX1/GO0o7FBN6uXx177kEnABCCuPUWYYYvdFjJz89/6aWXVq9e7XA4qqurFy9ePGfOHHnW1KlTly1b1tzcvHTp0ilTpgTuZ+bMmUuWLGlpaVm5cqWycOAe/K4SeO6ECRP+9Kc/7dq1Kz09XW6xWCwXLlxot263Ku+s5y52IkmSIbL9CV0ACClenldCOAnKNX7uEw0dGzduHDVqlMFgSEpKeuKJJyorK+X2srKyyZMnR0dHT5kypaysTG70/QL4TldVVd1zzz3R0dFZWVk7d+4M0EPgVZQ+/c79/vvvBw4caLVa161bJ7cUFhaazeZ2xXS9cmWiY89X7UR2/tzZP77w/OlTpwJ8wgCgoot1dX984XnuE4Vagh75ejsSuOzbopPDM4b2vh9AXX8rOffBB+/NmfPTjKwstWsBAD+am5tfX/rKwt89p9Pp1a4FN6KgRz6uzgNXMERwdR5A6NJqNYzghHBCEgWuIGkYSRRASOv4VCjQd5FEAQAAoA6SKHCFCH2E08VYfQBCFLeHIsyQRIEraLRatUsAgE7pdDqH45LaVQBBQxIFAKDP8Hg8Wv5hRhghiQKXaTQavV7X1NSkdiEA4N+Z06dSb7rJ9/V4QJ/Ge+eBy6KiY0aMGLV162ar1Tpo8JAwOPHgcFzytjHii/qcLqfH06Z2FRCtLpfb7Va7ip5rbGr85KM1Dzw4R5I4kYQwQRIFLjPHxY0YOSomNmbDn78oLyv1eDxqV/QDrVYbYWCgU/9MRqPaJYSoCIMhDP6buhZ0Op1eH6F2FT0hSdIDDz6UkZnJ2+cRNkiiwGWSJBlNpsys7IzMrKC8fgwAgkiSJEnSEEMRTkiiQHsajYZbqAEAuA74cwsAAAB1kEQBAACgDpIoAAAA1MF9osCVvN6Ghoamxka3u1XtUgDgCjq9Pioq2hwXx3iiCBskUYSh5cuX//u///t//ud/vv3222+//XY31vR6Ky9UFJ8t3rd3T0V5eeiM4gQAWq02JTV1/G0Tc0aONJpMapcDBAdJFN1hNouGBuWnjRs3Llq06NixY7GxsbNmzXr11VeTkpK61V9eXt727duDXaX49ttvCwsLH3vssV/+8pfdWrGhoaG4uPdOa60AABJwSURBVPgvW7fMuuvu1JtvUXcsRm8bA6GHujaOUcgLp2Pk8XjKSku3bN0UFROdNSybsZwQHkii6LK5c4XRKObOFe+8I4TYtWvXo48+umLFitmzZ1dXVy9duvQ3v/nN+++/360uT548eS0qfeutt4QQx48f7+6KTY32ffv2zJx199CMTGPfGS9dkiQu1SFkEZiCKK1fv3hLwl93fpmZlcWTHggPfI/RZZMmCb1ezJgh//TKK6+88MILc+bMMRgMN9988+uvv67E0LKysry8vJiYmEmTJpWUlAgh3G53YmLiqlWrbDZbUlJSYWGhEGLq1Knl5eWSJB0+fNhisTz33HMmk0kIsW3btuHDhxuNxoyMjM2bN8t9fvzxx0OGDImMjMzOzv7yyy/lxoqKiunTp0dFReXl5dXX13e2oc767Jje3G53RXm5LTk5Ojpa13dotVoNEKqu1W+kG5XZbHY6Hbx5A2GD3xHosi1bxP794tNP5Z+++eab+++/3++C+fn5ubm55eXlkydPXrhwoRBCp9PZ7fajR4+ePn16+fLlixYtEkJs3bpVCOH1ekeNGmW32yVJqq2tFULMnz9/8eLF9fX1+fn58+bNk/v8P//n/xQWFjY2Ni5atOiZZ56RGxcsWDBy5MjKysrc3Fy5T78b6qxPv29R8ng8Go2GU4wAQhtRFGFCCsorDb8tOjk8Y2jv+0EfYjQa6+vrDf5ehp6amnr48GGbzVZVVTVq1KiysjIhhCRJ1dXViYmJLpfLaDTKDwNJ0g/fQEmSKioqkpOTfftxuVwGg0FeIDs7e/bs2fPmzevXr5+yQGJiYlFRUWJiYlVVVW5u7tmzZzvbkN8+Oyo5W1yw4q3/Ne+XaT5bAYDQUVFR/slHa+Y99bROp1e7FtyIgh75OCeKHkpJSZEjZke1tbWJiYlCCIvFUlNTo7TLjREREX6fIbDZbPLEjh07xo4dGxMT43un5ueff15TUzNu3LhRo0bt3LlTbrTb7VarVZIkm81WUVERYEN+++yE5Ha7r7YMAKjDEGFwOpxqVwEEDUkUPTR+/Pi1a9f6nWW1WuXr7LW1tVartYsdKhfEH3nkkQULFpSXlzf4PKc/YMCAgoKCCxcu/OpXv/rZz34mN9psNrvd7vV6vV6vw+EI0LnfPgGgz+HWW4QZvtDoofz8/Jdeemn16tUOh6O6unrx4sVz5syRZ02dOnXZsmXNzc1Lly6dMmVKgE4sFsuFCxfaNWZkZKSnp7tcrsWLF1ssljNnzgghbrvttrVr17rd7oEDByoX3GfOnLlkyZKWlpaVK1cG3pDfPjuSJMkQ6ed+AwAIHUG5rQ4IEYzihB7KyclZu3btb3/727lz55rN5lmzZr355pvyrBdffPHRRx9NTk7Ozc398MMPA3Tyb//2bxkZGfJj74olS5ZMmzbNbDavWLFCkqScnJzm5uZ/+Zd/mT9//j/8wz/0799/xYoVyoaefPJJm82WlpYmj9zUGb99KnepKuThkPgtDyCUOZyBLgEBfQtPLAGX/a3k3AcfvDdnzk8zsrLUrgUA/Ghubn596SsLf/ccTyxBFTyxBFxbhgiuzgMIXVqthhGcEE5IosAVJA0jiQIIaYEf0AT6FpIoAAAA1EESBa4QoY9wuhirD0CI4vZQhBmSKHAFjVardgkA0CmdTudwXFK7CiBoSKIAAPQZHo9Hyz/MCCMkUeAyjUaj1+uamprULgQA/Dtz+lTqTTcpL6UD+jpGtgcui4qOGTFi1Natm61W66DBQ8LgxIPDccnbxogv6nO6nB5Pm9pVQLS6XG63W+0qeq6xqfGTj9Y88OAcSeJEEsIESRS4zBwXN2LkqJjYmA1//qK8rFR5rajqtFpthIGBTv0zGY1qlxCiIgyGMPhv6lrQ6XR6fYTaVfSEJEkPPPhQRmYmb59H2CCJApdJkmQ0mTKzsjMys3jnJ4BQI0mSJGmIoQgnJFGgPY1Gwy3UAABcB/y5BQAAgDpIogAAAFAHSRQAAADqIIkCAABAHSRRAAAAqIMkCgAAAHWQRAEAAKAOkigAAADUEZwkqtFo2tp4pTIAAEDYamtrC/orvoLTnTEysqm5JShdAQAAIAQ1NrcYIyOD22dwkmhiQvyF6hqPxxOU3gAAABBSPB7Phepqa0J8cLuVvF5vUDqqrK65aLenJFljoqKCfuYWAAAAqvC0tTU1t1yoro6LjbUlWoLbedCSqBCisam5uu7iJYeDe0YBAADCg0ajMRkjE+PjY6Kjgt55MJMoAAAA0HVcRgcAAIA6SKIAAABQB0kUAAAA6iCJAgAAQB0kUQAAAKiDJAoAAAB1kEQBAACgDpIoAAAA1EESBQAAgDpIogAAAFAHSRQAAADqIIkCAABAHSRRAAAAqIMkCgAAAHWQRAEAAKAOkigAAADUQRIFAACAOkiiAAAAUAdJFAAAAOogiQIAAEAdJFEAAACogyQKAAAAdZBEAQAAoA6SKAAAANRBEgUAAIA6SKIAAABQB0kUAAAA6iCJAgAAQB0kUQAAAKiDJAoAAAB1kEQBAACgDp3aBQAIE02NjZdaWjwet9qFXBNanc5oNEZFx0iS1HFueO+7LPAnAAA9QxIFEAR1NTXl5WVHjx6pralRu5bg02g0ZrN5WHZ2v379LdakdnPDe99lgT8BAOgxkiiA3mpuaiwrL923Z8+UaTPS0tI0Wq3aFQWZx+MpLf3b1s2bPB7P/2/vXmOjKvM4jj9z7cV229rS1lqmLVAkUVwF1MhFqG5pgDUhwJaskWiBFClkDaaE1SjLmwqJ667J2qwJJhhTqoAkqxTXBdlClBWpQCsWCqss95asbWdappfTznn2xZhxlJnOdM5pnw39ftIX5Zwz5zz/f8jk1/OcS3xCwh1JyYFVt33tfkN0AACM4DpRAEb1eL1fNzU9UTw/v6DgtoxiNpstLy//V8Ully5e9Lg7g1fd9rX7DdEBADCCJArAKJ/P19nR4crLVz2QkZWUlCSlGBgYCF44Rmr3C9kBADCC2XkAJtB13Wq1SilVD2QESSmFRdxa41io3S9cBwAgZpwTBWACq3XsfpmM5doBwCC+QAGYwGaz6bquehRqjOXaAcAgZucBmEPXfVbrbXvLjhDCYrEMDoZ+YuhtX7vfEB0AgNhwThQAomJ3OHTfmD73SQcAmI4kCkCBU6dO2e32LVu2qB7IqNI0raqqaubMmUlJSVlZWbNnz66vrx/RI9rt9paWlhE9BAAYwew8AKMsFovdbpdSRn9X9c6dO4uKimprazdv3mz62yMvXbq0fPnyY8eOmbtbEaq66Gvv7e0tKirq7u5++eWXH374YYvF0tzcPH78+FG4Fd20Q3DXPACzkUQBGDbMKOnz+fbs2XPo0KF58+YdP378kUceMXc4fX19J06cMHeffrq8ZW466tq3bt3a29vb0NCQmJjoXzJhwgQTxzY6QnQAAAxgdh6AOXQ92hNmR44ccblcEydOLC0tra2tDV7V09OzcePGwsLCjIyMJUuW+B+irmlaZWVlfn5+dnZ2WVlZR0eHf+OUlJQ1a9ZkZ2dnZGSsWrWqr69PCLF379777rtPCOFwOBwOx/79+4UQ5eXlubm5iYmJU6ZMqaurC3x806ZNOTk5GRkZUY58MMxD3aOpvaamZtu2bYEYGizk8FJTUysqKqZMmZKcnHzvvfceOXIkhhZFc6Bh9SFcBwAgNpwTBWCOgQFN133RbLlz587S0lJN61+2bOmSJUtffbXK4XD4V61fv/7bb/+9ffv2iRMnOJ1OKXVN63/xxZe++qrhvfdqk5OTN2x4obKy8q23/iqE6OnpmTNn9rZtWy9fvrx2bUV5efnbb29/8slfnzp18sEHp3m9N/371LT+4uLilSvLUlPTampqnnrqqdbW6w6Ho6enJzMzs77+nzabTdP6Iw570Bf2tvGItXd0dFy5cuWBB34Z8kAhh+f1ehMS4qur33S5XK+99se1a59rbGwcbov8Ywsc1GAfhugAAMTGwtsyABh0o611/76Pli3/rc0WeZqlr6+vsHDyoUOfpqenSynnzHnsjTf+XFJSIoTo7e3Nyso+c6Y5Nzc3sL3P58vJyfn444/z8/OFEMePN6xbt+7Che+EEElJySdPnpg8ebIQorGxsbh4fmvrdbvdfv78+WnTpt+82X3r0dvb2/Py8k+f/rqgoCD449HQNO1vez8oevzx/AmThlt7R0eHy5V37drVlJSUITYLN7ympqbZs+d0d3cZaZHxPoTsAAAYwTlRACawWq1CRnUN4Sd//6Szs3PatOmBJbve3zW/uFgIceXyZbvdnnPXXTLoQfHXr133envmzp0XvJPABlLX/b8XTprU29vb1tp29905/iXBO9m3b9/rr//pPxcv+qettf7+wDYy6ofSS10XIsRVodHUnpaaOm7cuM8/+2zhwoW3ro04vPi4OCml1HUjLTLeh3AdAICYcZ0oAHNIKXQpI/7s2r2rurra43H7f7788ti+urrumzd1KcdlZmqa1nLuXPD2qWmpQojGxlOBj3g8bv8qIX48YvOZM/Hx8ZlZmYFV2sCA//czZ8+WrVy1avXqb7453d7+feBTwR+P8qdf6w85jRRN7StWrNj8hy1uj+dny6Mcnv+fMbTIp+sm9iFcBwAgNiRRAOaQQkbkdrvr6w8vWrQwsOSee+7Jy3PV1e2XUiYnJ5eUzH/22bKDBz9ta7vhdrullAkJCYsWLSorW3n48OGrV6+ePdty4MDBwFOTmpq+9ng8zc3NGza8UF5ebrVapZTp6elCiLq6uq6uLq/X63Z7hBC5uXdfvXqtqqpKCCHlDw82ktEMOsgPhcZU+8aNlU6nc+7ceTU1NWfPtpw8efKdd945evRodMMTQogYWpSWltbQ0HDu3HkppSl9CNcBAIgNSRSACSwWi67rEXPMhx9+NGvWrJSUlOCFixcv3r17t//36urqqVOnVlSsnTVr1qZNv/fv8803/zJjxox169ZPnz79mWeeeffddwOpaPXq1S5XXmnp8uLi4pdeejEQv55//ncVFesefXTm6dOnH3poxnPPrXn66RULFixob2/PyckR4sdQNSxGao+Pjz948EBp6W927NhRVFS0dOmy99/f1dXVFc3w/OEvhhaVl5dXVm585ZVXpJSm9GE0/jMBGEu4YwmAUTfaWj898I+SBQtttlF99/qd6RlfHvuisLBwdA7n8/k+2LO7pKSkYOKPR1RVuxIhOwAARnDHEgCTSPPe5RP9MUfxRJ3Vag37NE0VtY++oToAADEhiQIwhxQKZm9HecpYD3ODuZLalQjXAQCIDUkUgDm6urp+MeTDMkdC4O7v0RFuCl5J7UqMhYsQAIwmkigAo6wWi91uDzycctTcaGsVP31u6IjqdHfeeWe61fqTGz1V1a5EyA4AgBEkUQBGJSQmFk6efPTo53Mem5uamhbxKT8+n8/ni+q9oEPTdX1w0IT3T8pI+7FYrVLXv/jX0an335+YeEfwquHWLqUcMOlSS7PKF0L4fIO6b6gkPUQHAMAI7p0HYJSUsuP7/1648N25lha3x6OHSZlOp9MyzNNpNpvNYf/5H8wRv7Pi4uKGdRQhhMPhsFqHnHeW0pXnysrKGp9X8NPFUdVutzts9mHPazsdjltPQEYs3+l0WizDfhNSXFxchPcnhekAABhBEgVgDu/Nbre7c0DTTPxWiSFRjRCLxZKYeEdGZlbIIY1E7eL/qXwRqQMAEBuSKAAAANTgwnMAAACoQRIFAACAGiRRAAAAqEESBQAAgBokUQAAAKhBEgUAAIAaJFEAAACoQRIFAACAGiRRAAAAqEESBQAAgBokUQAAAKhBEgUAAIAaJFEAAACoQRIFAACAGiRRAAAAqEESBQAAgBokUQAAAKhBEgUAAIAaJFEAAACoQRIFAACAGiRRAAAAqEESBQAAgBokUQAAAKhBEgUAAIAaJFEAAACoQRIFAACAGiRRAAAAqEESBQAAgBokUQAAAKhBEgUAAIAaJFEAAACoQRIFAACAGiRRAAAAqEESBQAAgBokUQAAAKhBEgUAAIAaJFEAAACoQRIFAACAGiRRAAAAqEESBQAAgBokUQAAAKhBEgUAAIAaJFEAAACoQRIFAACAGiRRAAAAqEESBQAAgBokUQAAAKhBEgUAAIAaJFEAAACoQRIFAACAGiRRAAAAqEESBQAAgBokUQAAAKhBEgUAAIAaJFEAAACoQRIFAACAGiRRAAAAqEESBQAAgBokUQAAAKhBEgUAAIAaJFEAAACoQRIFAACAGiRRAAAAqEESBQAAgBr/A6yIQ7FrYDN6AAAAAElFTkSuQmCC',1,'Registrar Persona');
/*!40000 ALTER TABLE `Pantalla` ENABLE KEYS */;
UNLOCK TABLES;

--
-- Table structure for table `Parametro`
--

DROP TABLE IF EXISTS `Parametro`;
/*!40101 SET @saved_cs_client     = @@character_set_client */;
/*!40101 SET character_set_client = utf8 */;
CREATE TABLE `Parametro` (
  `id` int(10) NOT NULL AUTO_INCREMENT,
  `nombre` varchar(45) NOT NULL,
  `descripcion` varchar(500) NOT NULL,
  `Proyectoid` int(11) NOT NULL,
  PRIMARY KEY (`id`),
  UNIQUE KEY `uniqueParametro` (`nombre`,`Proyectoid`),
  KEY `FKParametro572300` (`Proyectoid`),
  CONSTRAINT `FKParametro572300` FOREIGN KEY (`Proyectoid`) REFERENCES `Proyecto` (`id`) ON DELETE CASCADE ON UPDATE CASCADE
) ENGINE=InnoDB AUTO_INCREMENT=11 DEFAULT CHARSET=latin1;
/*!40101 SET character_set_client = @saved_cs_client */;

--
-- Dumping data for table `Parametro`
--

LOCK TABLES `Parametro` WRITE;
/*!40000 ALTER TABLE `Parametro` DISABLE KEYS */;
INSERT INTO `Parametro` VALUES (1,'DETERMINADO','Es un artículo determinado.',1),(2,'ENTIDAD','Es una entidad del modelo conceptual.',1),(3,'OPERACIÓN','Es la operación que el usuario solicitó.',1),(4,'TIPO_DATO','Indica el tipo de dato, por ejemplo cadena o número.',1),(5,'TAMAÑO','Indica el tamaño requerido del campo.',1),(6,'UNIDAD_TIPO_DATO','Indica la unidad en que se mide la longitud del campo.',1),(7,'VALOR','Es el valor que toma determinado atributo de la entidad.',1),(8,'ATRIBUTO','Es el nombre del atributo al que se desea hacer referencia.',1),(9,'CONTRASEÑA','Contraseña para iniciar sesión.',1),(10,'NOMBRE','Nombre de usuario.',1);
/*!40000 ALTER TABLE `Parametro` ENABLE KEYS */;
UNLOCK TABLES;

--
-- Table structure for table `Paso`
--

DROP TABLE IF EXISTS `Paso`;
/*!40101 SET @saved_cs_client     = @@character_set_client */;
/*!40101 SET character_set_client = utf8 */;
CREATE TABLE `Paso` (
  `id` int(10) NOT NULL AUTO_INCREMENT,
  `numero` int(10) NOT NULL,
  `realizaActor` tinyint(1) NOT NULL,
  `redaccion` varchar(1000) NOT NULL,
  `Trayectoriaid` int(10) NOT NULL,
  `Verboid` int(10) NOT NULL,
  `otroVerbo` varchar(45) DEFAULT NULL,
  PRIMARY KEY (`id`),
  KEY `FKPaso747799` (`Trayectoriaid`),
  KEY `FKPaso790455` (`Verboid`),
  CONSTRAINT `FKPaso747799` FOREIGN KEY (`Trayectoriaid`) REFERENCES `Trayectoria` (`id`) ON DELETE CASCADE ON UPDATE CASCADE,
  CONSTRAINT `FKPaso790455` FOREIGN KEY (`Verboid`) REFERENCES `Verbo` (`id`) ON UPDATE CASCADE
) ENGINE=InnoDB AUTO_INCREMENT=84 DEFAULT CHARSET=latin1;
/*!40101 SET character_set_client = @saved_cs_client */;

--
-- Dumping data for table `Paso`
--

LOCK TABLES `Paso` WRITE;
/*!40000 ALTER TABLE `Paso` DISABLE KEYS */;
INSERT INTO `Paso` VALUES (1,1,1,'$registrar un ENT·5 oprimiento el botón ACC·1 de la pantalla IU·19.',1,1,NULL),(2,2,0,'$que exista información referente a la GLS·6 con base en la regla de negocio RN·23. TRAY·2',1,5,NULL),(3,3,0,'$la pantalla IU·20 en la cual se realizará el registro del actor.',1,3,NULL),(4,4,1,'$la información del actor en la pantalla IU·20.',1,4,NULL),(5,5,1,'$registrar al actor oprimiendo el botón ACC·2 de la pantalla IU·20. TRAY·3',1,1,NULL),(6,6,0,'$que el actor ingrese todos los campos obligatorios con base en la regla de negocio RN·8. TRAY·4',1,5,NULL),(7,7,0,'$que el nombre del actor no se encuentre registrado en el sistema con base en la regla de negocio RN·9. TRAY·5',1,5,NULL),(8,8,0,'$que el nombre no contenga caracteres inválidos con base en la regla de negocio RN·10. TRAY·6',1,5,NULL),(9,9,0,'$que los datos requeridos sean proporcionados correctamente como se especifica en la regla de negocio RN·11. TRAY·7',1,5,NULL),(10,10,0,'$que los datos requeridos tengan la longitud correcta de acuerdo a la regla de negocio RN·12. TRAY·8',1,5,NULL),(11,11,0,'$la información del actor en el sistema.',1,7,NULL),(12,12,0,'$el mensaje MSG·13 en la pantalla IU·19 para indicar al actor que el registro se ha realizado exitosamente.',1,3,NULL),(13,1,0,'$el mensaje MSG·22 en la pantalla IU·19.',2,3,NULL),(14,1,1,'$cancelar la operación oprimiento el botón ACC·3 de la pantalla IU·20.',3,1,NULL),(15,2,0,'$la pantalla IU·19.',3,3,NULL),(16,1,0,'$el mensaje MSG·14 y señala el campo que presenta el error en la pantalla IU·20, indicando al actor que el dato es obligatorio.',4,3,NULL),(17,2,0,'$con el paso P·4 de la trayectoria principal.',4,9,NULL),(18,1,0,'$el mensaje MSG·17 y señala el campo que presenta la duplicidad en la pantalla IU·20, indicando al actor que existe un actor con el mismo nombre.',5,3,NULL),(19,2,0,'$con el paso P·4 de la trayectoria principal.',5,9,NULL),(20,1,0,'$el mensaje MSG·18 y señala el campo que presenta el error en la pantalla IU·20.',6,3,NULL),(21,2,0,'$con el paso P·4 de la trayectoria principal.',6,9,NULL),(22,1,0,'$el mensaje MSG·15 y señala el campo que presenta el error en la pantalla IU·20.',7,3,NULL),(23,2,0,'$con el paso P·4 de la trayectoria principal.',7,9,NULL),(24,1,0,'$el mensaje MSG·16 y señala el campo que presenta el error en la pantalla IU·20.',8,3,NULL),(25,2,0,'$con el paso P·4 de la trayectoria principal.',8,9,NULL),(26,1,1,'$el botón ACC·4 del proyecto con el que desea trabajar, en la pantalla IU·32.',9,6,NULL),(27,2,1,'$gestionar los actores seleccionando la opción ACC·5 del menú principal.',9,1,NULL),(28,3,0,'$la información de los actores registrados en el sistema.',9,2,NULL),(29,4,0,'$la información de los actores en la pantalla IU·19 y las operaciones disponibles.',9,3,NULL),(30,5,1,'$los actores a través de los botones ACC·1.',9,13,'Gestiona'),(31,1,0,'$el mensaje MSG·31 en la pantalla IU·19 para indicar que no existen registros de actores para mostrar.',10,3,NULL),(32,1,1,'$al sistema por medio de la URL.',11,4,NULL),(33,2,0,'$la pantalla IU·38.',11,3,NULL),(34,3,1,'$los datos solicitados en la pantalla IU·38.',11,4,NULL),(35,4,1,'$el botón ACC·6 en la pantalla IU·38.',11,6,NULL),(36,5,0,'$que el actor ingrese todos los datos obligatorios de acuerdo a la regla de negocio RN·8. TRAY·12',11,5,NULL),(37,6,0,'$que los datos requeridos no rebasen la longitud válida de acuerdo a la regla de negocio RN·12. TRAY·13',11,5,NULL),(38,7,0,'$que el actor se encuentre registrado. TRAY·14',11,5,NULL),(39,8,0,'$que la contraseña ingresada sea correcta. TRAY·14',11,5,NULL),(40,9,0,'$la pantalla IU·32.',11,3,NULL),(41,1,0,'$el mensaje MSG·14 y señala el campo que presenta el error en la pantalla IU·38, indicando al actor que el dato es obligatorio.',12,3,NULL),(42,2,0,'$con el paso P·34 de la trayectoria principal.',12,9,NULL),(43,1,0,'$el mensaje MSG·16 y señala el campo que excede la longitud en la pantalla IU·38.',13,3,NULL),(44,2,0,'$con el paso P·34 de la trayectoria principal.',13,9,NULL),(45,1,0,'$el mensaje MSG·37 para indicar que los datos ingresados son incorrectos.',14,3,NULL),(46,2,0,'$con el paso P·34 de la trayectoria principal.',14,9,NULL),(47,10,1,'$los proyectos.',11,13,'Gestiona'),(48,1,1,'$gestionar los proyectos presionando la opción ACC·7 del menú principal.',15,1,NULL),(49,2,0,'$la información de los ENT·40 registrados en el sistema.',15,2,NULL),(50,3,0,'$la información de los ENT·40 en la pantalla IU·32 y las operaciones disponibles.',15,3,NULL),(51,4,1,'$los proyectos a través de los botones ACC·4.',15,13,'Gestiona'),(52,1,0,'$el mensaje MSG·31 en la pantalla IU·32 para indicar que no existen registros de proyectos para mostrar.',16,3,NULL),(53,1,1,'$gestionar los ENT·40 presionando la opción ACC·9 del menú principal.',17,1,NULL),(54,4,1,'$los ENT·40 a través de los botones Registrar, Modificar y Eliminar proyecto.',17,13,'Gestiona'),(55,2,0,'$la información de los ENT·40 registrados en cualquier estado. TRAY·18 ',17,2,NULL),(56,3,0,'$la información de los proyectos en la pantalla IU·43 y las operaciones disponibles.',17,3,NULL),(57,1,0,'$el mensaje MSG·31 en la pantalla IU·43 para indicar que no hay registros de proyectos para mostrar.',18,3,NULL),(58,4,1,'$el personal a través de los botones ACC·12.',19,13,'Gestiona'),(59,1,1,'$gestionar el personal presionando la opción ACC·8 del menú principal.',19,1,NULL),(60,3,0,'$la información del personal en la pantalla IU·45.',19,3,NULL),(61,2,0,'$la información de los ENT·36 registrados. TRAY·20 ',19,2,NULL),(62,1,0,'$el mensaje MSG·31 en la pantalla IU·45 para indicar que no hay registros de personal para mostrar.',20,3,NULL),(63,10,0,'$un correo electrónico con el mensaje MSG·50  a la cuenta de correo electrónico ingresado.',21,13,'Envía'),(64,8,0,'$que el tipo de dato de todos los campos sea correcto con base en la regla de negocio RN·11. TRAY·26 ',21,5,NULL),(65,5,0,'$que el actor ingrese todos los campos obligatorios con base en la regla de negocio RN·8. TRAY·23 ',21,5,NULL),(66,2,0,'$la pantalla IU·46 en la cual se realizará el registro.',21,3,NULL),(67,7,0,'$que la longitud de todos los campos sea correcta de acuerdo a la regla de negoci RN·12. TRAY·25 ',21,5,NULL),(68,4,1,'$guardar la información de la persona oprimiendo el botón ACC·11 de la pantalla IU·46. TRAY·22 ',21,1,NULL),(69,9,0,'$la información de la persona en el sistema.',21,7,NULL),(70,11,0,'$el mensaje MSG·13 en la pantalla IU·45 para indicar al actor que el registro se ha realizado exitosamente.',21,3,NULL),(71,6,0,'$que la ATR·11 no se encuentre registrada en el sistema con base en la regla de negocio RN·49. TRAY·24 ',21,5,NULL),(72,3,1,'$la información solicitada en la pantalla IU·46.',21,4,NULL),(73,1,1,'$registrar una persona oprimiendo el botón ACC·12 de la pantalla IU·45.',21,1,NULL),(74,1,1,'$cancelar la operación oprimiendo el botón ACC·10 de la pantalla IU·46.',22,1,NULL),(75,2,0,'$la pantalla IU·45.',22,3,NULL),(76,1,0,'$el mensaje MSG·14 y señala el campo que presenta el error en la pantalla IU·46.',23,3,NULL),(77,2,0,'$con el paso P·72 de la trayectoria principal.',23,9,NULL),(78,2,0,'$con el paso P·72 de la trayectoria principal.',24,9,NULL),(79,1,0,'$el mensaje MSG·17 y señala el campo que presenta la duplicidad en la pantalla IU·46.',24,3,NULL),(80,2,0,'$con el paso P·72 de la trayectoria principal.',25,9,NULL),(81,1,0,'$el mensaje MSG·16 y señala el campo que presenta el error en la pantalla IU·46.',25,3,NULL),(82,2,0,'$con el paso P·72 de la trayectoria principal.',26,9,NULL),(83,1,0,'$el mensaje MSG·15 y señala el campo que presenta el dato inválido en la pantalla IU·46.',26,3,NULL);
/*!40000 ALTER TABLE `Paso` ENABLE KEYS */;
UNLOCK TABLES;

--
-- Table structure for table `PostPrecondicion`
--

DROP TABLE IF EXISTS `PostPrecondicion`;
/*!40101 SET @saved_cs_client     = @@character_set_client */;
/*!40101 SET character_set_client = utf8 */;
CREATE TABLE `PostPrecondicion` (
  `id` int(10) NOT NULL AUTO_INCREMENT,
  `redaccion` varchar(1000) NOT NULL,
  `precondicion` tinyint(1) NOT NULL,
  `CasoUsoElementoid` int(11) NOT NULL,
  PRIMARY KEY (`id`),
  KEY `FKPostPrecon986728` (`CasoUsoElementoid`),
  CONSTRAINT `FKPostPrecon986728` FOREIGN KEY (`CasoUsoElementoid`) REFERENCES `CasoUso` (`Elementoid`) ON DELETE CASCADE ON UPDATE CASCADE
) ENGINE=InnoDB AUTO_INCREMENT=2 DEFAULT CHARSET=latin1;
/*!40101 SET character_set_client = @saved_cs_client */;

--
-- Dumping data for table `PostPrecondicion`
--

LOCK TABLES `PostPrecondicion` WRITE;
/*!40000 ALTER TABLE `PostPrecondicion` DISABLE KEYS */;
INSERT INTO `PostPrecondicion` VALUES (1,'$Se registrará una persona en el sistema.',0,48);
/*!40000 ALTER TABLE `PostPrecondicion` ENABLE KEYS */;
UNLOCK TABLES;

--
-- Table structure for table `Proyecto`
--

DROP TABLE IF EXISTS `Proyecto`;
/*!40101 SET @saved_cs_client     = @@character_set_client */;
/*!40101 SET character_set_client = utf8 */;
CREATE TABLE `Proyecto` (
  `id` int(11) NOT NULL AUTO_INCREMENT,
  `clave` varchar(10) NOT NULL,
  `nombre` varchar(50) NOT NULL,
  `fechaInicioProgramada` date NOT NULL,
  `fechaTerminoProgramada` date NOT NULL,
  `fechaInicio` date DEFAULT NULL,
  `fechaTermino` date DEFAULT NULL,
  `descripcion` varchar(999) NOT NULL,
  `presupuesto` double DEFAULT NULL,
  `contraparte` varchar(45) NOT NULL,
  `EstadoProyectoid` int(11) NOT NULL,
  PRIMARY KEY (`id`),
  UNIQUE KEY `clave` (`clave`),
  UNIQUE KEY `nombre` (`nombre`),
  KEY `FKProyecto676367` (`EstadoProyectoid`),
  CONSTRAINT `FKProyecto676367` FOREIGN KEY (`EstadoProyectoid`) REFERENCES `EstadoProyecto` (`id`) ON UPDATE CASCADE
) ENGINE=InnoDB AUTO_INCREMENT=2 DEFAULT CHARSET=latin1;
/*!40101 SET character_set_client = @saved_cs_client */;

--
-- Dumping data for table `Proyecto`
--

LOCK TABLES `Proyecto` WRITE;
/*!40000 ALTER TABLE `Proyecto` DISABLE KEYS */;
INSERT INTO `Proyecto` VALUES (1,'PMA','PRISMA','2011-03-12','2012-03-12','2011-03-13','2012-03-13','Editor de casos de uso para la construcción asistida de casos de prueba.',5000000,'IPN',1);
/*!40000 ALTER TABLE `Proyecto` ENABLE KEYS */;
UNLOCK TABLES;

--
-- Table structure for table `Query`
--

DROP TABLE IF EXISTS `Query`;
/*!40101 SET @saved_cs_client     = @@character_set_client */;
/*!40101 SET character_set_client = utf8 */;
CREATE TABLE `Query` (
  `id` int(10) NOT NULL AUTO_INCREMENT,
  `query` varchar(999) NOT NULL,
  `ReferenciaParametroid` int(10) NOT NULL,
  PRIMARY KEY (`id`),
  KEY `FKQuery654549` (`ReferenciaParametroid`),
  CONSTRAINT `FKQuery654549` FOREIGN KEY (`ReferenciaParametroid`) REFERENCES `ReferenciaParametro` (`id`) ON DELETE CASCADE ON UPDATE CASCADE
) ENGINE=InnoDB AUTO_INCREMENT=4 DEFAULT CHARSET=latin1;
/*!40101 SET character_set_client = @saved_cs_client */;

--
-- Dumping data for table `Query`
--

LOCK TABLES `Query` WRITE;
/*!40000 ALTER TABLE `Query` DISABLE KEYS */;
INSERT INTO `Query` VALUES (1,'x',43),(2,'x',13),(3,'select * from Colaborador where CURP = \"HERR900909MDFRNT00\";',150);
/*!40000 ALTER TABLE `Query` ENABLE KEYS */;
UNLOCK TABLES;

--
-- Table structure for table `ReferenciaParametro`
--

DROP TABLE IF EXISTS `ReferenciaParametro`;
/*!40101 SET @saved_cs_client     = @@character_set_client */;
/*!40101 SET character_set_client = utf8 */;
CREATE TABLE `ReferenciaParametro` (
  `id` int(10) NOT NULL AUTO_INCREMENT,
  `TipoParametroid` int(11) NOT NULL,
  `PostPrecondicionid` int(10) DEFAULT NULL,
  `Pasoid` int(10) DEFAULT NULL,
  `Extensionid` int(10) DEFAULT NULL,
  `PasoidDestino` int(10) DEFAULT NULL,
  `ElementoidDestino` int(11) DEFAULT NULL,
  `AccionidDestino` int(11) DEFAULT NULL,
  `Atributoid` int(11) DEFAULT NULL,
  `Trayectoriaid` int(10) DEFAULT NULL,
  PRIMARY KEY (`id`),
  KEY `FKReferencia566006` (`Trayectoriaid`),
  KEY `FKReferencia203453` (`Atributoid`),
  KEY `FKReferencia384626` (`TipoParametroid`),
  KEY `FKReferencia209681` (`PostPrecondicionid`),
  KEY `FKReferencia233904` (`Pasoid`),
  KEY `FKReferencia97972` (`Extensionid`),
  KEY `FKReferencia564326` (`PasoidDestino`),
  KEY `FKReferencia551912` (`ElementoidDestino`),
  KEY `FKReferencia742226` (`AccionidDestino`),
  CONSTRAINT `FKReferencia203453` FOREIGN KEY (`Atributoid`) REFERENCES `Atributo` (`id`) ON DELETE CASCADE ON UPDATE CASCADE,
  CONSTRAINT `FKReferencia209681` FOREIGN KEY (`PostPrecondicionid`) REFERENCES `PostPrecondicion` (`id`) ON DELETE CASCADE ON UPDATE CASCADE,
  CONSTRAINT `FKReferencia233904` FOREIGN KEY (`Pasoid`) REFERENCES `Paso` (`id`) ON DELETE CASCADE ON UPDATE CASCADE,
  CONSTRAINT `FKReferencia384626` FOREIGN KEY (`TipoParametroid`) REFERENCES `TipoParametro` (`id`) ON DELETE CASCADE ON UPDATE CASCADE,
  CONSTRAINT `FKReferencia551912` FOREIGN KEY (`ElementoidDestino`) REFERENCES `Elemento` (`id`) ON DELETE CASCADE ON UPDATE CASCADE,
  CONSTRAINT `FKReferencia564326` FOREIGN KEY (`PasoidDestino`) REFERENCES `Paso` (`id`) ON DELETE CASCADE ON UPDATE CASCADE,
  CONSTRAINT `FKReferencia566006` FOREIGN KEY (`Trayectoriaid`) REFERENCES `Trayectoria` (`id`) ON DELETE CASCADE ON UPDATE CASCADE,
  CONSTRAINT `FKReferencia742226` FOREIGN KEY (`AccionidDestino`) REFERENCES `Accion` (`id`) ON DELETE CASCADE ON UPDATE CASCADE,
  CONSTRAINT `FKReferencia97972` FOREIGN KEY (`Extensionid`) REFERENCES `Extension` (`id`) ON DELETE CASCADE ON UPDATE CASCADE
) ENGINE=InnoDB AUTO_INCREMENT=171 DEFAULT CHARSET=latin1;
/*!40101 SET character_set_client = @saved_cs_client */;

--
-- Dumping data for table `ReferenciaParametro`
--

LOCK TABLES `ReferenciaParametro` WRITE;
/*!40000 ALTER TABLE `ReferenciaParametro` DISABLE KEYS */;
INSERT INTO `ReferenciaParametro` VALUES (1,1,NULL,1,NULL,NULL,5,NULL,NULL,NULL),(2,9,NULL,1,NULL,NULL,19,NULL,NULL,NULL),(3,8,NULL,1,NULL,NULL,NULL,1,NULL,NULL),(4,7,NULL,2,NULL,NULL,6,NULL,NULL,NULL),(5,11,NULL,2,NULL,NULL,NULL,NULL,NULL,2),(6,9,NULL,3,NULL,NULL,20,NULL,NULL,NULL),(7,9,NULL,4,NULL,NULL,20,NULL,NULL,NULL),(8,8,NULL,5,NULL,NULL,NULL,2,NULL,NULL),(9,9,NULL,5,NULL,NULL,20,NULL,NULL,NULL),(10,11,NULL,5,NULL,NULL,NULL,NULL,NULL,3),(11,3,NULL,6,NULL,NULL,8,NULL,NULL,NULL),(12,11,NULL,6,NULL,NULL,NULL,NULL,NULL,4),(13,3,NULL,7,NULL,NULL,9,NULL,NULL,NULL),(14,11,NULL,7,NULL,NULL,NULL,NULL,NULL,5),(15,3,NULL,8,NULL,NULL,10,NULL,NULL,NULL),(16,11,NULL,8,NULL,NULL,NULL,NULL,NULL,6),(17,3,NULL,9,NULL,NULL,11,NULL,NULL,NULL),(18,11,NULL,9,NULL,NULL,NULL,NULL,NULL,7),(19,3,NULL,10,NULL,NULL,12,NULL,NULL,NULL),(20,11,NULL,10,NULL,NULL,NULL,NULL,NULL,8),(21,6,NULL,12,NULL,NULL,13,NULL,NULL,NULL),(22,9,NULL,12,NULL,NULL,19,NULL,NULL,NULL),(23,6,NULL,13,NULL,NULL,22,NULL,NULL,NULL),(24,9,NULL,13,NULL,NULL,19,NULL,NULL,NULL),(25,8,NULL,14,NULL,NULL,NULL,3,NULL,NULL),(26,9,NULL,14,NULL,NULL,20,NULL,NULL,NULL),(27,9,NULL,15,NULL,NULL,19,NULL,NULL,NULL),(28,6,NULL,16,NULL,NULL,14,NULL,NULL,NULL),(29,9,NULL,16,NULL,NULL,20,NULL,NULL,NULL),(30,10,NULL,17,NULL,4,NULL,NULL,NULL,NULL),(31,6,NULL,18,NULL,NULL,17,NULL,NULL,NULL),(32,9,NULL,18,NULL,NULL,20,NULL,NULL,NULL),(33,10,NULL,19,NULL,4,NULL,NULL,NULL,NULL),(34,6,NULL,20,NULL,NULL,18,NULL,NULL,NULL),(35,9,NULL,20,NULL,NULL,20,NULL,NULL,NULL),(36,10,NULL,21,NULL,4,NULL,NULL,NULL,NULL),(37,6,NULL,22,NULL,NULL,15,NULL,NULL,NULL),(38,9,NULL,22,NULL,NULL,20,NULL,NULL,NULL),(39,10,NULL,23,NULL,4,NULL,NULL,NULL,NULL),(40,6,NULL,24,NULL,NULL,16,NULL,NULL,NULL),(41,9,NULL,24,NULL,NULL,20,NULL,NULL,NULL),(42,10,NULL,25,NULL,4,NULL,NULL,NULL,NULL),(43,3,NULL,2,NULL,NULL,23,NULL,NULL,NULL),(44,8,NULL,26,NULL,NULL,NULL,4,NULL,NULL),(45,9,NULL,26,NULL,NULL,32,NULL,NULL,NULL),(46,8,NULL,27,NULL,NULL,NULL,5,NULL,NULL),(47,9,NULL,29,NULL,NULL,19,NULL,NULL,NULL),(48,8,NULL,30,NULL,NULL,NULL,1,NULL,NULL),(49,6,NULL,31,NULL,NULL,31,NULL,NULL,NULL),(50,9,NULL,31,NULL,NULL,19,NULL,NULL,NULL),(51,10,NULL,NULL,1,30,NULL,NULL,NULL,NULL),(52,9,NULL,33,NULL,NULL,38,NULL,NULL,NULL),(53,9,NULL,34,NULL,NULL,38,NULL,NULL,NULL),(54,8,NULL,35,NULL,NULL,NULL,6,NULL,NULL),(55,9,NULL,35,NULL,NULL,38,NULL,NULL,NULL),(56,3,NULL,36,NULL,NULL,8,NULL,NULL,NULL),(57,11,NULL,36,NULL,NULL,NULL,NULL,NULL,12),(58,3,NULL,37,NULL,NULL,12,NULL,NULL,NULL),(59,11,NULL,37,NULL,NULL,NULL,NULL,NULL,13),(60,11,NULL,38,NULL,NULL,NULL,NULL,NULL,14),(61,11,NULL,39,NULL,NULL,NULL,NULL,NULL,14),(62,9,NULL,40,NULL,NULL,32,NULL,NULL,NULL),(63,6,NULL,41,NULL,NULL,14,NULL,NULL,NULL),(64,9,NULL,41,NULL,NULL,38,NULL,NULL,NULL),(65,10,NULL,42,NULL,34,NULL,NULL,NULL,NULL),(66,6,NULL,43,NULL,NULL,16,NULL,NULL,NULL),(67,9,NULL,43,NULL,NULL,38,NULL,NULL,NULL),(68,10,NULL,44,NULL,34,NULL,NULL,NULL,NULL),(69,6,NULL,45,NULL,NULL,37,NULL,NULL,NULL),(70,10,NULL,46,NULL,34,NULL,NULL,NULL,NULL),(71,8,NULL,48,NULL,NULL,NULL,7,NULL,NULL),(72,1,NULL,49,NULL,NULL,40,NULL,NULL,NULL),(73,1,NULL,50,NULL,NULL,40,NULL,NULL,NULL),(74,9,NULL,50,NULL,NULL,32,NULL,NULL,NULL),(75,8,NULL,51,NULL,NULL,NULL,4,NULL,NULL),(76,6,NULL,52,NULL,NULL,31,NULL,NULL,NULL),(77,9,NULL,52,NULL,NULL,32,NULL,NULL,NULL),(78,10,NULL,NULL,2,47,NULL,NULL,NULL,NULL),(79,10,NULL,NULL,3,51,NULL,NULL,NULL,NULL),(85,9,NULL,57,NULL,NULL,43,NULL,NULL,NULL),(86,6,NULL,57,NULL,NULL,31,NULL,NULL,NULL),(97,9,NULL,62,NULL,NULL,45,NULL,NULL,NULL),(98,6,NULL,62,NULL,NULL,31,NULL,NULL,NULL),(99,8,NULL,58,NULL,NULL,NULL,12,NULL,NULL),(100,8,NULL,59,NULL,NULL,NULL,8,NULL,NULL),(101,11,NULL,61,NULL,NULL,NULL,NULL,NULL,20),(102,1,NULL,61,NULL,NULL,36,NULL,NULL,NULL),(103,9,NULL,60,NULL,NULL,45,NULL,NULL,NULL),(131,9,NULL,74,NULL,NULL,46,NULL,NULL,NULL),(132,8,NULL,74,NULL,NULL,NULL,10,NULL,NULL),(133,9,NULL,75,NULL,NULL,45,NULL,NULL,NULL),(134,9,NULL,76,NULL,NULL,46,NULL,NULL,NULL),(135,6,NULL,76,NULL,NULL,14,NULL,NULL,NULL),(136,10,NULL,77,NULL,72,NULL,NULL,NULL,NULL),(137,10,NULL,78,NULL,72,NULL,NULL,NULL,NULL),(138,6,NULL,79,NULL,NULL,17,NULL,NULL,NULL),(139,9,NULL,79,NULL,NULL,46,NULL,NULL,NULL),(140,10,NULL,80,NULL,72,NULL,NULL,NULL,NULL),(141,9,NULL,81,NULL,NULL,46,NULL,NULL,NULL),(142,6,NULL,81,NULL,NULL,16,NULL,NULL,NULL),(143,10,NULL,82,NULL,72,NULL,NULL,NULL,NULL),(144,9,NULL,83,NULL,NULL,46,NULL,NULL,NULL),(145,6,NULL,83,NULL,NULL,15,NULL,NULL,NULL),(146,9,NULL,70,NULL,NULL,45,NULL,NULL,NULL),(147,6,NULL,70,NULL,NULL,13,NULL,NULL,NULL),(148,11,NULL,64,NULL,NULL,NULL,NULL,NULL,26),(149,3,NULL,64,NULL,NULL,11,NULL,NULL,NULL),(150,3,NULL,71,NULL,NULL,49,NULL,NULL,NULL),(151,5,NULL,71,NULL,NULL,NULL,NULL,11,NULL),(152,11,NULL,71,NULL,NULL,NULL,NULL,NULL,24),(153,9,NULL,66,NULL,NULL,46,NULL,NULL,NULL),(154,9,NULL,72,NULL,NULL,46,NULL,NULL,NULL),(155,3,NULL,67,NULL,NULL,12,NULL,NULL,NULL),(156,11,NULL,67,NULL,NULL,NULL,NULL,NULL,25),(157,9,NULL,68,NULL,NULL,46,NULL,NULL,NULL),(158,11,NULL,68,NULL,NULL,NULL,NULL,NULL,22),(159,8,NULL,68,NULL,NULL,NULL,11,NULL,NULL),(160,11,NULL,65,NULL,NULL,NULL,NULL,NULL,23),(161,3,NULL,65,NULL,NULL,8,NULL,NULL,NULL),(162,6,NULL,63,NULL,NULL,50,NULL,NULL,NULL),(163,8,NULL,73,NULL,NULL,NULL,12,NULL,NULL),(164,9,NULL,73,NULL,NULL,45,NULL,NULL,NULL),(165,1,NULL,55,NULL,NULL,40,NULL,NULL,NULL),(166,11,NULL,55,NULL,NULL,NULL,NULL,NULL,18),(167,1,NULL,54,NULL,NULL,40,NULL,NULL,NULL),(168,1,NULL,53,NULL,NULL,40,NULL,NULL,NULL),(169,8,NULL,53,NULL,NULL,NULL,9,NULL,NULL),(170,9,NULL,56,NULL,NULL,43,NULL,NULL,NULL);
/*!40000 ALTER TABLE `ReferenciaParametro` ENABLE KEYS */;
UNLOCK TABLES;

--
-- Table structure for table `ReglaNegocio`
--

DROP TABLE IF EXISTS `ReglaNegocio`;
/*!40101 SET @saved_cs_client     = @@character_set_client */;
/*!40101 SET character_set_client = utf8 */;
CREATE TABLE `ReglaNegocio` (
  `Elementoid` int(11) NOT NULL,
  `redaccion` varchar(999) NOT NULL,
  `TipoReglaNegocioid` int(10) NOT NULL,
  `Atributoid_unicidad` int(11) DEFAULT NULL,
  `Atributoid_fechaI` int(11) DEFAULT NULL,
  `Atributoid_fechaT` int(11) DEFAULT NULL,
  `TipoComparacionid` int(10) DEFAULT NULL,
  `Atributoid_comp1` int(11) DEFAULT NULL,
  `Atributoid_comp2` int(11) DEFAULT NULL,
  `Operadorid` int(10) DEFAULT NULL,
  `Atributoid_expReg` int(11) DEFAULT NULL,
  `expresionRegular` varchar(100) DEFAULT NULL,
  PRIMARY KEY (`Elementoid`),
  UNIQUE KEY `uniqueComparacion` (`TipoReglaNegocioid`,`Atributoid_comp1`,`Atributoid_comp2`,`Operadorid`),
  UNIQUE KEY `uniqueExpReg` (`TipoReglaNegocioid`,`Atributoid_expReg`),
  UNIQUE KEY `uniqueUnicidad` (`TipoReglaNegocioid`,`Atributoid_unicidad`),
  UNIQUE KEY `uniqueFechas` (`TipoReglaNegocioid`,`Atributoid_fechaI`,`Atributoid_fechaT`),
  KEY `FKReglaNegoc900841` (`Atributoid_expReg`),
  KEY `FKReglaNegoc564329` (`TipoReglaNegocioid`),
  KEY `FKReglaNegoc668056` (`Elementoid`),
  KEY `FKReglaNegoc669584` (`Atributoid_unicidad`),
  KEY `FKReglaNegoc184874` (`Atributoid_fechaI`),
  KEY `FKReglaNegoc184863` (`Atributoid_fechaT`),
  KEY `FKReglaNegoc982004` (`TipoComparacionid`),
  KEY `FKReglaNegoc263949` (`Operadorid`),
  KEY `FKReglaNegoc476000` (`Atributoid_comp1`),
  KEY `FKReglaNegoc475999` (`Atributoid_comp2`),
  CONSTRAINT `FKReglaNegoc184863` FOREIGN KEY (`Atributoid_fechaT`) REFERENCES `Atributo` (`id`),
  CONSTRAINT `FKReglaNegoc184874` FOREIGN KEY (`Atributoid_fechaI`) REFERENCES `Atributo` (`id`) ON UPDATE CASCADE,
  CONSTRAINT `FKReglaNegoc263949` FOREIGN KEY (`Operadorid`) REFERENCES `Operador` (`id`) ON UPDATE CASCADE,
  CONSTRAINT `FKReglaNegoc475999` FOREIGN KEY (`Atributoid_comp2`) REFERENCES `Atributo` (`id`) ON UPDATE CASCADE,
  CONSTRAINT `FKReglaNegoc476000` FOREIGN KEY (`Atributoid_comp1`) REFERENCES `Atributo` (`id`) ON UPDATE CASCADE,
  CONSTRAINT `FKReglaNegoc564329` FOREIGN KEY (`TipoReglaNegocioid`) REFERENCES `TipoReglaNegocio` (`id`) ON UPDATE CASCADE,
  CONSTRAINT `FKReglaNegoc668056` FOREIGN KEY (`Elementoid`) REFERENCES `Elemento` (`id`) ON DELETE CASCADE ON UPDATE CASCADE,
  CONSTRAINT `FKReglaNegoc669584` FOREIGN KEY (`Atributoid_unicidad`) REFERENCES `Atributo` (`id`) ON UPDATE CASCADE,
  CONSTRAINT `FKReglaNegoc900841` FOREIGN KEY (`Atributoid_expReg`) REFERENCES `Atributo` (`id`) ON UPDATE CASCADE,
  CONSTRAINT `FKReglaNegoc982004` FOREIGN KEY (`TipoComparacionid`) REFERENCES `TipoComparacion` (`id`) ON UPDATE CASCADE
) ENGINE=InnoDB DEFAULT CHARSET=latin1;
/*!40101 SET character_set_client = @saved_cs_client */;

--
-- Dumping data for table `ReglaNegocio`
--

LOCK TABLES `ReglaNegocio` WRITE;
/*!40000 ALTER TABLE `ReglaNegocio` DISABLE KEYS */;
INSERT INTO `ReglaNegocio` VALUES (7,'El identificador de cada elemento se compone de un nombre, número y una clave. \n	Donde el nombre es el que le asigna el usuario, el número es secuencial y la clave define el tipo de elemento: \"ENT\" para las entidades, \"ACT\"\" para los actores, \"CU\" para los casos de uso, \"IU\" para\n    las pantallas, \"MSG\" para los mensajes, \"RN\" para las reglas de negocio y \"GLS\" para los términos del glosario.',10,NULL,NULL,NULL,NULL,NULL,NULL,NULL,NULL,NULL),(8,'El usuario debe ingresar toda la información marcada como obligatoria en el modelo conceptual.',4,NULL,NULL,NULL,NULL,NULL,NULL,NULL,NULL,NULL),(9,'El nombre de los elementos del mismo tipo no puede repetirse.',3,4,NULL,NULL,NULL,NULL,NULL,NULL,NULL,NULL),(10,'Los nombres de los elementos no pueden contener coma, punto, punto medio, dos puntos o guión bajo.',9,NULL,NULL,NULL,NULL,NULL,NULL,NULL,4,'[^,._·:]*$'),(11,'La información que el usuario proporcione, debe ser del tipo definido en el modelo conceptual.',6,NULL,NULL,NULL,NULL,NULL,NULL,NULL,NULL,NULL),(12,'La información que el usuario proporcione, debe cumplir con la longitud definida en el modelo conceptual.',5,NULL,NULL,NULL,NULL,NULL,NULL,NULL,NULL,NULL),(23,'Es necesario que exista información registrada en los catálogos al momento de solicitar una operación que requiera estos.',1,NULL,NULL,NULL,NULL,NULL,NULL,NULL,NULL,NULL),(49,'La clave CURP del personal debe ser única.',3,11,NULL,NULL,NULL,NULL,NULL,NULL,NULL,'');
/*!40000 ALTER TABLE `ReglaNegocio` ENABLE KEYS */;
UNLOCK TABLES;

--
-- Table structure for table `Revision`
--

DROP TABLE IF EXISTS `Revision`;
/*!40101 SET @saved_cs_client     = @@character_set_client */;
/*!40101 SET character_set_client = utf8 */;
CREATE TABLE `Revision` (
  `id` int(11) NOT NULL AUTO_INCREMENT,
  `observaciones` varchar(999) NOT NULL,
  `CasoUsoElementoid` int(11) NOT NULL,
  `revisado` tinyint(1) NOT NULL,
  `Seccionid` int(10) NOT NULL,
  PRIMARY KEY (`id`),
  KEY `FKRevision175605` (`Seccionid`),
  KEY `FKRevision761293` (`CasoUsoElementoid`),
  CONSTRAINT `FKRevision175605` FOREIGN KEY (`Seccionid`) REFERENCES `Seccion` (`id`) ON UPDATE CASCADE,
  CONSTRAINT `FKRevision761293` FOREIGN KEY (`CasoUsoElementoid`) REFERENCES `CasoUso` (`Elementoid`) ON DELETE CASCADE ON UPDATE CASCADE
) ENGINE=InnoDB DEFAULT CHARSET=latin1;
/*!40101 SET character_set_client = @saved_cs_client */;

--
-- Dumping data for table `Revision`
--

LOCK TABLES `Revision` WRITE;
/*!40000 ALTER TABLE `Revision` DISABLE KEYS */;
/*!40000 ALTER TABLE `Revision` ENABLE KEYS */;
UNLOCK TABLES;

--
-- Table structure for table `Rol`
--

DROP TABLE IF EXISTS `Rol`;
/*!40101 SET @saved_cs_client     = @@character_set_client */;
/*!40101 SET character_set_client = utf8 */;
CREATE TABLE `Rol` (
  `id` int(11) NOT NULL AUTO_INCREMENT,
  `nombre` varchar(45) NOT NULL,
  PRIMARY KEY (`id`),
  UNIQUE KEY `uniqueRol` (`nombre`)
) ENGINE=InnoDB AUTO_INCREMENT=3 DEFAULT CHARSET=latin1;
/*!40101 SET character_set_client = @saved_cs_client */;

--
-- Dumping data for table `Rol`
--

LOCK TABLES `Rol` WRITE;
/*!40000 ALTER TABLE `Rol` DISABLE KEYS */;
INSERT INTO `Rol` VALUES (2,'Analista'),(1,'Líder');
/*!40000 ALTER TABLE `Rol` ENABLE KEYS */;
UNLOCK TABLES;

--
-- Table structure for table `Salida`
--

DROP TABLE IF EXISTS `Salida`;
/*!40101 SET @saved_cs_client     = @@character_set_client */;
/*!40101 SET character_set_client = utf8 */;
CREATE TABLE `Salida` (
  `id` int(11) NOT NULL AUTO_INCREMENT,
  `TipoParametroid` int(11) NOT NULL,
  `CasoUsoElementoid` int(11) NOT NULL,
  `MensajeElementoid` int(11) DEFAULT NULL,
  `TerminoGlosarioElementoid` int(11) DEFAULT NULL,
  `Atributoid` int(11) DEFAULT NULL,
  PRIMARY KEY (`id`),
  KEY `FKSalida348357` (`Atributoid`),
  KEY `FKSalida684176` (`TerminoGlosarioElementoid`),
  KEY `FKSalida506056` (`CasoUsoElementoid`),
  KEY `FKSalida666681` (`MensajeElementoid`),
  KEY `FKSalida442060` (`TipoParametroid`),
  CONSTRAINT `FKSalida348357` FOREIGN KEY (`Atributoid`) REFERENCES `Atributo` (`id`) ON UPDATE CASCADE,
  CONSTRAINT `FKSalida442060` FOREIGN KEY (`TipoParametroid`) REFERENCES `TipoParametro` (`id`) ON UPDATE CASCADE,
  CONSTRAINT `FKSalida506056` FOREIGN KEY (`CasoUsoElementoid`) REFERENCES `CasoUso` (`Elementoid`) ON DELETE CASCADE ON UPDATE CASCADE,
  CONSTRAINT `FKSalida666681` FOREIGN KEY (`MensajeElementoid`) REFERENCES `Mensaje` (`Elementoid`) ON UPDATE CASCADE,
  CONSTRAINT `FKSalida684176` FOREIGN KEY (`TerminoGlosarioElementoid`) REFERENCES `TerminoGlosario` (`Elementoid`) ON UPDATE CASCADE
) ENGINE=InnoDB AUTO_INCREMENT=29 DEFAULT CHARSET=latin1;
/*!40101 SET character_set_client = @saved_cs_client */;

--
-- Dumping data for table `Salida`
--

LOCK TABLES `Salida` WRITE;
/*!40000 ALTER TABLE `Salida` DISABLE KEYS */;
INSERT INTO `Salida` VALUES (1,5,21,NULL,NULL,7),(2,6,21,13,NULL,NULL),(3,6,21,14,NULL,NULL),(4,6,21,15,NULL,NULL),(5,6,21,16,NULL,NULL),(6,6,21,17,NULL,NULL),(7,6,21,18,NULL,NULL),(8,6,21,22,NULL,NULL),(9,5,30,NULL,NULL,9),(10,5,30,NULL,NULL,8),(11,5,30,NULL,NULL,10),(12,5,30,NULL,NULL,4),(13,6,30,31,NULL,NULL),(14,6,39,14,NULL,NULL),(15,6,39,16,NULL,NULL),(16,6,39,37,NULL,NULL),(17,5,41,NULL,NULL,17),(18,5,41,NULL,NULL,18),(19,6,41,31,NULL,NULL),(20,5,42,NULL,NULL,12),(21,5,42,NULL,NULL,13),(22,5,42,NULL,NULL,17),(23,5,42,NULL,NULL,18),(24,5,42,NULL,NULL,14),(25,5,47,NULL,NULL,14),(26,5,47,NULL,NULL,13),(27,5,47,NULL,NULL,11),(28,5,47,NULL,NULL,12);
/*!40000 ALTER TABLE `Salida` ENABLE KEYS */;
UNLOCK TABLES;

--
-- Table structure for table `Seccion`
--

DROP TABLE IF EXISTS `Seccion`;
/*!40101 SET @saved_cs_client     = @@character_set_client */;
/*!40101 SET character_set_client = utf8 */;
CREATE TABLE `Seccion` (
  `id` int(10) NOT NULL AUTO_INCREMENT,
  `nombre` varchar(45) NOT NULL,
  PRIMARY KEY (`id`)
) ENGINE=InnoDB AUTO_INCREMENT=4 DEFAULT CHARSET=latin1;
/*!40101 SET character_set_client = @saved_cs_client */;

--
-- Dumping data for table `Seccion`
--

LOCK TABLES `Seccion` WRITE;
/*!40000 ALTER TABLE `Seccion` DISABLE KEYS */;
INSERT INTO `Seccion` VALUES (1,'General'),(2,'Trayectorias'),(3,'Puntos de extensión');
/*!40000 ALTER TABLE `Seccion` ENABLE KEYS */;
UNLOCK TABLES;

--
-- Table structure for table `Telefono`
--

DROP TABLE IF EXISTS `Telefono`;
/*!40101 SET @saved_cs_client     = @@character_set_client */;
/*!40101 SET character_set_client = utf8 */;
CREATE TABLE `Telefono` (
  `id` int(11) NOT NULL AUTO_INCREMENT,
  `ColaboradorCURP` varchar(18) NOT NULL,
  `lada` varchar(5) NOT NULL,
  `numero` varchar(10) NOT NULL,
  PRIMARY KEY (`id`),
  UNIQUE KEY `ColaboradorCURP` (`ColaboradorCURP`),
  UNIQUE KEY `lada` (`lada`),
  UNIQUE KEY `numero` (`numero`),
  KEY `FKTelefono558597` (`ColaboradorCURP`),
  CONSTRAINT `FKTelefono558597` FOREIGN KEY (`ColaboradorCURP`) REFERENCES `Colaborador` (`CURP`) ON DELETE CASCADE ON UPDATE CASCADE
) ENGINE=InnoDB DEFAULT CHARSET=latin1;
/*!40101 SET character_set_client = @saved_cs_client */;

--
-- Dumping data for table `Telefono`
--

LOCK TABLES `Telefono` WRITE;
/*!40000 ALTER TABLE `Telefono` DISABLE KEYS */;
/*!40000 ALTER TABLE `Telefono` ENABLE KEYS */;
UNLOCK TABLES;

--
-- Table structure for table `TerminoGlosario`
--

DROP TABLE IF EXISTS `TerminoGlosario`;
/*!40101 SET @saved_cs_client     = @@character_set_client */;
/*!40101 SET character_set_client = utf8 */;
CREATE TABLE `TerminoGlosario` (
  `Elementoid` int(11) NOT NULL,
  PRIMARY KEY (`Elementoid`),
  KEY `FKTerminoGlo98687` (`Elementoid`),
  CONSTRAINT `FKTerminoGlo98687` FOREIGN KEY (`Elementoid`) REFERENCES `Elemento` (`id`) ON DELETE CASCADE ON UPDATE CASCADE
) ENGINE=InnoDB DEFAULT CHARSET=latin1;
/*!40101 SET character_set_client = @saved_cs_client */;

--
-- Dumping data for table `TerminoGlosario`
--

LOCK TABLES `TerminoGlosario` WRITE;
/*!40000 ALTER TABLE `TerminoGlosario` DISABLE KEYS */;
INSERT INTO `TerminoGlosario` VALUES (6);
/*!40000 ALTER TABLE `TerminoGlosario` ENABLE KEYS */;
UNLOCK TABLES;

--
-- Table structure for table `TipoAccion`
--

DROP TABLE IF EXISTS `TipoAccion`;
/*!40101 SET @saved_cs_client     = @@character_set_client */;
/*!40101 SET character_set_client = utf8 */;
CREATE TABLE `TipoAccion` (
  `id` int(11) NOT NULL AUTO_INCREMENT,
  `nombre` varchar(45) NOT NULL,
  PRIMARY KEY (`id`),
  UNIQUE KEY `uniqueTipoAccion` (`nombre`)
) ENGINE=InnoDB AUTO_INCREMENT=5 DEFAULT CHARSET=latin1;
/*!40101 SET character_set_client = @saved_cs_client */;

--
-- Dumping data for table `TipoAccion`
--

LOCK TABLES `TipoAccion` WRITE;
/*!40000 ALTER TABLE `TipoAccion` DISABLE KEYS */;
INSERT INTO `TipoAccion` VALUES (2,'Botón'),(1,'Liga'),(3,'Opción del menú'),(4,'Otro');
/*!40000 ALTER TABLE `TipoAccion` ENABLE KEYS */;
UNLOCK TABLES;

--
-- Table structure for table `TipoComparacion`
--

DROP TABLE IF EXISTS `TipoComparacion`;
/*!40101 SET @saved_cs_client     = @@character_set_client */;
/*!40101 SET character_set_client = utf8 */;
CREATE TABLE `TipoComparacion` (
  `id` int(10) NOT NULL,
  `nombre` varchar(45) NOT NULL,
  PRIMARY KEY (`id`),
  UNIQUE KEY `uniqueTipoComparacion` (`nombre`)
) ENGINE=InnoDB DEFAULT CHARSET=latin1;
/*!40101 SET character_set_client = @saved_cs_client */;

--
-- Dumping data for table `TipoComparacion`
--

LOCK TABLES `TipoComparacion` WRITE;
/*!40000 ALTER TABLE `TipoComparacion` DISABLE KEYS */;
/*!40000 ALTER TABLE `TipoComparacion` ENABLE KEYS */;
UNLOCK TABLES;

--
-- Table structure for table `TipoDato`
--

DROP TABLE IF EXISTS `TipoDato`;
/*!40101 SET @saved_cs_client     = @@character_set_client */;
/*!40101 SET character_set_client = utf8 */;
CREATE TABLE `TipoDato` (
  `id` int(10) NOT NULL AUTO_INCREMENT,
  `nombre` varchar(45) NOT NULL,
  PRIMARY KEY (`id`),
  UNIQUE KEY `uniqueTipoDato` (`nombre`)
) ENGINE=InnoDB AUTO_INCREMENT=8 DEFAULT CHARSET=latin1;
/*!40101 SET character_set_client = @saved_cs_client */;

--
-- Dumping data for table `TipoDato`
--

LOCK TABLES `TipoDato` WRITE;
/*!40000 ALTER TABLE `TipoDato` DISABLE KEYS */;
INSERT INTO `TipoDato` VALUES (6,'Archivo'),(4,'Booleano'),(1,'Cadena'),(3,'Entero'),(5,'Fecha'),(2,'Flotante'),(7,'Otro');
/*!40000 ALTER TABLE `TipoDato` ENABLE KEYS */;
UNLOCK TABLES;

--
-- Table structure for table `TipoParametro`
--

DROP TABLE IF EXISTS `TipoParametro`;
/*!40101 SET @saved_cs_client     = @@character_set_client */;
/*!40101 SET character_set_client = utf8 */;
CREATE TABLE `TipoParametro` (
  `id` int(11) NOT NULL AUTO_INCREMENT,
  `nombre` varchar(45) NOT NULL,
  PRIMARY KEY (`id`),
  UNIQUE KEY `uniqueTipoParametro` (`nombre`)
) ENGINE=InnoDB AUTO_INCREMENT=12 DEFAULT CHARSET=latin1;
/*!40101 SET character_set_client = @saved_cs_client */;

--
-- Dumping data for table `TipoParametro`
--

LOCK TABLES `TipoParametro` WRITE;
/*!40000 ALTER TABLE `TipoParametro` DISABLE KEYS */;
INSERT INTO `TipoParametro` VALUES (8,'Acción'),(4,'Actor'),(5,'Atributo'),(2,'Caso de uso'),(1,'Entidad'),(6,'Mensaje'),(9,'Pantalla'),(10,'Paso'),(3,'Regla de negocio'),(7,'Término del glosario'),(11,'Trayectoria');
/*!40000 ALTER TABLE `TipoParametro` ENABLE KEYS */;
UNLOCK TABLES;

--
-- Table structure for table `TipoReglaNegocio`
--

DROP TABLE IF EXISTS `TipoReglaNegocio`;
/*!40101 SET @saved_cs_client     = @@character_set_client */;
/*!40101 SET character_set_client = utf8 */;
CREATE TABLE `TipoReglaNegocio` (
  `id` int(10) NOT NULL AUTO_INCREMENT,
  `nombre` varchar(45) NOT NULL,
  PRIMARY KEY (`id`),
  UNIQUE KEY `uniqueTipoReglaNegocio` (`nombre`)
) ENGINE=InnoDB AUTO_INCREMENT=11 DEFAULT CHARSET=latin1;
/*!40101 SET character_set_client = @saved_cs_client */;

--
-- Dumping data for table `TipoReglaNegocio`
--

LOCK TABLES `TipoReglaNegocio` WRITE;
/*!40000 ALTER TABLE `TipoReglaNegocio` DISABLE KEYS */;
INSERT INTO `TipoReglaNegocio` VALUES (2,'Comparación de atributos'),(4,'Datos obligatorios'),(9,'Formato correcto'),(7,'Formato de archivos'),(5,'Longitud correcta'),(10,'Otro'),(8,'Tamaño de archivos'),(6,'Tipo de dato correcto'),(3,'Unicidad de parámetros'),(1,'Verificación de catálogos');
/*!40000 ALTER TABLE `TipoReglaNegocio` ENABLE KEYS */;
UNLOCK TABLES;

--
-- Table structure for table `Trayectoria`
--

DROP TABLE IF EXISTS `Trayectoria`;
/*!40101 SET @saved_cs_client     = @@character_set_client */;
/*!40101 SET character_set_client = utf8 */;
CREATE TABLE `Trayectoria` (
  `id` int(10) NOT NULL AUTO_INCREMENT,
  `clave` varchar(5) NOT NULL,
  `alternativa` tinyint(1) NOT NULL,
  `condicion` varchar(500) DEFAULT NULL,
  `CasoUsoElementoid` int(11) NOT NULL,
  `finCasoUso` tinyint(1) NOT NULL,
  PRIMARY KEY (`id`),
  UNIQUE KEY `uniqueTrayectoria` (`clave`,`CasoUsoElementoid`),
  KEY `FKTrayectori243052` (`CasoUsoElementoid`),
  CONSTRAINT `FKTrayectori243052` FOREIGN KEY (`CasoUsoElementoid`) REFERENCES `CasoUso` (`Elementoid`) ON DELETE CASCADE ON UPDATE CASCADE
) ENGINE=InnoDB AUTO_INCREMENT=27 DEFAULT CHARSET=latin1;
/*!40101 SET character_set_client = @saved_cs_client */;

--
-- Dumping data for table `Trayectoria`
--

LOCK TABLES `Trayectoria` WRITE;
/*!40000 ALTER TABLE `Trayectoria` DISABLE KEYS */;
INSERT INTO `Trayectoria` VALUES (1,'TP',0,NULL,21,1),(2,'A',1,'No existe información base para el sistema.',21,1),(3,'B',1,'El actor desea cancelar la operación.',21,1),(4,'C',1,'El actor no ingresó algún dato marcado como obligatorio.',21,0),(5,'D',1,'El actor ingresó un nombre de actor repetido.',21,0),(6,'E',1,'El actor ingresó un nombre con caracteres inválidos.',21,0),(7,'F',1,'El actor ingresó un tipo de dato incorrecto.',21,0),(8,'G',1,'El actor proporciona un dato que excede la longitud máxima.',21,0),(9,'TP',0,NULL,30,1),(10,'A',1,'No existen registros de actores.',30,1),(11,'TP',0,NULL,39,1),(12,'A',1,'El actor no ingresó algún dato marcado como obligatorio.',39,0),(13,'B',1,'El actor proporciona un dato que excede la longitud máxima.',39,0),(14,'C',1,'Existe un error en los datos.',39,0),(15,'TP',0,NULL,41,1),(16,'A',1,'No existen registros de proyectos.',41,1),(17,'TP',0,'',42,1),(18,'A',1,'No existen registros de proyectos.',42,1),(19,'TP',0,'',47,1),(20,'A',1,'No existen registros de personas.',47,1),(21,'TP',0,'',48,1),(22,'A',1,'El actor desea cancelar la operación',48,1),(23,'B',1,'El actor no ingresó algún dato marcado como obligatorio.',48,0),(24,'C',1,'El actor ingresó una CURP repetida.',48,0),(25,'D',1,'El actor proporciona un dato que excede la longitud máxima.',48,0),(26,'E',1,'El actor ingresó un tipo de dato incorrecto.',48,0);
/*!40000 ALTER TABLE `Trayectoria` ENABLE KEYS */;
UNLOCK TABLES;

--
-- Table structure for table `UnidadTamanio`
--

DROP TABLE IF EXISTS `UnidadTamanio`;
/*!40101 SET @saved_cs_client     = @@character_set_client */;
/*!40101 SET character_set_client = utf8 */;
CREATE TABLE `UnidadTamanio` (
  `id` int(10) NOT NULL AUTO_INCREMENT,
  `nombre` varchar(45) NOT NULL,
  `abreviatura` varchar(10) NOT NULL,
  PRIMARY KEY (`id`),
  UNIQUE KEY `uniqueUnidadAbreviatura` (`abreviatura`),
  UNIQUE KEY `uniqueUnidadNombre` (`nombre`)
) ENGINE=InnoDB AUTO_INCREMENT=6 DEFAULT CHARSET=latin1;
/*!40101 SET character_set_client = @saved_cs_client */;

--
-- Dumping data for table `UnidadTamanio`
--

LOCK TABLES `UnidadTamanio` WRITE;
/*!40000 ALTER TABLE `UnidadTamanio` DISABLE KEYS */;
INSERT INTO `UnidadTamanio` VALUES (1,'Kilobyte','KB'),(2,'Megabyte','MB'),(3,'Gigabyte','GB'),(4,'Terabyte','TB'),(5,'Petabyte','PT');
/*!40000 ALTER TABLE `UnidadTamanio` ENABLE KEYS */;
UNLOCK TABLES;

--
-- Table structure for table `ValorEntrada`
--

DROP TABLE IF EXISTS `ValorEntrada`;
/*!40101 SET @saved_cs_client     = @@character_set_client */;
/*!40101 SET character_set_client = utf8 */;
CREATE TABLE `ValorEntrada` (
  `id` int(10) NOT NULL AUTO_INCREMENT,
  `Entradaid` int(11) NOT NULL,
  `ReglaNegocioElementoid` int(11) DEFAULT NULL,
  `valor` varchar(2000) NOT NULL,
  `valido` tinyint(1) NOT NULL,
  PRIMARY KEY (`id`),
  KEY `FKValorEntra57842` (`Entradaid`),
  KEY `FKValorEntra251968` (`ReglaNegocioElementoid`),
  CONSTRAINT `FKValorEntra251968` FOREIGN KEY (`ReglaNegocioElementoid`) REFERENCES `ReglaNegocio` (`Elementoid`) ON DELETE CASCADE ON UPDATE CASCADE,
  CONSTRAINT `FKValorEntra57842` FOREIGN KEY (`Entradaid`) REFERENCES `Entrada` (`id`) ON DELETE CASCADE ON UPDATE CASCADE
) ENGINE=InnoDB AUTO_INCREMENT=31 DEFAULT CHARSET=latin1;
/*!40101 SET character_set_client = @saved_cs_client */;

--
-- Dumping data for table `ValorEntrada`
--

LOCK TABLES `ValorEntrada` WRITE;
/*!40000 ALTER TABLE `ValorEntrada` DISABLE KEYS */;
INSERT INTO `ValorEntrada` VALUES (1,6,NULL,'admin',1),(2,5,NULL,'admin',1),(3,7,NULL,'1',1),(4,1,12,'aaaaaaaaaaaaaaaaaaaaaaaaaaaaaaaaaaaaaaaaaaaaaaaaaaaaaaaaaaaaaaaaaaaaaaaaaaaaaaaaaaaaaaaaaaaaaaaaaaaaaaaaaaaaaaaaaaaaaaaaaaaaaaaaaaaaaaaaaaaaaaaaaaaaaaaaaaaaaaaaaaaaaaaaaaaaaaaaaaaaaaaaaaaaaaaaaaaaaaaaa',0),(5,2,12,'aaaaaaaaaaaaaaaaaaaaaaaaaaaaaaaaaaaaaaaaaaaaaaaaaaaaaaaaaaaaaaaaaaaaaaaaaaaaaaaaaaaaaaaaaaaaaaaaaaaaaaaaaaaaaaaaaaaaaaaaaaaaaaaaaaaaaaaaaaaaaaaaaaaaaaaaaaaaaaaaaaaaaaaaaaaaaaaaaaaaaaaaaaaaaaaaaaaaaaaaaaaaaaaaaaaaaaaaaaaaaaaaaaaaaaaaaaaaaaaaaaaaaaaaaaaaaaaaaaaaaaaaaaaaaaaaaaaaaaaaaaaaaaaaaaaaaaaaaaaaaaaaaaaaaaaaaaaaaaaaaaaaaaaaaaaaaaaaaaaaaaaaaaaaaaaaaaaaaaaaaaaaaaaaaaaaaaaaaaaaaaaaaaaaaaaaaaaaaaaaaaaaaaaaaaaaaaaaaaaaaaaaaaaaaaaaaaaaaaaaaaaaaaaaaaaaaaaaaaaaaaaaaaaaaaaaaaaaaaaaaaaaaaaaaaaaaaaaaaaaaaaaaaaaaaaaaaaaaaaaaaaaaaaaaaaaaaaaaaaaaaaaaaaaaaaaaaaaaaaaaaaaaaaaaaaaaaaaaaaaaaaaaaaaaaaaaaaaaaaaaaaaaaaaaaaaaaaaaaaaaaaaaaaaaaaaaaaaaaaaaaaaaaaaaaaaaaaaaaaaaaaaaaaaaaaaaaaaaaaaaaaaaaaaaaaaaaaaaaaaaaaaaaaaaaaaaaaaaaaaaaaaaaaaaaaaaaaaaaaaaaaaaaaaaaaaaaaaaaaaaaaaaaaaaaaaaaaaaaaaaaaaaaaaaaaaaaaaaaaaaaaaaaaaaaaaaaaaaaaaaaaaaaaaaaaaaaaaaaaaaaaaaaaaaaaaaaaaaaaaaaaaaaaaaaaaaaaaaaaaaaaaaaaaaaaaaaaaaaaaaaaaaaaaaaaaaaaaaaaaaaaaaaaaaaaaaaaaaaaaaaaaaaaaaaaaaaaaaaaaaaaaaaaaaaaaaaaaaaaaaaaaaaaaaaaaaaaaaaaa',0),(6,3,12,'aaaaaaaaaaaaaaaaaaaaaaaaaaaaaaaaaaaaaaaaaaaaaaaaaaaaaaaaaaaaaaaaaaaaaaaaaaaaaaaaaaaaaaaaaaaaaaaaaaaaaaaaaaaaaaaaaaaaaaaaaaaaaaaaaaaaaaaaaaaaaaaaaaaaaaaaaaaaaaaaaaaaaaaaaaaaaaaaaaaaaaaaaaaaaaaaaaaaaaaaaaaaaaaaaaaaaaaaaaaaaaaaaaaaaaaaaaaaaaaaaaaaaaaaaaaaaaaaaaaaaaaaaaaaaaaaaaaaaaaaaaaaaaaaaaaaaaaaaaaaaaaaaaaaaaaaaaaaaaaaaaaaaaaaaaaaaaaaaaaaaaaaaaaaaaaaaaaaaaaaaaaaaaaaaaaaaaaaaaaaaaaaaaaaaaaaaaaaaaaaaaaaaaaaaaaaaaaaaaaaaaaaaaaaaaaaaaaaaaaaaaaaaaaaaaaaaaaaaaaaaaaaaaaaaaaaaaaaaaaaaaaaaaaaaaaaaaaaaaaaaaaaaaaaaaaaaaaaaaaaaaaaaaaaaaaaaaaaaaaaaaaaaaaaaaaaaaaaaaaaaaaaaaaaaaaaaaaaaaaaaaaaaaaaaaaaaaaaaaaaaaaaaaaaaaaaaaaaaaaaaaaaaaaaaaaaaaaaaaaaaaaaaaaaaaaaaaaaaaaaaaaaaaaaaaaaaaaaaaaaaaaaaaaaaaaaaaaaaaaaaaaaaaaaaaaaaaaaaaaaaaaaaaaaaaaaaaaaaaaaaaaaaaaaaaaaaaaaaaaaaaaaaaaaaaaaaaaaaaaaaaaaaaaaaaaaaaaaaaaaaaaaaaaaaaaaaaaaaaaaaaaaaaaaaaaaaaaaaaaaaaaaaaaaaaaaaaaaaaaaaaaaaaaaaaaaaaaaaaaaaaaaaaaaaaaaaaaaaaaaaaaaaaaaaaaaaaaaaaaaaaaaaaaaaaaaaaaaaaaaaaaaaaaaaaaaaaaaaaaaaaaaaaaaaaaaaaaaaaaaaaaaaaaaaaaaaaaaaaaa',0),(7,1,8,'',0),(8,2,8,'',0),(9,3,8,'',0),(10,1,NULL,'vsB',1),(11,2,NULL,'mo',1),(12,3,NULL,'exca',1),(13,4,NULL,'1',1),(14,14,12,'aaaaaaaaaaaaaaaaaaa',0),(15,15,12,'aaaaaaaaaaaaaaaaaaaaaaaaaaaaaaaaaaaaaaaaaaaaaa',0),(16,16,12,'aaaaaaaaaaaaaaaaaaaaaaaaaaaaaaaaaaaaaaaaaaaaaa',0),(17,17,12,'aaaaaaaaaaaaaaaaaaaaaaaaaaaaaaaaaaaaaaaaaaaaaa',0),(18,18,12,'aaaaaaaaaaaaaaaaaaaaaaaaaaaaaaaaaaaaaaaaaaaaaa',0),(19,19,12,'aaaaaaaaaaaaaaaaaaaaa',0),(20,14,8,'',0),(21,15,8,'',0),(22,16,8,'',0),(23,18,8,'',0),(24,19,8,'',0),(25,14,NULL,'HERR900909MDFRNT00',1),(26,15,NULL,'x',1),(27,16,NULL,'exUCRdMrGQxVQ',1),(28,17,NULL,'KM',1),(29,18,NULL,'Y',1),(30,19,NULL,'SGqFB',1);
/*!40000 ALTER TABLE `ValorEntrada` ENABLE KEYS */;
UNLOCK TABLES;

--
-- Table structure for table `ValorMensajeParametro`
--

DROP TABLE IF EXISTS `ValorMensajeParametro`;
/*!40101 SET @saved_cs_client     = @@character_set_client */;
/*!40101 SET character_set_client = utf8 */;
CREATE TABLE `ValorMensajeParametro` (
  `id` int(10) NOT NULL AUTO_INCREMENT,
  `Mensaje_Parametroid` int(10) NOT NULL,
  `valor` varchar(2000) NOT NULL,
  `ReferenciaParametroid` int(10) NOT NULL,
  PRIMARY KEY (`id`),
  KEY `FKValorMensa122543` (`Mensaje_Parametroid`),
  KEY `FKValorMensa215737` (`ReferenciaParametroid`),
  CONSTRAINT `FKValorMensa122543` FOREIGN KEY (`Mensaje_Parametroid`) REFERENCES `Mensaje_Parametro` (`id`) ON DELETE CASCADE ON UPDATE CASCADE,
  CONSTRAINT `FKValorMensa215737` FOREIGN KEY (`ReferenciaParametroid`) REFERENCES `ReferenciaParametro` (`id`) ON DELETE CASCADE ON UPDATE CASCADE
) ENGINE=InnoDB AUTO_INCREMENT=21 DEFAULT CHARSET=latin1;
/*!40101 SET character_set_client = @saved_cs_client */;

--
-- Dumping data for table `ValorMensajeParametro`
--

LOCK TABLES `ValorMensajeParametro` WRITE;
/*!40000 ALTER TABLE `ValorMensajeParametro` DISABLE KEYS */;
INSERT INTO `ValorMensajeParametro` VALUES (1,6,'x',40),(2,5,'x',40),(3,2,'x',21),(4,1,'x',21),(5,3,'x',21),(6,11,'x',34),(7,10,'x',34),(8,7,'x',31),(9,9,'x',31),(10,8,'x',31),(11,4,'x',37),(12,1,'DETERMINADO',147),(13,2,'ENTIDAD',147),(14,3,'OPERACIÓN',147),(15,5,'TAMAÑO',142),(16,6,'UNIDAD_TIPO_DATO',142),(17,9,'VALOR',138),(18,8,'ENTIDAD',138),(19,7,'DETERMINADO',138),(20,4,'TIPO_DATO',145);
/*!40000 ALTER TABLE `ValorMensajeParametro` ENABLE KEYS */;
UNLOCK TABLES;

--
-- Table structure for table `Verbo`
--

DROP TABLE IF EXISTS `Verbo`;
/*!40101 SET @saved_cs_client     = @@character_set_client */;
/*!40101 SET character_set_client = utf8 */;
CREATE TABLE `Verbo` (
  `id` int(10) NOT NULL AUTO_INCREMENT,
  `nombre` varchar(45) NOT NULL,
  PRIMARY KEY (`id`),
  UNIQUE KEY `uniqueVerbo` (`nombre`)
) ENGINE=InnoDB AUTO_INCREMENT=14 DEFAULT CHARSET=latin1;
/*!40101 SET character_set_client = @saved_cs_client */;

--
-- Dumping data for table `Verbo`
--

LOCK TABLES `Verbo` WRITE;
/*!40000 ALTER TABLE `Verbo` DISABLE KEYS */;
INSERT INTO `Verbo` VALUES (2,'Busca'),(8,'Calcula'),(9,'Continúa'),(11,'Elimina'),(4,'Ingresa'),(10,'Modifica'),(3,'Muestra'),(6,'Oprime'),(13,'Otro'),(7,'Registra'),(12,'Selecciona'),(1,'Solicita'),(5,'Verifica');
/*!40000 ALTER TABLE `Verbo` ENABLE KEYS */;
UNLOCK TABLES;
/*!40103 SET TIME_ZONE=@OLD_TIME_ZONE */;

/*!40101 SET SQL_MODE=@OLD_SQL_MODE */;
/*!40014 SET FOREIGN_KEY_CHECKS=@OLD_FOREIGN_KEY_CHECKS */;
/*!40014 SET UNIQUE_CHECKS=@OLD_UNIQUE_CHECKS */;
/*!40101 SET CHARACTER_SET_CLIENT=@OLD_CHARACTER_SET_CLIENT */;
/*!40101 SET CHARACTER_SET_RESULTS=@OLD_CHARACTER_SET_RESULTS */;
/*!40101 SET COLLATION_CONNECTION=@OLD_COLLATION_CONNECTION */;
/*!40111 SET SQL_NOTES=@OLD_SQL_NOTES */;

-- Dump completed on 2015-11-26 14:22:10
